order_id,order_date,order_time,city,pizza_name,category,size,quantity,price,delivery_time,payment_mode,customer_rating,total_amount
1,1/1/2024,0:00:00,Hyderabad,Veg Extravaganza,Veg,L,4,542,37,Card,1,2168
2,1/1/2024,1:00:00,Pune,Margherita,Veg,L,3,505,32,Wallet,4,1515
3,1/1/2024,2:00:00,Bangalore,Veg Extravaganza,Veg,M,1,515,36,UPI,2,515
4,1/1/2024,3:00:00,Pune,Veg Extravaganza,Veg,S,2,439,42,UPI,4,878
5,1/1/2024,4:00:00,Pune,Veg Extravaganza,Veg,S,4,258,44,UPI,4,1032
6,1/1/2024,5:00:00,Delhi,Margherita,Veg,M,2,214,35,UPI,4,428
7,1/1/2024,6:00:00,Bangalore,Margherita,Non-Veg,L,3,484,43,UPI,2,1452
8,1/1/2024,7:00:00,Bangalore,Chicken Dominator,Veg,M,2,402,50,UPI,4,804
9,1/1/2024,8:00:00,Bangalore,Farmhouse,Veg,M,1,436,30,Card,3,436
10,1/1/2024,9:00:00,Pune,Farmhouse,Non-Veg,L,4,495,42,UPI,1,1980
11,1/1/2024,10:00:00,Hyderabad,Chicken Dominator,Veg,L,3,486,58,Card,5,1458
12,1/1/2024,11:00:00,Bangalore,Chicken Dominator,Non-Veg,S,1,272,41,UPI,4,272
13,1/1/2024,12:00:00,Chennai,Pepper Barbecue,Veg,S,4,413,52,Wallet,3,1652
14,1/1/2024,13:00:00,Pune,Veg Extravaganza,Veg,M,3,210,37,Card,3,630
15,1/1/2024,14:00:00,Delhi,Chicken Dominator,Non-Veg,M,3,536,33,Cash,1,1608
16,1/1/2024,15:00:00,Hyderabad,Peppy Paneer,Veg,L,3,424,47,Cash,1,1272
17,1/1/2024,16:00:00,Chennai,Farmhouse,Non-Veg,S,3,517,30,Cash,5,1551
18,1/1/2024,17:00:00,Chennai,Chicken Dominator,Veg,S,2,402,43,Card,5,804
19,1/1/2024,18:00:00,Delhi,Peppy Paneer,Non-Veg,L,2,430,55,UPI,5,860
20,1/1/2024,19:00:00,Hyderabad,Peppy Paneer,Non-Veg,L,2,591,38,Card,2,1182
21,1/1/2024,20:00:00,Pune,Peppy Paneer,Veg,L,3,250,32,UPI,2,750
22,1/1/2024,21:00:00,Mumbai,Pepper Barbecue,Non-Veg,M,2,256,52,UPI,3,512
23,1/1/2024,22:00:00,Hyderabad,Pepper Barbecue,Veg,M,4,331,38,UPI,1,1324
24,1/1/2024,23:00:00,Delhi,Peppy Paneer,Non-Veg,S,3,479,51,UPI,4,1437
25,1/2/2024,0:00:00,Chennai,Pepper Barbecue,Veg,S,4,496,34,UPI,1,1984
26,1/2/2024,1:00:00,Pune,Veg Extravaganza,Non-Veg,M,4,504,30,UPI,2,2016
27,1/2/2024,2:00:00,Hyderabad,Peppy Paneer,Veg,M,2,424,42,UPI,3,848
28,1/2/2024,3:00:00,Mumbai,Veg Extravaganza,Veg,S,3,373,24,UPI,4,1119
29,1/2/2024,4:00:00,Mumbai,Veg Extravaganza,Non-Veg,L,2,491,41,UPI,5,982
30,1/2/2024,5:00:00,Bangalore,Peppy Paneer,Non-Veg,S,2,465,37,Cash,5,930
31,1/2/2024,6:00:00,Bangalore,Farmhouse,Veg,L,2,446,26,UPI,2,892
32,1/2/2024,7:00:00,Delhi,Peppy Paneer,Veg,S,3,277,52,Wallet,3,831
33,1/2/2024,8:00:00,Hyderabad,Peppy Paneer,Veg,L,3,334,22,UPI,1,1002
34,1/2/2024,9:00:00,Hyderabad,Pepper Barbecue,Veg,S,2,339,47,Cash,2,678
35,1/2/2024,10:00:00,Chennai,Peppy Paneer,Veg,L,4,541,20,UPI,1,2164
36,1/2/2024,11:00:00,Chennai,Farmhouse,Non-Veg,S,4,452,56,Wallet,4,1808
37,1/2/2024,12:00:00,Chennai,Pepper Barbecue,Veg,M,3,375,41,UPI,1,1125
38,1/2/2024,13:00:00,Bangalore,Margherita,Non-Veg,L,1,259,38,Card,4,259
39,1/2/2024,14:00:00,Hyderabad,Margherita,Non-Veg,S,2,551,33,UPI,3,1102
40,1/2/2024,15:00:00,Hyderabad,Veg Extravaganza,Veg,S,2,453,22,Card,2,906
41,1/2/2024,16:00:00,Mumbai,Veg Extravaganza,Veg,L,1,207,38,UPI,1,207
42,1/2/2024,17:00:00,Bangalore,Farmhouse,Veg,L,3,590,52,Card,3,1770
43,1/2/2024,18:00:00,Pune,Chicken Dominator,Veg,S,4,306,40,Card,3,1224
44,1/2/2024,19:00:00,Bangalore,Margherita,Non-Veg,S,3,370,20,Wallet,1,1110
45,1/2/2024,20:00:00,Pune,Veg Extravaganza,Veg,S,4,257,45,Card,5,1028
46,1/2/2024,21:00:00,Mumbai,Margherita,Non-Veg,S,4,536,29,UPI,5,2144
47,1/2/2024,22:00:00,Delhi,Farmhouse,Veg,L,3,541,54,UPI,4,1623
48,1/2/2024,23:00:00,Hyderabad,Farmhouse,Veg,M,2,489,32,Card,3,978
49,1/3/2024,0:00:00,Mumbai,Chicken Dominator,Veg,M,2,283,25,UPI,2,566
50,1/3/2024,1:00:00,Hyderabad,Chicken Dominator,Veg,L,2,316,25,Cash,2,632
51,1/3/2024,2:00:00,Chennai,Pepper Barbecue,Veg,M,4,399,54,UPI,3,1596
52,1/3/2024,3:00:00,Delhi,Farmhouse,Veg,M,2,221,35,Card,5,442
53,1/3/2024,4:00:00,Delhi,Veg Extravaganza,Non-Veg,M,4,418,27,Card,3,1672
54,1/3/2024,5:00:00,Mumbai,Margherita,Non-Veg,M,2,425,22,UPI,4,850
55,1/3/2024,6:00:00,Delhi,Peppy Paneer,Veg,M,3,470,24,Card,3,1410
56,1/3/2024,7:00:00,Pune,Chicken Dominator,Veg,S,1,588,40,UPI,1,588
57,1/3/2024,8:00:00,Delhi,Peppy Paneer,Veg,S,4,301,50,UPI,5,1204
58,1/3/2024,9:00:00,Hyderabad,Veg Extravaganza,Veg,S,3,344,33,Wallet,1,1032
59,1/3/2024,10:00:00,Hyderabad,Chicken Dominator,Veg,S,4,346,56,UPI,1,1384
60,1/3/2024,11:00:00,Hyderabad,Peppy Paneer,Veg,M,4,460,38,Card,3,1840
61,1/3/2024,12:00:00,Hyderabad,Veg Extravaganza,Veg,M,3,478,56,Card,3,1434
62,1/3/2024,13:00:00,Pune,Margherita,Veg,M,2,538,39,Card,2,1076
63,1/3/2024,14:00:00,Bangalore,Veg Extravaganza,Veg,S,4,213,21,UPI,1,852
64,1/3/2024,15:00:00,Chennai,Pepper Barbecue,Veg,M,1,465,26,Card,3,465
65,1/3/2024,16:00:00,Mumbai,Chicken Dominator,Non-Veg,S,1,486,52,UPI,2,486
66,1/3/2024,17:00:00,Hyderabad,Farmhouse,Veg,M,3,340,25,Card,1,1020
67,1/3/2024,18:00:00,Delhi,Margherita,Veg,L,1,582,26,Wallet,2,582
68,1/3/2024,19:00:00,Hyderabad,Peppy Paneer,Veg,S,3,492,37,UPI,5,1476
69,1/3/2024,20:00:00,Delhi,Chicken Dominator,Non-Veg,L,3,593,48,Cash,4,1779
70,1/3/2024,21:00:00,Chennai,Farmhouse,Non-Veg,L,4,230,38,UPI,1,920
71,1/3/2024,22:00:00,Chennai,Veg Extravaganza,Non-Veg,S,3,370,44,UPI,3,1110
72,1/3/2024,23:00:00,Chennai,Farmhouse,Veg,S,3,554,23,UPI,5,1662
73,1/4/2024,0:00:00,Delhi,Chicken Dominator,Veg,L,2,404,32,UPI,2,808
74,1/4/2024,1:00:00,Hyderabad,Chicken Dominator,Non-Veg,S,4,490,51,UPI,4,1960
75,1/4/2024,2:00:00,Chennai,Pepper Barbecue,Veg,L,1,310,46,UPI,1,310
76,1/4/2024,3:00:00,Pune,Pepper Barbecue,Veg,M,2,267,53,Card,4,534
77,1/4/2024,4:00:00,Delhi,Farmhouse,Non-Veg,S,2,382,47,UPI,5,764
78,1/4/2024,5:00:00,Delhi,Veg Extravaganza,Veg,S,4,572,28,UPI,4,2288
79,1/4/2024,6:00:00,Hyderabad,Farmhouse,Veg,M,4,395,27,UPI,1,1580
80,1/4/2024,7:00:00,Delhi,Chicken Dominator,Veg,M,2,325,40,Cash,5,650
81,1/4/2024,8:00:00,Delhi,Chicken Dominator,Veg,M,4,374,49,UPI,2,1496
82,1/4/2024,9:00:00,Chennai,Peppy Paneer,Veg,L,4,461,48,Wallet,1,1844
83,1/4/2024,10:00:00,Hyderabad,Pepper Barbecue,Non-Veg,L,3,574,28,UPI,4,1722
84,1/4/2024,11:00:00,Chennai,Peppy Paneer,Non-Veg,S,4,485,32,UPI,1,1940
85,1/4/2024,12:00:00,Chennai,Margherita,Veg,L,3,354,37,UPI,5,1062
86,1/4/2024,13:00:00,Hyderabad,Chicken Dominator,Non-Veg,L,2,268,57,UPI,4,536
87,1/4/2024,14:00:00,Mumbai,Peppy Paneer,Veg,L,2,307,41,Cash,2,614
88,1/4/2024,15:00:00,Chennai,Farmhouse,Veg,M,1,234,50,Card,3,234
89,1/4/2024,16:00:00,Pune,Pepper Barbecue,Non-Veg,L,4,558,54,UPI,2,2232
90,1/4/2024,17:00:00,Pune,Pepper Barbecue,Non-Veg,M,2,243,29,UPI,1,486
91,1/4/2024,18:00:00,Delhi,Veg Extravaganza,Non-Veg,M,3,342,28,UPI,3,1026
92,1/4/2024,19:00:00,Pune,Farmhouse,Non-Veg,L,2,410,50,Wallet,5,820
93,1/4/2024,20:00:00,Delhi,Veg Extravaganza,Non-Veg,S,4,484,59,Cash,4,1936
94,1/4/2024,21:00:00,Mumbai,Peppy Paneer,Non-Veg,S,1,205,43,UPI,4,205
95,1/4/2024,22:00:00,Hyderabad,Margherita,Veg,L,1,417,27,Card,5,417
96,1/4/2024,23:00:00,Hyderabad,Farmhouse,Non-Veg,S,2,226,39,Cash,1,452
97,1/5/2024,0:00:00,Hyderabad,Farmhouse,Non-Veg,L,1,426,36,Card,2,426
98,1/5/2024,1:00:00,Pune,Farmhouse,Non-Veg,L,4,483,47,Cash,3,1932
99,1/5/2024,2:00:00,Mumbai,Veg Extravaganza,Veg,S,4,588,25,Card,5,2352
100,1/5/2024,3:00:00,Pune,Peppy Paneer,Veg,M,1,255,52,UPI,1,255
101,1/5/2024,4:00:00,Pune,Farmhouse,Veg,L,3,567,47,Card,1,1701
102,1/5/2024,5:00:00,Mumbai,Farmhouse,Veg,M,1,509,20,Card,3,509
103,1/5/2024,6:00:00,Mumbai,Pepper Barbecue,Non-Veg,L,1,535,54,Card,5,535
104,1/5/2024,7:00:00,Mumbai,Margherita,Veg,L,2,304,43,UPI,2,608
105,1/5/2024,8:00:00,Mumbai,Pepper Barbecue,Veg,M,3,217,25,Card,2,651
106,1/5/2024,9:00:00,Hyderabad,Pepper Barbecue,Non-Veg,S,1,404,26,UPI,5,404
107,1/5/2024,10:00:00,Bangalore,Margherita,Veg,L,2,242,28,UPI,4,484
108,1/5/2024,11:00:00,Bangalore,Peppy Paneer,Veg,M,2,288,56,Card,2,576
109,1/5/2024,12:00:00,Mumbai,Pepper Barbecue,Veg,S,2,273,35,Card,4,546
110,1/5/2024,13:00:00,Bangalore,Peppy Paneer,Non-Veg,L,4,356,53,Card,5,1424
111,1/5/2024,14:00:00,Bangalore,Pepper Barbecue,Veg,L,2,465,54,Wallet,1,930
112,1/5/2024,15:00:00,Mumbai,Chicken Dominator,Non-Veg,M,2,333,54,Card,5,666
113,1/5/2024,16:00:00,Bangalore,Margherita,Veg,M,4,288,39,Card,1,1152
114,1/5/2024,17:00:00,Pune,Pepper Barbecue,Veg,M,4,435,42,Card,5,1740
115,1/5/2024,18:00:00,Delhi,Chicken Dominator,Veg,L,2,331,54,UPI,4,662
116,1/5/2024,19:00:00,Delhi,Veg Extravaganza,Non-Veg,L,1,428,42,Cash,4,428
117,1/5/2024,20:00:00,Mumbai,Chicken Dominator,Veg,L,3,233,23,UPI,5,699
118,1/5/2024,21:00:00,Hyderabad,Farmhouse,Veg,M,4,282,29,Card,1,1128
119,1/5/2024,22:00:00,Mumbai,Pepper Barbecue,Veg,L,3,331,30,UPI,5,993
120,1/5/2024,23:00:00,Hyderabad,Chicken Dominator,Non-Veg,L,4,553,59,UPI,1,2212
121,1/6/2024,0:00:00,Delhi,Peppy Paneer,Veg,S,2,403,28,UPI,4,806
122,1/6/2024,1:00:00,Mumbai,Veg Extravaganza,Non-Veg,S,4,486,59,Card,3,1944
123,1/6/2024,2:00:00,Chennai,Pepper Barbecue,Non-Veg,L,2,535,31,UPI,2,1070
124,1/6/2024,3:00:00,Pune,Farmhouse,Veg,S,3,515,36,UPI,4,1545
125,1/6/2024,4:00:00,Bangalore,Chicken Dominator,Veg,S,1,457,51,Card,5,457
126,1/6/2024,5:00:00,Hyderabad,Veg Extravaganza,Veg,S,2,491,42,UPI,5,982
127,1/6/2024,6:00:00,Chennai,Pepper Barbecue,Veg,M,3,324,34,UPI,1,972
128,1/6/2024,7:00:00,Bangalore,Veg Extravaganza,Veg,S,3,350,47,UPI,2,1050
129,1/6/2024,8:00:00,Bangalore,Farmhouse,Veg,M,4,558,57,Card,4,2232
130,1/6/2024,9:00:00,Mumbai,Chicken Dominator,Veg,L,2,446,24,Card,2,892
131,1/6/2024,10:00:00,Bangalore,Veg Extravaganza,Veg,L,3,374,59,Cash,2,1122
132,1/6/2024,11:00:00,Pune,Veg Extravaganza,Veg,L,1,571,37,UPI,4,571
133,1/6/2024,12:00:00,Chennai,Margherita,Veg,S,4,556,40,UPI,1,2224
134,1/6/2024,13:00:00,Bangalore,Veg Extravaganza,Non-Veg,L,4,501,34,UPI,1,2004
135,1/6/2024,14:00:00,Mumbai,Margherita,Non-Veg,L,3,279,22,Wallet,1,837
136,1/6/2024,15:00:00,Pune,Chicken Dominator,Non-Veg,M,2,306,45,Card,3,612
137,1/6/2024,16:00:00,Delhi,Pepper Barbecue,Veg,S,4,499,34,Card,2,1996
138,1/6/2024,17:00:00,Chennai,Pepper Barbecue,Veg,M,2,504,39,Wallet,3,1008
139,1/6/2024,18:00:00,Bangalore,Chicken Dominator,Veg,L,3,543,40,UPI,1,1629
140,1/6/2024,19:00:00,Mumbai,Chicken Dominator,Veg,M,3,257,45,UPI,4,771
141,1/6/2024,20:00:00,Delhi,Peppy Paneer,Veg,L,2,290,42,Card,2,580
142,1/6/2024,21:00:00,Delhi,Chicken Dominator,Non-Veg,M,1,334,44,Cash,4,334
143,1/6/2024,22:00:00,Hyderabad,Veg Extravaganza,Veg,M,4,549,23,Card,5,2196
144,1/6/2024,23:00:00,Pune,Pepper Barbecue,Veg,L,3,368,29,Cash,2,1104
145,1/7/2024,0:00:00,Bangalore,Farmhouse,Non-Veg,S,1,533,41,Card,4,533
146,1/7/2024,1:00:00,Mumbai,Pepper Barbecue,Veg,M,1,321,22,Cash,1,321
147,1/7/2024,2:00:00,Hyderabad,Margherita,Veg,L,2,435,38,Card,3,870
148,1/7/2024,3:00:00,Pune,Pepper Barbecue,Veg,L,2,598,50,UPI,4,1196
149,1/7/2024,4:00:00,Hyderabad,Peppy Paneer,Veg,S,2,275,28,Card,5,550
150,1/7/2024,5:00:00,Chennai,Chicken Dominator,Non-Veg,S,1,508,48,Card,1,508
151,1/7/2024,6:00:00,Pune,Chicken Dominator,Veg,M,4,222,56,Card,5,888
152,1/7/2024,7:00:00,Pune,Pepper Barbecue,Veg,L,2,532,26,UPI,3,1064
153,1/7/2024,8:00:00,Bangalore,Farmhouse,Non-Veg,M,4,272,57,UPI,5,1088
154,1/7/2024,9:00:00,Pune,Farmhouse,Non-Veg,M,2,287,43,UPI,4,574
155,1/7/2024,10:00:00,Hyderabad,Peppy Paneer,Non-Veg,S,1,302,27,Wallet,4,302
156,1/7/2024,11:00:00,Pune,Margherita,Non-Veg,L,4,293,53,UPI,1,1172
157,1/7/2024,12:00:00,Bangalore,Pepper Barbecue,Veg,L,4,515,45,Card,3,2060
158,1/7/2024,13:00:00,Bangalore,Chicken Dominator,Veg,L,1,465,47,Card,3,465
159,1/7/2024,14:00:00,Chennai,Pepper Barbecue,Veg,M,4,452,47,Cash,2,1808
160,1/7/2024,15:00:00,Hyderabad,Peppy Paneer,Veg,L,1,557,26,Cash,2,557
161,1/7/2024,16:00:00,Delhi,Veg Extravaganza,Non-Veg,M,1,257,22,Wallet,4,257
162,1/7/2024,17:00:00,Delhi,Veg Extravaganza,Non-Veg,M,3,598,41,Card,5,1794
163,1/7/2024,18:00:00,Pune,Peppy Paneer,Veg,L,2,208,57,Cash,5,416
164,1/7/2024,19:00:00,Chennai,Chicken Dominator,Veg,S,3,212,37,UPI,1,636
165,1/7/2024,20:00:00,Mumbai,Peppy Paneer,Veg,M,1,592,31,UPI,3,592
166,1/7/2024,21:00:00,Pune,Chicken Dominator,Non-Veg,L,1,330,50,Cash,4,330
167,1/7/2024,22:00:00,Chennai,Farmhouse,Veg,M,4,421,58,UPI,5,1684
168,1/7/2024,23:00:00,Hyderabad,Peppy Paneer,Non-Veg,S,1,528,24,Cash,2,528
169,1/8/2024,0:00:00,Hyderabad,Chicken Dominator,Non-Veg,M,1,571,48,UPI,4,571
170,1/8/2024,1:00:00,Hyderabad,Peppy Paneer,Non-Veg,M,1,352,55,UPI,1,352
171,1/8/2024,2:00:00,Hyderabad,Peppy Paneer,Non-Veg,L,2,580,33,UPI,4,1160
172,1/8/2024,3:00:00,Hyderabad,Chicken Dominator,Non-Veg,S,3,566,37,Card,5,1698
173,1/8/2024,4:00:00,Chennai,Chicken Dominator,Veg,L,3,270,26,UPI,1,810
174,1/8/2024,5:00:00,Chennai,Margherita,Veg,S,2,544,42,UPI,2,1088
175,1/8/2024,6:00:00,Bangalore,Peppy Paneer,Veg,S,2,219,52,Cash,2,438
176,1/8/2024,7:00:00,Delhi,Veg Extravaganza,Veg,S,2,280,35,Wallet,5,560
177,1/8/2024,8:00:00,Hyderabad,Peppy Paneer,Non-Veg,L,3,427,56,UPI,1,1281
178,1/8/2024,9:00:00,Mumbai,Peppy Paneer,Veg,S,3,545,44,Card,2,1635
179,1/8/2024,10:00:00,Chennai,Chicken Dominator,Non-Veg,L,1,218,28,Card,1,218
180,1/8/2024,11:00:00,Mumbai,Peppy Paneer,Veg,M,3,364,47,UPI,4,1092
181,1/8/2024,12:00:00,Mumbai,Pepper Barbecue,Veg,L,4,567,28,Card,3,2268
182,1/8/2024,13:00:00,Mumbai,Peppy Paneer,Non-Veg,L,3,586,31,Card,3,1758
183,1/8/2024,14:00:00,Bangalore,Pepper Barbecue,Veg,L,2,306,37,Card,3,612
184,1/8/2024,15:00:00,Chennai,Veg Extravaganza,Veg,L,3,576,46,Cash,2,1728
185,1/8/2024,16:00:00,Mumbai,Chicken Dominator,Veg,M,1,547,45,Card,5,547
186,1/8/2024,17:00:00,Hyderabad,Peppy Paneer,Non-Veg,L,3,413,45,UPI,3,1239
187,1/8/2024,18:00:00,Pune,Pepper Barbecue,Veg,S,2,438,29,Card,5,876
188,1/8/2024,19:00:00,Mumbai,Pepper Barbecue,Veg,S,4,346,36,Card,3,1384
189,1/8/2024,20:00:00,Bangalore,Pepper Barbecue,Veg,M,2,380,51,Card,4,760
190,1/8/2024,21:00:00,Chennai,Farmhouse,Non-Veg,M,4,535,43,Card,3,2140
191,1/8/2024,22:00:00,Bangalore,Margherita,Non-Veg,M,1,397,27,Card,5,397
192,1/8/2024,23:00:00,Mumbai,Veg Extravaganza,Veg,M,1,486,49,UPI,2,486
193,1/9/2024,0:00:00,Chennai,Peppy Paneer,Veg,M,3,252,45,UPI,4,756
194,1/9/2024,1:00:00,Pune,Farmhouse,Non-Veg,M,1,568,43,Card,5,568
195,1/9/2024,2:00:00,Mumbai,Peppy Paneer,Veg,S,1,439,46,Cash,1,439
196,1/9/2024,3:00:00,Bangalore,Peppy Paneer,Veg,L,2,489,34,UPI,3,978
197,1/9/2024,4:00:00,Delhi,Chicken Dominator,Veg,L,2,486,47,UPI,4,972
198,1/9/2024,5:00:00,Hyderabad,Chicken Dominator,Non-Veg,L,3,387,30,Card,2,1161
199,1/9/2024,6:00:00,Bangalore,Chicken Dominator,Veg,M,3,594,58,UPI,1,1782
200,1/9/2024,7:00:00,Chennai,Farmhouse,Veg,M,3,205,21,UPI,3,615
201,1/9/2024,8:00:00,Mumbai,Peppy Paneer,Non-Veg,L,3,482,28,Card,4,1446
202,1/9/2024,9:00:00,Hyderabad,Margherita,Non-Veg,L,2,462,42,UPI,5,924
203,1/9/2024,10:00:00,Mumbai,Veg Extravaganza,Veg,L,3,248,52,UPI,3,744
204,1/9/2024,11:00:00,Chennai,Chicken Dominator,Veg,M,3,551,38,UPI,4,1653
205,1/9/2024,12:00:00,Mumbai,Chicken Dominator,Non-Veg,M,1,399,32,Cash,3,399
206,1/9/2024,13:00:00,Delhi,Peppy Paneer,Non-Veg,L,3,259,33,UPI,4,777
207,1/9/2024,14:00:00,Hyderabad,Peppy Paneer,Non-Veg,S,4,232,51,Card,5,928
208,1/9/2024,15:00:00,Hyderabad,Farmhouse,Veg,M,1,502,41,Card,3,502
209,1/9/2024,16:00:00,Chennai,Farmhouse,Veg,L,2,443,39,Card,4,886
210,1/9/2024,17:00:00,Delhi,Chicken Dominator,Non-Veg,L,4,371,52,UPI,1,1484
211,1/9/2024,18:00:00,Bangalore,Peppy Paneer,Non-Veg,M,3,406,24,Card,2,1218
212,1/9/2024,19:00:00,Mumbai,Margherita,Veg,M,1,574,39,UPI,4,574
213,1/9/2024,20:00:00,Pune,Veg Extravaganza,Veg,L,3,482,33,UPI,4,1446
214,1/9/2024,21:00:00,Mumbai,Peppy Paneer,Non-Veg,M,1,221,46,UPI,4,221
215,1/9/2024,22:00:00,Mumbai,Peppy Paneer,Veg,L,3,246,45,UPI,3,738
216,1/9/2024,23:00:00,Bangalore,Pepper Barbecue,Veg,L,4,548,51,Cash,2,2192
217,1/10/2024,0:00:00,Mumbai,Farmhouse,Veg,L,2,357,49,Card,3,714
218,1/10/2024,1:00:00,Delhi,Veg Extravaganza,Veg,L,4,457,46,UPI,4,1828
219,1/10/2024,2:00:00,Delhi,Chicken Dominator,Veg,M,4,342,45,Wallet,4,1368
220,1/10/2024,3:00:00,Hyderabad,Peppy Paneer,Non-Veg,M,2,246,37,UPI,2,492
221,1/10/2024,4:00:00,Chennai,Chicken Dominator,Veg,M,1,226,42,Card,1,226
222,1/10/2024,5:00:00,Pune,Peppy Paneer,Veg,S,1,226,43,Cash,3,226
223,1/10/2024,6:00:00,Mumbai,Chicken Dominator,Veg,S,2,596,23,Cash,1,1192
224,1/10/2024,7:00:00,Mumbai,Veg Extravaganza,Veg,S,3,344,22,UPI,4,1032
225,1/10/2024,8:00:00,Bangalore,Farmhouse,Veg,L,1,274,49,Card,4,274
226,1/10/2024,9:00:00,Chennai,Veg Extravaganza,Veg,S,4,386,35,UPI,5,1544
227,1/10/2024,10:00:00,Delhi,Pepper Barbecue,Non-Veg,S,2,209,26,UPI,5,418
228,1/10/2024,11:00:00,Pune,Margherita,Veg,S,4,320,58,Card,1,1280
229,1/10/2024,12:00:00,Hyderabad,Farmhouse,Veg,M,1,488,41,Cash,5,488
230,1/10/2024,13:00:00,Delhi,Veg Extravaganza,Veg,S,2,364,50,UPI,2,728
231,1/10/2024,14:00:00,Chennai,Pepper Barbecue,Veg,M,2,581,32,UPI,1,1162
232,1/10/2024,15:00:00,Hyderabad,Margherita,Non-Veg,S,1,463,48,UPI,5,463
233,1/10/2024,16:00:00,Bangalore,Pepper Barbecue,Veg,L,1,360,47,UPI,5,360
234,1/10/2024,17:00:00,Bangalore,Peppy Paneer,Non-Veg,L,2,590,38,UPI,2,1180
235,1/10/2024,18:00:00,Mumbai,Peppy Paneer,Veg,L,3,526,42,Wallet,2,1578
236,1/10/2024,19:00:00,Chennai,Chicken Dominator,Non-Veg,M,2,590,27,UPI,1,1180
237,1/10/2024,20:00:00,Pune,Farmhouse,Veg,M,3,496,44,UPI,3,1488
238,1/10/2024,21:00:00,Hyderabad,Peppy Paneer,Non-Veg,M,4,317,57,Card,2,1268
239,1/10/2024,22:00:00,Delhi,Pepper Barbecue,Veg,M,3,510,57,Cash,5,1530
240,1/10/2024,23:00:00,Chennai,Farmhouse,Veg,M,3,462,54,Cash,1,1386
241,1/11/2024,0:00:00,Chennai,Peppy Paneer,Non-Veg,S,1,283,45,Card,3,283
242,1/11/2024,1:00:00,Bangalore,Chicken Dominator,Non-Veg,L,2,345,22,UPI,1,690
243,1/11/2024,2:00:00,Mumbai,Veg Extravaganza,Veg,S,4,370,21,Cash,5,1480
244,1/11/2024,3:00:00,Mumbai,Chicken Dominator,Veg,M,2,533,24,Card,3,1066
245,1/11/2024,4:00:00,Hyderabad,Margherita,Veg,M,3,508,39,Card,3,1524
246,1/11/2024,5:00:00,Bangalore,Peppy Paneer,Non-Veg,M,3,213,31,Wallet,2,639
247,1/11/2024,6:00:00,Chennai,Margherita,Veg,L,3,348,57,Cash,4,1044
248,1/11/2024,7:00:00,Pune,Margherita,Veg,M,2,568,35,Cash,5,1136
249,1/11/2024,8:00:00,Bangalore,Pepper Barbecue,Non-Veg,M,3,450,56,UPI,4,1350
250,1/11/2024,9:00:00,Hyderabad,Farmhouse,Non-Veg,M,2,256,57,Card,5,512
251,1/11/2024,10:00:00,Hyderabad,Pepper Barbecue,Non-Veg,S,4,546,55,Wallet,1,2184
252,1/11/2024,11:00:00,Bangalore,Peppy Paneer,Non-Veg,M,4,501,48,Card,4,2004
253,1/11/2024,12:00:00,Hyderabad,Margherita,Non-Veg,L,2,546,54,UPI,3,1092
254,1/11/2024,13:00:00,Bangalore,Veg Extravaganza,Veg,L,4,332,56,Card,2,1328
255,1/11/2024,14:00:00,Delhi,Margherita,Veg,L,1,369,40,UPI,5,369
256,1/11/2024,15:00:00,Bangalore,Veg Extravaganza,Non-Veg,S,3,301,40,Card,2,903
257,1/11/2024,16:00:00,Bangalore,Pepper Barbecue,Veg,S,3,305,47,Cash,5,915
258,1/11/2024,17:00:00,Hyderabad,Pepper Barbecue,Non-Veg,M,3,370,25,UPI,3,1110
259,1/11/2024,18:00:00,Hyderabad,Farmhouse,Veg,L,1,327,39,UPI,3,327
260,1/11/2024,19:00:00,Mumbai,Margherita,Veg,L,3,449,55,UPI,3,1347
261,1/11/2024,20:00:00,Mumbai,Chicken Dominator,Non-Veg,L,2,231,32,Cash,3,462
262,1/11/2024,21:00:00,Delhi,Pepper Barbecue,Non-Veg,M,3,415,59,Card,3,1245
263,1/11/2024,22:00:00,Mumbai,Pepper Barbecue,Veg,S,2,461,30,Card,2,922
264,1/11/2024,23:00:00,Bangalore,Farmhouse,Non-Veg,S,4,529,43,Card,1,2116
265,1/12/2024,0:00:00,Hyderabad,Veg Extravaganza,Non-Veg,S,2,443,38,UPI,4,886
266,1/12/2024,1:00:00,Mumbai,Farmhouse,Veg,M,2,590,42,UPI,2,1180
267,1/12/2024,2:00:00,Mumbai,Margherita,Veg,S,2,484,50,Card,4,968
268,1/12/2024,3:00:00,Delhi,Peppy Paneer,Non-Veg,L,3,489,56,Wallet,1,1467
269,1/12/2024,4:00:00,Chennai,Peppy Paneer,Non-Veg,M,1,462,56,UPI,5,462
270,1/12/2024,5:00:00,Delhi,Veg Extravaganza,Veg,M,1,536,22,UPI,1,536
271,1/12/2024,6:00:00,Bangalore,Pepper Barbecue,Non-Veg,S,2,532,53,UPI,1,1064
272,1/12/2024,7:00:00,Hyderabad,Veg Extravaganza,Non-Veg,S,3,513,48,Card,5,1539
273,1/12/2024,8:00:00,Delhi,Pepper Barbecue,Veg,L,1,284,22,UPI,4,284
274,1/12/2024,9:00:00,Mumbai,Pepper Barbecue,Non-Veg,M,4,528,34,Wallet,3,2112
275,1/12/2024,10:00:00,Hyderabad,Peppy Paneer,Veg,M,4,244,26,UPI,5,976
276,1/12/2024,11:00:00,Hyderabad,Veg Extravaganza,Veg,L,3,502,22,UPI,5,1506
277,1/12/2024,12:00:00,Mumbai,Farmhouse,Non-Veg,M,4,532,35,UPI,1,2128
278,1/12/2024,13:00:00,Delhi,Pepper Barbecue,Non-Veg,M,4,399,53,Cash,5,1596
279,1/12/2024,14:00:00,Mumbai,Chicken Dominator,Non-Veg,L,4,400,39,UPI,2,1600
280,1/12/2024,15:00:00,Chennai,Chicken Dominator,Veg,L,1,528,58,Card,3,528
281,1/12/2024,16:00:00,Hyderabad,Farmhouse,Veg,M,4,367,52,UPI,1,1468
282,1/12/2024,17:00:00,Pune,Chicken Dominator,Veg,M,2,439,33,Card,4,878
283,1/12/2024,18:00:00,Pune,Margherita,Veg,M,2,571,54,UPI,4,1142
284,1/12/2024,19:00:00,Bangalore,Pepper Barbecue,Veg,L,4,485,30,Card,4,1940
285,1/12/2024,20:00:00,Mumbai,Farmhouse,Veg,M,2,389,39,UPI,4,778
286,1/12/2024,21:00:00,Mumbai,Veg Extravaganza,Veg,L,1,270,49,Wallet,4,270
287,1/12/2024,22:00:00,Bangalore,Pepper Barbecue,Non-Veg,L,3,344,47,Cash,1,1032
288,1/12/2024,23:00:00,Bangalore,Farmhouse,Veg,L,2,558,34,UPI,2,1116
289,1/13/2024,0:00:00,Bangalore,Peppy Paneer,Veg,S,4,588,57,Wallet,2,2352
290,1/13/2024,1:00:00,Hyderabad,Veg Extravaganza,Veg,S,3,408,32,UPI,4,1224
291,1/13/2024,2:00:00,Chennai,Peppy Paneer,Veg,S,3,559,54,Cash,2,1677
292,1/13/2024,3:00:00,Mumbai,Pepper Barbecue,Veg,L,4,577,43,UPI,3,2308
293,1/13/2024,4:00:00,Hyderabad,Veg Extravaganza,Veg,M,2,584,20,UPI,2,1168
294,1/13/2024,5:00:00,Bangalore,Chicken Dominator,Non-Veg,S,1,407,43,UPI,5,407
295,1/13/2024,6:00:00,Mumbai,Farmhouse,Veg,S,2,421,46,Card,4,842
296,1/13/2024,7:00:00,Hyderabad,Pepper Barbecue,Non-Veg,M,2,486,37,UPI,5,972
297,1/13/2024,8:00:00,Chennai,Margherita,Non-Veg,S,1,362,45,Card,5,362
298,1/13/2024,9:00:00,Hyderabad,Veg Extravaganza,Non-Veg,S,3,564,48,UPI,4,1692
299,1/13/2024,10:00:00,Chennai,Veg Extravaganza,Veg,M,1,271,27,Card,1,271
300,1/13/2024,11:00:00,Bangalore,Pepper Barbecue,Non-Veg,S,1,439,45,Card,2,439
301,1/13/2024,12:00:00,Chennai,Pepper Barbecue,Veg,S,4,326,24,Card,3,1304
302,1/13/2024,13:00:00,Mumbai,Peppy Paneer,Veg,L,4,284,52,Card,1,1136
303,1/13/2024,14:00:00,Bangalore,Chicken Dominator,Non-Veg,L,2,214,59,UPI,3,428
304,1/13/2024,15:00:00,Mumbai,Peppy Paneer,Non-Veg,M,4,447,24,UPI,4,1788
305,1/13/2024,16:00:00,Pune,Peppy Paneer,Veg,S,1,511,55,UPI,2,511
306,1/13/2024,17:00:00,Delhi,Chicken Dominator,Veg,L,1,482,32,Wallet,1,482
307,1/13/2024,18:00:00,Chennai,Margherita,Veg,M,4,201,36,Card,4,804
308,1/13/2024,19:00:00,Delhi,Peppy Paneer,Veg,S,4,273,32,Card,1,1092
309,1/13/2024,20:00:00,Delhi,Peppy Paneer,Veg,S,4,263,44,Cash,5,1052
310,1/13/2024,21:00:00,Chennai,Veg Extravaganza,Non-Veg,S,1,460,21,Wallet,2,460
311,1/13/2024,22:00:00,Bangalore,Chicken Dominator,Non-Veg,M,3,546,43,Card,2,1638
312,1/13/2024,23:00:00,Pune,Farmhouse,Non-Veg,L,3,523,55,Card,4,1569
313,1/14/2024,0:00:00,Mumbai,Margherita,Veg,L,4,438,44,Cash,4,1752
314,1/14/2024,1:00:00,Hyderabad,Margherita,Non-Veg,M,2,596,53,Cash,4,1192
315,1/14/2024,2:00:00,Mumbai,Chicken Dominator,Non-Veg,M,2,536,31,Card,2,1072
316,1/14/2024,3:00:00,Hyderabad,Pepper Barbecue,Non-Veg,M,3,540,38,Card,5,1620
317,1/14/2024,4:00:00,Mumbai,Pepper Barbecue,Veg,M,4,478,49,Card,2,1912
318,1/14/2024,5:00:00,Chennai,Veg Extravaganza,Veg,S,1,552,56,UPI,4,552
319,1/14/2024,6:00:00,Pune,Veg Extravaganza,Veg,M,2,579,20,Cash,3,1158
320,1/14/2024,7:00:00,Hyderabad,Chicken Dominator,Veg,L,2,400,22,Card,5,800
321,1/14/2024,8:00:00,Bangalore,Veg Extravaganza,Non-Veg,M,1,492,45,UPI,2,492
322,1/14/2024,9:00:00,Mumbai,Margherita,Non-Veg,L,1,485,34,UPI,3,485
323,1/14/2024,10:00:00,Mumbai,Margherita,Veg,M,4,420,47,Cash,5,1680
324,1/14/2024,11:00:00,Hyderabad,Farmhouse,Veg,M,1,361,23,Card,2,361
325,1/14/2024,12:00:00,Bangalore,Pepper Barbecue,Veg,S,1,382,38,UPI,4,382
326,1/14/2024,13:00:00,Bangalore,Chicken Dominator,Veg,M,1,572,43,UPI,2,572
327,1/14/2024,14:00:00,Chennai,Peppy Paneer,Veg,L,3,464,59,Card,5,1392
328,1/14/2024,15:00:00,Chennai,Pepper Barbecue,Non-Veg,M,1,331,25,UPI,4,331
329,1/14/2024,16:00:00,Chennai,Peppy Paneer,Veg,S,2,521,35,Card,1,1042
330,1/14/2024,17:00:00,Chennai,Farmhouse,Non-Veg,S,4,319,51,Card,3,1276
331,1/14/2024,18:00:00,Chennai,Farmhouse,Veg,M,4,579,49,Card,4,2316
332,1/14/2024,19:00:00,Chennai,Veg Extravaganza,Veg,M,4,418,54,Wallet,4,1672
333,1/14/2024,20:00:00,Pune,Farmhouse,Veg,M,3,359,27,UPI,5,1077
334,1/14/2024,21:00:00,Bangalore,Farmhouse,Non-Veg,L,2,499,24,UPI,5,998
335,1/14/2024,22:00:00,Chennai,Peppy Paneer,Veg,L,1,308,56,UPI,3,308
336,1/14/2024,23:00:00,Bangalore,Veg Extravaganza,Non-Veg,M,2,437,31,UPI,5,874
337,1/15/2024,0:00:00,Bangalore,Farmhouse,Veg,S,4,492,44,UPI,4,1968
338,1/15/2024,1:00:00,Delhi,Pepper Barbecue,Non-Veg,S,1,266,52,Card,3,266
339,1/15/2024,2:00:00,Pune,Farmhouse,Non-Veg,M,4,515,58,UPI,3,2060
340,1/15/2024,3:00:00,Chennai,Veg Extravaganza,Veg,L,4,386,43,Wallet,2,1544
341,1/15/2024,4:00:00,Mumbai,Chicken Dominator,Non-Veg,L,4,235,30,UPI,4,940
342,1/15/2024,5:00:00,Hyderabad,Veg Extravaganza,Veg,M,2,248,54,Card,4,496
343,1/15/2024,6:00:00,Mumbai,Peppy Paneer,Non-Veg,S,2,455,59,Wallet,5,910
344,1/15/2024,7:00:00,Pune,Chicken Dominator,Veg,L,4,306,20,UPI,4,1224
345,1/15/2024,8:00:00,Hyderabad,Pepper Barbecue,Veg,L,4,207,27,UPI,5,828
346,1/15/2024,9:00:00,Pune,Margherita,Non-Veg,M,1,435,42,Card,4,435
347,1/15/2024,10:00:00,Bangalore,Veg Extravaganza,Non-Veg,S,4,377,39,Card,2,1508
348,1/15/2024,11:00:00,Hyderabad,Peppy Paneer,Veg,M,4,441,51,Card,4,1764
349,1/15/2024,12:00:00,Bangalore,Pepper Barbecue,Non-Veg,L,4,240,30,UPI,2,960
350,1/15/2024,13:00:00,Mumbai,Chicken Dominator,Veg,M,4,556,26,Card,4,2224
351,1/15/2024,14:00:00,Mumbai,Pepper Barbecue,Veg,L,2,444,49,Card,4,888
352,1/15/2024,15:00:00,Hyderabad,Veg Extravaganza,Non-Veg,S,4,312,58,UPI,1,1248
353,1/15/2024,16:00:00,Hyderabad,Farmhouse,Veg,S,3,564,32,Wallet,4,1692
354,1/15/2024,17:00:00,Chennai,Veg Extravaganza,Veg,S,4,455,22,Card,2,1820
355,1/15/2024,18:00:00,Pune,Margherita,Non-Veg,L,2,365,26,Card,3,730
356,1/15/2024,19:00:00,Chennai,Veg Extravaganza,Veg,M,3,541,32,Cash,2,1623
357,1/15/2024,20:00:00,Pune,Chicken Dominator,Non-Veg,L,3,277,56,Card,4,831
358,1/15/2024,21:00:00,Chennai,Chicken Dominator,Veg,S,4,406,44,UPI,5,1624
359,1/15/2024,22:00:00,Bangalore,Veg Extravaganza,Veg,L,4,510,42,Card,1,2040
360,1/15/2024,23:00:00,Hyderabad,Chicken Dominator,Veg,L,2,565,52,Cash,5,1130
361,1/16/2024,0:00:00,Mumbai,Farmhouse,Non-Veg,S,3,395,24,Card,1,1185
362,1/16/2024,1:00:00,Pune,Pepper Barbecue,Non-Veg,L,3,520,51,Wallet,1,1560
363,1/16/2024,2:00:00,Pune,Veg Extravaganza,Veg,S,2,263,49,UPI,5,526
364,1/16/2024,3:00:00,Mumbai,Farmhouse,Veg,S,4,339,50,UPI,4,1356
365,1/16/2024,4:00:00,Chennai,Pepper Barbecue,Non-Veg,S,1,573,32,Card,2,573
366,1/16/2024,5:00:00,Pune,Pepper Barbecue,Veg,L,1,241,24,Card,5,241
367,1/16/2024,6:00:00,Bangalore,Farmhouse,Non-Veg,L,3,572,42,UPI,3,1716
368,1/16/2024,7:00:00,Hyderabad,Peppy Paneer,Veg,M,3,505,20,Cash,1,1515
369,1/16/2024,8:00:00,Mumbai,Veg Extravaganza,Non-Veg,L,4,408,29,UPI,2,1632
370,1/16/2024,9:00:00,Hyderabad,Pepper Barbecue,Veg,M,1,503,46,UPI,3,503
371,1/16/2024,10:00:00,Pune,Pepper Barbecue,Non-Veg,L,3,272,27,Wallet,2,816
372,1/16/2024,11:00:00,Pune,Chicken Dominator,Non-Veg,S,4,591,22,UPI,4,2364
373,1/16/2024,12:00:00,Mumbai,Pepper Barbecue,Veg,M,1,352,38,Wallet,3,352
374,1/16/2024,13:00:00,Bangalore,Farmhouse,Veg,M,2,334,21,UPI,5,668
375,1/16/2024,14:00:00,Delhi,Pepper Barbecue,Non-Veg,S,3,561,50,UPI,2,1683
376,1/16/2024,15:00:00,Mumbai,Peppy Paneer,Non-Veg,M,2,463,29,Cash,5,926
377,1/16/2024,16:00:00,Delhi,Veg Extravaganza,Veg,M,1,415,35,Cash,5,415
378,1/16/2024,17:00:00,Chennai,Veg Extravaganza,Veg,S,4,408,56,Card,2,1632
379,1/16/2024,18:00:00,Delhi,Pepper Barbecue,Non-Veg,L,4,403,39,UPI,2,1612
380,1/16/2024,19:00:00,Bangalore,Margherita,Veg,S,1,309,22,Card,1,309
381,1/16/2024,20:00:00,Chennai,Margherita,Non-Veg,L,2,230,54,UPI,1,460
382,1/16/2024,21:00:00,Delhi,Farmhouse,Veg,S,4,211,53,Cash,3,844
383,1/16/2024,22:00:00,Chennai,Margherita,Non-Veg,S,3,326,40,UPI,3,978
384,1/16/2024,23:00:00,Delhi,Farmhouse,Non-Veg,S,2,512,55,Cash,3,1024
385,1/17/2024,0:00:00,Bangalore,Chicken Dominator,Non-Veg,L,2,393,51,UPI,1,786
386,1/17/2024,1:00:00,Delhi,Farmhouse,Veg,L,3,339,37,Card,5,1017
387,1/17/2024,2:00:00,Delhi,Margherita,Non-Veg,S,1,226,53,Cash,4,226
388,1/17/2024,3:00:00,Delhi,Pepper Barbecue,Veg,S,4,245,57,UPI,4,980
389,1/17/2024,4:00:00,Mumbai,Chicken Dominator,Veg,M,2,334,22,Cash,2,668
390,1/17/2024,5:00:00,Mumbai,Margherita,Veg,M,4,516,22,UPI,1,2064
391,1/17/2024,6:00:00,Mumbai,Farmhouse,Veg,L,4,257,46,UPI,2,1028
392,1/17/2024,7:00:00,Bangalore,Peppy Paneer,Non-Veg,S,2,212,21,Card,4,424
393,1/17/2024,8:00:00,Chennai,Veg Extravaganza,Veg,M,1,299,22,Cash,2,299
394,1/17/2024,9:00:00,Pune,Margherita,Non-Veg,L,2,248,36,UPI,1,496
395,1/17/2024,10:00:00,Delhi,Farmhouse,Non-Veg,L,1,490,58,Card,1,490
396,1/17/2024,11:00:00,Delhi,Chicken Dominator,Non-Veg,M,3,293,57,Card,1,879
397,1/17/2024,12:00:00,Bangalore,Margherita,Veg,S,1,294,59,UPI,4,294
398,1/17/2024,13:00:00,Delhi,Margherita,Veg,S,1,344,38,UPI,1,344
399,1/17/2024,14:00:00,Mumbai,Veg Extravaganza,Non-Veg,M,2,271,38,Card,3,542
400,1/17/2024,15:00:00,Pune,Farmhouse,Veg,M,4,578,24,UPI,3,2312
401,1/17/2024,16:00:00,Hyderabad,Peppy Paneer,Veg,L,4,209,24,Card,1,836
402,1/17/2024,17:00:00,Delhi,Chicken Dominator,Veg,L,1,361,33,Cash,3,361
403,1/17/2024,18:00:00,Mumbai,Farmhouse,Veg,M,1,413,46,Cash,1,413
404,1/17/2024,19:00:00,Hyderabad,Chicken Dominator,Non-Veg,M,2,203,55,UPI,4,406
405,1/17/2024,20:00:00,Pune,Margherita,Veg,M,1,423,59,Card,3,423
406,1/17/2024,21:00:00,Hyderabad,Veg Extravaganza,Veg,S,2,580,54,UPI,4,1160
407,1/17/2024,22:00:00,Mumbai,Veg Extravaganza,Veg,S,3,228,40,Card,3,684
408,1/17/2024,23:00:00,Chennai,Pepper Barbecue,Veg,M,1,501,24,Wallet,5,501
409,1/18/2024,0:00:00,Chennai,Peppy Paneer,Veg,S,3,402,43,UPI,5,1206
410,1/18/2024,1:00:00,Hyderabad,Veg Extravaganza,Veg,S,1,276,58,Card,4,276
411,1/18/2024,2:00:00,Bangalore,Margherita,Veg,S,1,258,43,Cash,3,258
412,1/18/2024,3:00:00,Hyderabad,Peppy Paneer,Non-Veg,S,3,395,59,Card,5,1185
413,1/18/2024,4:00:00,Delhi,Farmhouse,Veg,S,3,521,32,UPI,1,1563
414,1/18/2024,5:00:00,Delhi,Veg Extravaganza,Veg,M,2,306,57,UPI,2,612
415,1/18/2024,6:00:00,Chennai,Peppy Paneer,Veg,M,2,541,20,Card,5,1082
416,1/18/2024,7:00:00,Bangalore,Margherita,Veg,M,3,588,58,UPI,5,1764
417,1/18/2024,8:00:00,Mumbai,Pepper Barbecue,Non-Veg,M,1,208,29,Card,1,208
418,1/18/2024,9:00:00,Delhi,Chicken Dominator,Veg,L,2,219,21,UPI,5,438
419,1/18/2024,10:00:00,Chennai,Chicken Dominator,Veg,S,1,348,35,Cash,5,348
420,1/18/2024,11:00:00,Pune,Margherita,Veg,M,4,582,56,UPI,5,2328
421,1/18/2024,12:00:00,Chennai,Margherita,Non-Veg,S,2,216,35,UPI,3,432
422,1/18/2024,13:00:00,Delhi,Chicken Dominator,Veg,M,2,211,42,Card,5,422
423,1/18/2024,14:00:00,Delhi,Pepper Barbecue,Non-Veg,L,2,281,45,UPI,2,562
424,1/18/2024,15:00:00,Chennai,Peppy Paneer,Veg,L,4,266,35,Card,3,1064
425,1/18/2024,16:00:00,Mumbai,Chicken Dominator,Non-Veg,M,3,332,46,UPI,3,996
426,1/18/2024,17:00:00,Hyderabad,Margherita,Non-Veg,M,1,252,49,UPI,4,252
427,1/18/2024,18:00:00,Delhi,Veg Extravaganza,Veg,M,4,405,52,UPI,5,1620
428,1/18/2024,19:00:00,Chennai,Farmhouse,Veg,S,3,432,51,UPI,2,1296
429,1/18/2024,20:00:00,Chennai,Pepper Barbecue,Veg,M,2,253,28,Wallet,2,506
430,1/18/2024,21:00:00,Bangalore,Pepper Barbecue,Veg,M,3,267,30,UPI,4,801
431,1/18/2024,22:00:00,Hyderabad,Veg Extravaganza,Veg,M,3,490,56,Cash,2,1470
432,1/18/2024,23:00:00,Pune,Veg Extravaganza,Veg,S,3,543,25,UPI,3,1629
433,1/19/2024,0:00:00,Mumbai,Margherita,Veg,L,1,368,49,Card,1,368
434,1/19/2024,1:00:00,Pune,Chicken Dominator,Veg,S,3,596,59,Card,3,1788
435,1/19/2024,2:00:00,Hyderabad,Peppy Paneer,Veg,S,3,360,34,Wallet,1,1080
436,1/19/2024,3:00:00,Hyderabad,Pepper Barbecue,Veg,M,3,214,49,Cash,2,642
437,1/19/2024,4:00:00,Hyderabad,Pepper Barbecue,Veg,S,3,390,37,Wallet,5,1170
438,1/19/2024,5:00:00,Pune,Veg Extravaganza,Non-Veg,L,4,214,31,Cash,1,856
439,1/19/2024,6:00:00,Hyderabad,Chicken Dominator,Veg,M,4,486,23,UPI,3,1944
440,1/19/2024,7:00:00,Chennai,Pepper Barbecue,Non-Veg,L,3,562,35,Wallet,3,1686
441,1/19/2024,8:00:00,Pune,Peppy Paneer,Veg,M,3,209,42,Wallet,3,627
442,1/19/2024,9:00:00,Hyderabad,Veg Extravaganza,Veg,L,3,256,30,UPI,3,768
443,1/19/2024,10:00:00,Chennai,Peppy Paneer,Veg,L,2,398,43,Wallet,4,796
444,1/19/2024,11:00:00,Bangalore,Chicken Dominator,Veg,M,3,360,41,Card,2,1080
445,1/19/2024,12:00:00,Hyderabad,Pepper Barbecue,Non-Veg,M,3,462,58,Wallet,5,1386
446,1/19/2024,13:00:00,Pune,Farmhouse,Non-Veg,L,4,588,34,Wallet,4,2352
447,1/19/2024,14:00:00,Delhi,Pepper Barbecue,Veg,S,4,580,34,Cash,2,2320
448,1/19/2024,15:00:00,Hyderabad,Chicken Dominator,Non-Veg,M,4,452,29,Cash,1,1808
449,1/19/2024,16:00:00,Delhi,Pepper Barbecue,Veg,S,1,318,47,UPI,4,318
450,1/19/2024,17:00:00,Chennai,Pepper Barbecue,Non-Veg,S,2,279,55,UPI,4,558
451,1/19/2024,18:00:00,Bangalore,Margherita,Non-Veg,S,3,323,36,UPI,4,969
452,1/19/2024,19:00:00,Mumbai,Pepper Barbecue,Veg,M,4,512,55,UPI,4,2048
453,1/19/2024,20:00:00,Bangalore,Pepper Barbecue,Veg,M,1,271,41,UPI,1,271
454,1/19/2024,21:00:00,Hyderabad,Peppy Paneer,Veg,S,3,367,42,Card,3,1101
455,1/19/2024,22:00:00,Delhi,Farmhouse,Non-Veg,L,3,483,48,UPI,4,1449
456,1/19/2024,23:00:00,Delhi,Peppy Paneer,Veg,M,4,235,41,Card,2,940
457,1/20/2024,0:00:00,Pune,Peppy Paneer,Non-Veg,L,3,511,30,Cash,3,1533
458,1/20/2024,1:00:00,Delhi,Veg Extravaganza,Non-Veg,L,3,374,55,Card,1,1122
459,1/20/2024,2:00:00,Pune,Margherita,Veg,L,3,398,48,Card,5,1194
460,1/20/2024,3:00:00,Chennai,Peppy Paneer,Veg,L,4,315,51,UPI,1,1260
461,1/20/2024,4:00:00,Mumbai,Chicken Dominator,Non-Veg,L,1,514,33,UPI,5,514
462,1/20/2024,5:00:00,Hyderabad,Chicken Dominator,Veg,L,3,419,37,Card,2,1257
463,1/20/2024,6:00:00,Pune,Pepper Barbecue,Non-Veg,S,1,578,57,Card,5,578
464,1/20/2024,7:00:00,Mumbai,Veg Extravaganza,Veg,M,3,265,56,Card,4,795
465,1/20/2024,8:00:00,Delhi,Margherita,Veg,L,4,464,53,Card,3,1856
466,1/20/2024,9:00:00,Delhi,Margherita,Veg,M,1,333,42,UPI,3,333
467,1/20/2024,10:00:00,Mumbai,Pepper Barbecue,Non-Veg,L,4,318,51,UPI,4,1272
468,1/20/2024,11:00:00,Delhi,Chicken Dominator,Veg,L,2,321,22,Cash,3,642
469,1/20/2024,12:00:00,Chennai,Farmhouse,Non-Veg,S,3,520,41,UPI,1,1560
470,1/20/2024,13:00:00,Chennai,Veg Extravaganza,Veg,L,2,586,42,Card,4,1172
471,1/20/2024,14:00:00,Mumbai,Pepper Barbecue,Non-Veg,S,2,582,23,Cash,4,1164
472,1/20/2024,15:00:00,Pune,Veg Extravaganza,Veg,M,2,286,32,UPI,3,572
473,1/20/2024,16:00:00,Pune,Chicken Dominator,Veg,M,3,488,51,Card,5,1464
474,1/20/2024,17:00:00,Mumbai,Chicken Dominator,Non-Veg,S,4,336,48,Card,2,1344
475,1/20/2024,18:00:00,Pune,Farmhouse,Veg,M,2,252,59,Card,5,504
476,1/20/2024,19:00:00,Pune,Farmhouse,Veg,M,1,404,59,UPI,1,404
477,1/20/2024,20:00:00,Chennai,Margherita,Veg,S,3,547,29,Cash,4,1641
478,1/20/2024,21:00:00,Pune,Veg Extravaganza,Non-Veg,L,4,250,32,UPI,4,1000
479,1/20/2024,22:00:00,Bangalore,Veg Extravaganza,Non-Veg,M,4,526,36,Card,1,2104
480,1/20/2024,23:00:00,Hyderabad,Chicken Dominator,Veg,M,2,599,57,UPI,2,1198
481,1/21/2024,0:00:00,Delhi,Margherita,Veg,S,3,239,21,UPI,4,717
482,1/21/2024,1:00:00,Bangalore,Pepper Barbecue,Non-Veg,L,2,449,36,UPI,5,898
483,1/21/2024,2:00:00,Pune,Veg Extravaganza,Veg,L,1,417,45,UPI,1,417
484,1/21/2024,3:00:00,Chennai,Margherita,Non-Veg,S,4,378,57,UPI,4,1512
485,1/21/2024,4:00:00,Mumbai,Margherita,Veg,S,4,238,56,UPI,5,952
486,1/21/2024,5:00:00,Pune,Chicken Dominator,Non-Veg,L,3,382,24,Cash,1,1146
487,1/21/2024,6:00:00,Chennai,Margherita,Non-Veg,M,4,423,44,UPI,1,1692
488,1/21/2024,7:00:00,Hyderabad,Farmhouse,Non-Veg,S,3,363,28,Cash,1,1089
489,1/21/2024,8:00:00,Pune,Farmhouse,Non-Veg,M,2,433,47,Cash,2,866
490,1/21/2024,9:00:00,Mumbai,Peppy Paneer,Veg,M,1,576,41,Card,1,576
491,1/21/2024,10:00:00,Chennai,Chicken Dominator,Veg,L,3,392,48,Card,3,1176
492,1/21/2024,11:00:00,Chennai,Pepper Barbecue,Veg,S,2,284,54,UPI,3,568
493,1/21/2024,12:00:00,Chennai,Peppy Paneer,Non-Veg,M,1,442,39,Wallet,1,442
494,1/21/2024,13:00:00,Hyderabad,Farmhouse,Non-Veg,S,4,372,24,Card,4,1488
495,1/21/2024,14:00:00,Pune,Peppy Paneer,Non-Veg,L,1,592,58,Wallet,3,592
496,1/21/2024,15:00:00,Hyderabad,Chicken Dominator,Veg,L,1,236,51,UPI,5,236
497,1/21/2024,16:00:00,Delhi,Chicken Dominator,Veg,L,1,286,58,Cash,5,286
498,1/21/2024,17:00:00,Delhi,Margherita,Veg,M,4,328,29,UPI,4,1312
499,1/21/2024,18:00:00,Pune,Veg Extravaganza,Non-Veg,M,3,393,59,Cash,5,1179
500,1/21/2024,19:00:00,Hyderabad,Margherita,Veg,L,3,518,36,UPI,4,1554
501,1/21/2024,20:00:00,Mumbai,Chicken Dominator,Veg,S,1,242,56,Card,5,242
502,1/21/2024,21:00:00,Chennai,Farmhouse,Non-Veg,L,2,555,34,Card,1,1110
503,1/21/2024,22:00:00,Chennai,Pepper Barbecue,Veg,S,2,358,28,Card,5,716
504,1/21/2024,23:00:00,Pune,Farmhouse,Veg,M,1,304,51,UPI,1,304
505,1/22/2024,0:00:00,Delhi,Margherita,Veg,M,1,428,42,Card,5,428
506,1/22/2024,1:00:00,Delhi,Pepper Barbecue,Non-Veg,L,2,416,30,UPI,5,832
507,1/22/2024,2:00:00,Chennai,Chicken Dominator,Veg,L,1,463,32,Card,5,463
508,1/22/2024,3:00:00,Pune,Farmhouse,Non-Veg,M,1,248,37,Card,1,248
509,1/22/2024,4:00:00,Hyderabad,Chicken Dominator,Veg,M,3,551,28,UPI,5,1653
510,1/22/2024,5:00:00,Delhi,Pepper Barbecue,Non-Veg,L,3,322,24,Cash,5,966
511,1/22/2024,6:00:00,Hyderabad,Pepper Barbecue,Veg,S,1,502,41,UPI,2,502
512,1/22/2024,7:00:00,Delhi,Farmhouse,Veg,L,1,224,51,UPI,1,224
513,1/22/2024,8:00:00,Delhi,Chicken Dominator,Non-Veg,M,4,330,21,Card,3,1320
514,1/22/2024,9:00:00,Bangalore,Peppy Paneer,Non-Veg,M,3,569,40,Cash,4,1707
515,1/22/2024,10:00:00,Delhi,Chicken Dominator,Veg,S,1,423,47,Card,2,423
516,1/22/2024,11:00:00,Mumbai,Pepper Barbecue,Non-Veg,M,4,298,43,Cash,5,1192
517,1/22/2024,12:00:00,Pune,Chicken Dominator,Veg,S,4,551,43,Card,3,2204
518,1/22/2024,13:00:00,Pune,Margherita,Non-Veg,S,4,489,33,Cash,3,1956
519,1/22/2024,14:00:00,Hyderabad,Peppy Paneer,Non-Veg,S,4,396,56,UPI,5,1584
520,1/22/2024,15:00:00,Delhi,Veg Extravaganza,Veg,M,3,308,46,Cash,5,924
521,1/22/2024,16:00:00,Mumbai,Margherita,Non-Veg,M,4,547,43,UPI,2,2188
522,1/22/2024,17:00:00,Hyderabad,Veg Extravaganza,Veg,L,3,419,25,Card,1,1257
523,1/22/2024,18:00:00,Bangalore,Farmhouse,Veg,S,4,463,45,UPI,2,1852
524,1/22/2024,19:00:00,Hyderabad,Veg Extravaganza,Non-Veg,M,4,407,34,Wallet,1,1628
525,1/22/2024,20:00:00,Hyderabad,Chicken Dominator,Non-Veg,M,2,518,48,Card,3,1036
526,1/22/2024,21:00:00,Delhi,Veg Extravaganza,Veg,M,3,281,55,Cash,4,843
527,1/22/2024,22:00:00,Bangalore,Pepper Barbecue,Veg,L,2,224,29,UPI,5,448
528,1/22/2024,23:00:00,Hyderabad,Margherita,Veg,M,2,385,47,UPI,2,770
529,1/23/2024,0:00:00,Mumbai,Margherita,Non-Veg,L,4,584,28,UPI,3,2336
530,1/23/2024,1:00:00,Mumbai,Veg Extravaganza,Veg,M,3,207,40,Card,2,621
531,1/23/2024,2:00:00,Pune,Margherita,Veg,M,1,323,29,Cash,1,323
532,1/23/2024,3:00:00,Bangalore,Pepper Barbecue,Veg,M,4,348,23,UPI,5,1392
533,1/23/2024,4:00:00,Bangalore,Margherita,Veg,L,3,297,23,UPI,1,891
534,1/23/2024,5:00:00,Pune,Veg Extravaganza,Veg,L,2,415,25,UPI,1,830
535,1/23/2024,6:00:00,Hyderabad,Peppy Paneer,Veg,M,3,300,45,Card,1,900
536,1/23/2024,7:00:00,Bangalore,Peppy Paneer,Veg,L,4,417,59,UPI,3,1668
537,1/23/2024,8:00:00,Mumbai,Farmhouse,Veg,S,3,566,35,Wallet,5,1698
538,1/23/2024,9:00:00,Mumbai,Margherita,Non-Veg,L,2,458,27,UPI,4,916
539,1/23/2024,10:00:00,Delhi,Veg Extravaganza,Veg,S,3,590,47,Cash,2,1770
540,1/23/2024,11:00:00,Bangalore,Margherita,Non-Veg,S,3,555,35,Card,1,1665
541,1/23/2024,12:00:00,Hyderabad,Chicken Dominator,Non-Veg,S,2,210,57,UPI,5,420
542,1/23/2024,13:00:00,Pune,Pepper Barbecue,Non-Veg,L,4,258,20,Cash,2,1032
543,1/23/2024,14:00:00,Pune,Margherita,Non-Veg,L,1,449,38,UPI,5,449
544,1/23/2024,15:00:00,Hyderabad,Margherita,Veg,L,2,339,36,Card,2,678
545,1/23/2024,16:00:00,Chennai,Peppy Paneer,Veg,L,2,534,47,Card,5,1068
546,1/23/2024,17:00:00,Delhi,Pepper Barbecue,Veg,M,4,237,31,UPI,4,948
547,1/23/2024,18:00:00,Pune,Veg Extravaganza,Veg,L,4,321,25,Cash,5,1284
548,1/23/2024,19:00:00,Bangalore,Margherita,Non-Veg,L,3,264,26,Card,5,792
549,1/23/2024,20:00:00,Delhi,Peppy Paneer,Non-Veg,M,2,345,27,Cash,1,690
550,1/23/2024,21:00:00,Bangalore,Farmhouse,Non-Veg,S,3,501,22,UPI,1,1503
551,1/23/2024,22:00:00,Mumbai,Pepper Barbecue,Veg,M,3,324,40,UPI,1,972
552,1/23/2024,23:00:00,Delhi,Peppy Paneer,Non-Veg,L,4,511,27,UPI,5,2044
553,1/24/2024,0:00:00,Pune,Peppy Paneer,Veg,L,4,390,47,Wallet,4,1560
554,1/24/2024,1:00:00,Delhi,Peppy Paneer,Veg,L,3,462,49,Wallet,2,1386
555,1/24/2024,2:00:00,Delhi,Margherita,Veg,L,2,560,51,Card,1,1120
556,1/24/2024,3:00:00,Delhi,Margherita,Non-Veg,L,2,495,30,UPI,3,990
557,1/24/2024,4:00:00,Chennai,Farmhouse,Veg,L,3,381,39,Card,5,1143
558,1/24/2024,5:00:00,Delhi,Chicken Dominator,Non-Veg,L,1,358,35,Cash,4,358
559,1/24/2024,6:00:00,Bangalore,Chicken Dominator,Non-Veg,S,1,552,44,Cash,4,552
560,1/24/2024,7:00:00,Mumbai,Chicken Dominator,Non-Veg,M,4,507,28,UPI,1,2028
561,1/24/2024,8:00:00,Hyderabad,Pepper Barbecue,Veg,M,2,486,58,UPI,1,972
562,1/24/2024,9:00:00,Delhi,Pepper Barbecue,Non-Veg,L,3,361,59,UPI,3,1083
563,1/24/2024,10:00:00,Pune,Farmhouse,Non-Veg,M,3,462,59,UPI,3,1386
564,1/24/2024,11:00:00,Delhi,Pepper Barbecue,Veg,S,2,416,22,Cash,1,832
565,1/24/2024,12:00:00,Pune,Chicken Dominator,Veg,S,4,599,35,Card,2,2396
566,1/24/2024,13:00:00,Bangalore,Chicken Dominator,Veg,M,4,380,31,Cash,1,1520
567,1/24/2024,14:00:00,Pune,Peppy Paneer,Veg,M,1,290,34,UPI,1,290
568,1/24/2024,15:00:00,Hyderabad,Pepper Barbecue,Veg,M,2,216,23,Card,4,432
569,1/24/2024,16:00:00,Mumbai,Margherita,Non-Veg,S,2,324,42,Card,1,648
570,1/24/2024,17:00:00,Pune,Margherita,Veg,M,3,459,46,UPI,1,1377
571,1/24/2024,18:00:00,Pune,Peppy Paneer,Veg,S,2,577,58,Card,1,1154
572,1/24/2024,19:00:00,Mumbai,Peppy Paneer,Non-Veg,M,1,554,56,Card,2,554
573,1/24/2024,20:00:00,Hyderabad,Peppy Paneer,Veg,M,2,413,32,Cash,4,826
574,1/24/2024,21:00:00,Delhi,Margherita,Non-Veg,M,3,438,56,UPI,5,1314
575,1/24/2024,22:00:00,Pune,Chicken Dominator,Veg,M,1,379,59,Cash,5,379
576,1/24/2024,23:00:00,Mumbai,Peppy Paneer,Veg,S,3,371,40,Wallet,5,1113
577,1/25/2024,0:00:00,Bangalore,Farmhouse,Veg,L,2,342,48,Card,5,684
578,1/25/2024,1:00:00,Mumbai,Peppy Paneer,Veg,M,4,516,48,Card,4,2064
579,1/25/2024,2:00:00,Bangalore,Veg Extravaganza,Veg,S,2,443,30,UPI,1,886
580,1/25/2024,3:00:00,Hyderabad,Peppy Paneer,Non-Veg,S,2,431,47,Card,5,862
581,1/25/2024,4:00:00,Delhi,Margherita,Veg,M,3,371,29,Card,1,1113
582,1/25/2024,5:00:00,Mumbai,Pepper Barbecue,Non-Veg,S,4,476,24,Card,5,1904
583,1/25/2024,6:00:00,Chennai,Peppy Paneer,Veg,S,2,276,44,UPI,2,552
584,1/25/2024,7:00:00,Pune,Pepper Barbecue,Veg,M,1,502,52,Wallet,1,502
585,1/25/2024,8:00:00,Hyderabad,Veg Extravaganza,Non-Veg,M,1,530,36,Card,4,530
586,1/25/2024,9:00:00,Mumbai,Farmhouse,Veg,M,3,248,52,Wallet,2,744
587,1/25/2024,10:00:00,Pune,Pepper Barbecue,Non-Veg,L,3,447,44,Card,2,1341
588,1/25/2024,11:00:00,Mumbai,Chicken Dominator,Non-Veg,S,4,482,52,Cash,4,1928
589,1/25/2024,12:00:00,Bangalore,Peppy Paneer,Non-Veg,L,3,486,28,Card,2,1458
590,1/25/2024,13:00:00,Mumbai,Veg Extravaganza,Veg,S,4,231,46,Card,1,924
591,1/25/2024,14:00:00,Chennai,Veg Extravaganza,Veg,M,2,357,44,UPI,3,714
592,1/25/2024,15:00:00,Mumbai,Pepper Barbecue,Non-Veg,S,1,217,23,UPI,3,217
593,1/25/2024,16:00:00,Mumbai,Farmhouse,Non-Veg,L,1,580,28,Card,5,580
594,1/25/2024,17:00:00,Chennai,Margherita,Veg,M,1,262,34,Wallet,5,262
595,1/25/2024,18:00:00,Hyderabad,Peppy Paneer,Veg,S,3,327,35,Card,1,981
596,1/25/2024,19:00:00,Mumbai,Veg Extravaganza,Veg,M,3,215,35,UPI,4,645
597,1/25/2024,20:00:00,Chennai,Farmhouse,Veg,S,2,362,32,UPI,1,724
598,1/25/2024,21:00:00,Pune,Chicken Dominator,Veg,L,3,450,33,Card,5,1350
599,1/25/2024,22:00:00,Bangalore,Veg Extravaganza,Veg,M,4,336,41,Card,2,1344
600,1/25/2024,23:00:00,Bangalore,Farmhouse,Non-Veg,S,1,517,40,Wallet,1,517
601,1/26/2024,0:00:00,Mumbai,Margherita,Non-Veg,M,2,494,28,Card,1,988
602,1/26/2024,1:00:00,Hyderabad,Margherita,Non-Veg,S,4,378,23,UPI,4,1512
603,1/26/2024,2:00:00,Hyderabad,Veg Extravaganza,Veg,M,4,428,29,Card,5,1712
604,1/26/2024,3:00:00,Pune,Veg Extravaganza,Veg,M,3,570,54,Cash,1,1710
605,1/26/2024,4:00:00,Mumbai,Pepper Barbecue,Non-Veg,M,3,593,28,Card,2,1779
606,1/26/2024,5:00:00,Bangalore,Peppy Paneer,Non-Veg,L,1,379,35,UPI,2,379
607,1/26/2024,6:00:00,Hyderabad,Farmhouse,Non-Veg,S,2,595,37,UPI,3,1190
608,1/26/2024,7:00:00,Mumbai,Veg Extravaganza,Non-Veg,L,4,271,29,Cash,5,1084
609,1/26/2024,8:00:00,Hyderabad,Peppy Paneer,Veg,M,3,517,40,UPI,2,1551
610,1/26/2024,9:00:00,Chennai,Pepper Barbecue,Non-Veg,S,3,586,34,UPI,4,1758
611,1/26/2024,10:00:00,Hyderabad,Peppy Paneer,Veg,M,2,282,34,UPI,5,564
612,1/26/2024,11:00:00,Bangalore,Veg Extravaganza,Veg,L,2,578,30,Wallet,2,1156
613,1/26/2024,12:00:00,Delhi,Margherita,Non-Veg,M,3,594,59,UPI,1,1782
614,1/26/2024,13:00:00,Pune,Farmhouse,Veg,S,3,335,56,Cash,5,1005
615,1/26/2024,14:00:00,Pune,Farmhouse,Veg,S,1,417,39,Card,2,417
616,1/26/2024,15:00:00,Bangalore,Margherita,Veg,L,2,308,53,Card,1,616
617,1/26/2024,16:00:00,Hyderabad,Veg Extravaganza,Veg,M,4,577,41,Cash,3,2308
618,1/26/2024,17:00:00,Mumbai,Farmhouse,Non-Veg,M,3,318,37,UPI,5,954
619,1/26/2024,18:00:00,Hyderabad,Veg Extravaganza,Veg,S,3,593,35,UPI,5,1779
620,1/26/2024,19:00:00,Bangalore,Pepper Barbecue,Veg,L,3,217,24,UPI,2,651
621,1/26/2024,20:00:00,Pune,Veg Extravaganza,Veg,L,3,531,20,Card,3,1593
622,1/26/2024,21:00:00,Hyderabad,Peppy Paneer,Veg,S,1,353,38,Wallet,4,353
623,1/26/2024,22:00:00,Pune,Margherita,Veg,S,2,210,29,Wallet,2,420
624,1/26/2024,23:00:00,Mumbai,Veg Extravaganza,Non-Veg,L,3,337,40,Card,2,1011
625,1/27/2024,0:00:00,Pune,Pepper Barbecue,Veg,L,2,586,32,Wallet,4,1172
626,1/27/2024,1:00:00,Pune,Chicken Dominator,Non-Veg,M,4,261,43,Wallet,4,1044
627,1/27/2024,2:00:00,Delhi,Margherita,Non-Veg,L,4,270,42,Cash,4,1080
628,1/27/2024,3:00:00,Delhi,Farmhouse,Non-Veg,M,4,260,42,UPI,4,1040
629,1/27/2024,4:00:00,Chennai,Peppy Paneer,Veg,S,4,331,30,Card,4,1324
630,1/27/2024,5:00:00,Delhi,Farmhouse,Veg,L,2,260,21,Wallet,1,520
631,1/27/2024,6:00:00,Pune,Pepper Barbecue,Non-Veg,M,4,591,25,Card,1,2364
632,1/27/2024,7:00:00,Bangalore,Pepper Barbecue,Veg,L,4,557,30,Cash,4,2228
633,1/27/2024,8:00:00,Pune,Farmhouse,Non-Veg,S,3,468,34,UPI,3,1404
634,1/27/2024,9:00:00,Bangalore,Margherita,Non-Veg,M,3,211,28,UPI,3,633
635,1/27/2024,10:00:00,Bangalore,Farmhouse,Non-Veg,L,3,234,31,UPI,4,702
636,1/27/2024,11:00:00,Delhi,Veg Extravaganza,Non-Veg,M,1,250,55,UPI,1,250
637,1/27/2024,12:00:00,Hyderabad,Farmhouse,Veg,M,3,242,47,Wallet,3,726
638,1/27/2024,13:00:00,Mumbai,Peppy Paneer,Veg,L,4,427,42,UPI,1,1708
639,1/27/2024,14:00:00,Delhi,Peppy Paneer,Non-Veg,M,2,310,46,Card,2,620
640,1/27/2024,15:00:00,Delhi,Chicken Dominator,Veg,M,4,521,43,UPI,1,2084
641,1/27/2024,16:00:00,Hyderabad,Peppy Paneer,Veg,L,2,214,33,UPI,4,428
642,1/27/2024,17:00:00,Mumbai,Farmhouse,Non-Veg,S,4,376,54,UPI,5,1504
643,1/27/2024,18:00:00,Pune,Peppy Paneer,Veg,L,1,361,46,Wallet,4,361
644,1/27/2024,19:00:00,Chennai,Margherita,Non-Veg,L,3,238,40,Cash,2,714
645,1/27/2024,20:00:00,Chennai,Peppy Paneer,Non-Veg,M,4,225,32,Card,1,900
646,1/27/2024,21:00:00,Pune,Veg Extravaganza,Veg,M,3,311,27,Wallet,3,933
647,1/27/2024,22:00:00,Delhi,Margherita,Non-Veg,L,1,250,53,Wallet,4,250
648,1/27/2024,23:00:00,Mumbai,Chicken Dominator,Non-Veg,S,1,566,42,Card,3,566
649,1/28/2024,0:00:00,Delhi,Veg Extravaganza,Non-Veg,M,3,587,28,UPI,1,1761
650,1/28/2024,1:00:00,Bangalore,Farmhouse,Veg,M,3,297,20,UPI,2,891
651,1/28/2024,2:00:00,Delhi,Farmhouse,Veg,S,2,574,55,UPI,4,1148
652,1/28/2024,3:00:00,Delhi,Farmhouse,Non-Veg,M,3,369,35,UPI,3,1107
653,1/28/2024,4:00:00,Pune,Veg Extravaganza,Veg,L,3,255,44,UPI,4,765
654,1/28/2024,5:00:00,Pune,Veg Extravaganza,Veg,L,2,420,37,UPI,4,840
655,1/28/2024,6:00:00,Pune,Veg Extravaganza,Non-Veg,M,4,524,53,Cash,3,2096
656,1/28/2024,7:00:00,Chennai,Margherita,Veg,M,2,345,57,Cash,2,690
657,1/28/2024,8:00:00,Bangalore,Pepper Barbecue,Veg,M,4,459,22,UPI,4,1836
658,1/28/2024,9:00:00,Pune,Margherita,Veg,S,4,328,39,Cash,2,1312
659,1/28/2024,10:00:00,Mumbai,Farmhouse,Veg,L,4,249,38,Cash,2,996
660,1/28/2024,11:00:00,Chennai,Pepper Barbecue,Non-Veg,L,2,539,32,UPI,1,1078
661,1/28/2024,12:00:00,Hyderabad,Peppy Paneer,Veg,L,2,525,36,Card,3,1050
662,1/28/2024,13:00:00,Mumbai,Farmhouse,Veg,M,1,219,33,UPI,1,219
663,1/28/2024,14:00:00,Mumbai,Chicken Dominator,Non-Veg,M,4,373,49,UPI,5,1492
664,1/28/2024,15:00:00,Pune,Margherita,Non-Veg,S,2,482,41,Card,1,964
665,1/28/2024,16:00:00,Hyderabad,Veg Extravaganza,Non-Veg,M,1,225,48,UPI,4,225
666,1/28/2024,17:00:00,Hyderabad,Margherita,Veg,M,4,359,21,UPI,4,1436
667,1/28/2024,18:00:00,Chennai,Veg Extravaganza,Veg,L,2,209,27,Card,4,418
668,1/28/2024,19:00:00,Hyderabad,Pepper Barbecue,Non-Veg,L,2,281,33,Wallet,5,562
669,1/28/2024,20:00:00,Bangalore,Chicken Dominator,Veg,L,2,455,53,Card,2,910
670,1/28/2024,21:00:00,Pune,Pepper Barbecue,Non-Veg,L,3,304,32,Card,4,912
671,1/28/2024,22:00:00,Hyderabad,Chicken Dominator,Veg,S,1,339,29,Cash,1,339
672,1/28/2024,23:00:00,Chennai,Margherita,Veg,M,2,401,27,Card,2,802
673,1/29/2024,0:00:00,Bangalore,Veg Extravaganza,Non-Veg,S,3,543,26,UPI,1,1629
674,1/29/2024,1:00:00,Delhi,Pepper Barbecue,Non-Veg,S,1,223,32,Wallet,1,223
675,1/29/2024,2:00:00,Delhi,Chicken Dominator,Non-Veg,M,1,572,45,Cash,4,572
676,1/29/2024,3:00:00,Bangalore,Farmhouse,Veg,L,3,245,51,UPI,1,735
677,1/29/2024,4:00:00,Chennai,Farmhouse,Veg,M,1,416,38,Card,5,416
678,1/29/2024,5:00:00,Bangalore,Pepper Barbecue,Veg,S,3,591,34,Card,2,1773
679,1/29/2024,6:00:00,Pune,Veg Extravaganza,Veg,S,4,254,21,UPI,4,1016
680,1/29/2024,7:00:00,Pune,Pepper Barbecue,Veg,S,2,277,56,UPI,4,554
681,1/29/2024,8:00:00,Delhi,Margherita,Veg,S,3,358,38,UPI,1,1074
682,1/29/2024,9:00:00,Hyderabad,Chicken Dominator,Veg,S,1,543,52,Cash,1,543
683,1/29/2024,10:00:00,Chennai,Margherita,Non-Veg,M,1,471,58,UPI,3,471
684,1/29/2024,11:00:00,Delhi,Farmhouse,Non-Veg,L,4,347,52,UPI,3,1388
685,1/29/2024,12:00:00,Hyderabad,Chicken Dominator,Non-Veg,M,4,237,20,UPI,4,948
686,1/29/2024,13:00:00,Hyderabad,Pepper Barbecue,Veg,M,4,310,58,Cash,4,1240
687,1/29/2024,14:00:00,Pune,Margherita,Non-Veg,S,4,214,47,Wallet,1,856
688,1/29/2024,15:00:00,Mumbai,Peppy Paneer,Veg,L,4,277,36,Card,5,1108
689,1/29/2024,16:00:00,Mumbai,Veg Extravaganza,Veg,M,2,275,25,UPI,5,550
690,1/29/2024,17:00:00,Bangalore,Veg Extravaganza,Non-Veg,L,3,527,39,Card,1,1581
691,1/29/2024,18:00:00,Pune,Peppy Paneer,Veg,L,4,474,32,Cash,3,1896
692,1/29/2024,19:00:00,Hyderabad,Farmhouse,Veg,L,4,396,31,Card,3,1584
693,1/29/2024,20:00:00,Chennai,Chicken Dominator,Veg,S,2,575,49,Card,5,1150
694,1/29/2024,21:00:00,Mumbai,Veg Extravaganza,Veg,M,3,418,40,UPI,4,1254
695,1/29/2024,22:00:00,Hyderabad,Peppy Paneer,Non-Veg,S,4,262,21,UPI,1,1048
696,1/29/2024,23:00:00,Mumbai,Pepper Barbecue,Non-Veg,S,3,560,37,UPI,4,1680
697,1/30/2024,0:00:00,Mumbai,Peppy Paneer,Non-Veg,S,3,231,47,Wallet,3,693
698,1/30/2024,1:00:00,Mumbai,Farmhouse,Veg,L,2,432,23,Card,5,864
699,1/30/2024,2:00:00,Chennai,Farmhouse,Non-Veg,L,2,309,25,Card,4,618
700,1/30/2024,3:00:00,Pune,Margherita,Veg,S,4,364,57,Cash,3,1456
701,1/30/2024,4:00:00,Chennai,Veg Extravaganza,Veg,M,1,393,28,Cash,3,393
702,1/30/2024,5:00:00,Delhi,Margherita,Non-Veg,L,2,206,39,UPI,3,412
703,1/30/2024,6:00:00,Hyderabad,Peppy Paneer,Veg,M,3,338,49,UPI,4,1014
704,1/30/2024,7:00:00,Pune,Chicken Dominator,Non-Veg,M,3,542,56,Wallet,2,1626
705,1/30/2024,8:00:00,Pune,Chicken Dominator,Veg,M,4,486,57,Wallet,5,1944
706,1/30/2024,9:00:00,Pune,Farmhouse,Non-Veg,L,4,500,23,Card,3,2000
707,1/30/2024,10:00:00,Pune,Chicken Dominator,Non-Veg,M,4,255,57,Cash,4,1020
708,1/30/2024,11:00:00,Chennai,Chicken Dominator,Veg,L,3,359,32,UPI,1,1077
709,1/30/2024,12:00:00,Pune,Chicken Dominator,Veg,M,2,348,54,UPI,5,696
710,1/30/2024,13:00:00,Bangalore,Peppy Paneer,Non-Veg,S,1,486,49,Card,1,486
711,1/30/2024,14:00:00,Hyderabad,Chicken Dominator,Veg,M,2,456,23,Cash,1,912
712,1/30/2024,15:00:00,Pune,Pepper Barbecue,Veg,S,1,338,44,Card,4,338
713,1/30/2024,16:00:00,Hyderabad,Chicken Dominator,Non-Veg,M,2,548,50,Card,2,1096
714,1/30/2024,17:00:00,Bangalore,Chicken Dominator,Veg,S,4,523,31,UPI,4,2092
715,1/30/2024,18:00:00,Bangalore,Margherita,Non-Veg,L,3,491,34,UPI,4,1473
716,1/30/2024,19:00:00,Hyderabad,Peppy Paneer,Veg,M,1,534,45,Wallet,5,534
717,1/30/2024,20:00:00,Mumbai,Farmhouse,Veg,L,2,386,29,UPI,4,772
718,1/30/2024,21:00:00,Delhi,Margherita,Non-Veg,L,3,522,31,Card,5,1566
719,1/30/2024,22:00:00,Mumbai,Veg Extravaganza,Veg,L,1,383,41,Cash,3,383
720,1/30/2024,23:00:00,Mumbai,Peppy Paneer,Veg,L,1,506,59,Card,5,506
721,1/31/2024,0:00:00,Chennai,Pepper Barbecue,Veg,M,3,585,40,Wallet,4,1755
722,1/31/2024,1:00:00,Mumbai,Peppy Paneer,Veg,S,4,461,54,UPI,3,1844
723,1/31/2024,2:00:00,Pune,Veg Extravaganza,Veg,L,3,509,26,Card,3,1527
724,1/31/2024,3:00:00,Chennai,Veg Extravaganza,Veg,L,4,543,37,UPI,2,2172
725,1/31/2024,4:00:00,Chennai,Veg Extravaganza,Veg,L,2,344,46,UPI,4,688
726,1/31/2024,5:00:00,Bangalore,Farmhouse,Veg,M,2,460,54,Card,1,920
727,1/31/2024,6:00:00,Mumbai,Chicken Dominator,Non-Veg,M,3,201,21,UPI,4,603
728,1/31/2024,7:00:00,Bangalore,Peppy Paneer,Non-Veg,S,4,513,51,Wallet,1,2052
729,1/31/2024,8:00:00,Hyderabad,Chicken Dominator,Veg,L,2,211,34,Card,2,422
730,1/31/2024,9:00:00,Delhi,Chicken Dominator,Non-Veg,S,4,460,43,UPI,4,1840
731,1/31/2024,10:00:00,Chennai,Pepper Barbecue,Non-Veg,S,4,561,39,UPI,2,2244
732,1/31/2024,11:00:00,Hyderabad,Veg Extravaganza,Veg,M,4,368,29,UPI,1,1472
733,1/31/2024,12:00:00,Hyderabad,Farmhouse,Non-Veg,M,3,347,43,Card,5,1041
734,1/31/2024,13:00:00,Pune,Pepper Barbecue,Veg,S,4,399,43,Cash,4,1596
735,1/31/2024,14:00:00,Delhi,Margherita,Non-Veg,L,3,584,43,Card,3,1752
736,1/31/2024,15:00:00,Hyderabad,Farmhouse,Veg,L,2,511,59,UPI,3,1022
737,1/31/2024,16:00:00,Hyderabad,Chicken Dominator,Veg,M,2,269,53,UPI,2,538
738,1/31/2024,17:00:00,Delhi,Farmhouse,Non-Veg,M,1,511,59,UPI,5,511
739,1/31/2024,18:00:00,Delhi,Veg Extravaganza,Veg,L,1,253,30,Card,3,253
740,1/31/2024,19:00:00,Hyderabad,Margherita,Veg,S,2,594,45,UPI,3,1188
741,1/31/2024,20:00:00,Delhi,Veg Extravaganza,Veg,L,4,458,20,UPI,4,1832
742,1/31/2024,21:00:00,Hyderabad,Margherita,Veg,S,4,550,49,UPI,3,2200
743,1/31/2024,22:00:00,Hyderabad,Pepper Barbecue,Non-Veg,M,2,227,37,Card,1,454
744,1/31/2024,23:00:00,Pune,Chicken Dominator,Non-Veg,M,2,566,45,Card,2,1132
745,2/1/2024,0:00:00,Mumbai,Margherita,Veg,L,1,562,28,Cash,3,562
746,2/1/2024,1:00:00,Hyderabad,Margherita,Veg,S,4,319,28,Card,4,1276
747,2/1/2024,2:00:00,Bangalore,Margherita,Non-Veg,S,2,332,20,Card,1,664
748,2/1/2024,3:00:00,Chennai,Farmhouse,Veg,M,1,579,26,UPI,3,579
749,2/1/2024,4:00:00,Mumbai,Pepper Barbecue,Non-Veg,M,1,289,35,UPI,2,289
750,2/1/2024,5:00:00,Mumbai,Farmhouse,Veg,M,4,215,57,Card,2,860
751,2/1/2024,6:00:00,Mumbai,Chicken Dominator,Veg,M,1,486,30,UPI,2,486
752,2/1/2024,7:00:00,Pune,Margherita,Veg,M,1,483,44,UPI,3,483
753,2/1/2024,8:00:00,Hyderabad,Pepper Barbecue,Veg,S,3,590,48,UPI,1,1770
754,2/1/2024,9:00:00,Pune,Pepper Barbecue,Veg,S,2,429,38,UPI,5,858
755,2/1/2024,10:00:00,Hyderabad,Peppy Paneer,Veg,M,4,336,37,UPI,2,1344
756,2/1/2024,11:00:00,Pune,Chicken Dominator,Veg,M,2,494,48,Cash,1,988
757,2/1/2024,12:00:00,Pune,Pepper Barbecue,Veg,S,3,426,35,UPI,4,1278
758,2/1/2024,13:00:00,Chennai,Margherita,Veg,S,4,226,59,UPI,4,904
759,2/1/2024,14:00:00,Bangalore,Margherita,Veg,M,2,531,27,UPI,1,1062
760,2/1/2024,15:00:00,Pune,Pepper Barbecue,Veg,S,1,316,53,Card,4,316
761,2/1/2024,16:00:00,Chennai,Farmhouse,Veg,M,4,288,25,Card,4,1152
762,2/1/2024,17:00:00,Delhi,Chicken Dominator,Veg,M,3,306,49,UPI,2,918
763,2/1/2024,18:00:00,Bangalore,Margherita,Non-Veg,S,1,420,53,Cash,3,420
764,2/1/2024,19:00:00,Pune,Pepper Barbecue,Non-Veg,S,3,422,40,UPI,3,1266
765,2/1/2024,20:00:00,Mumbai,Margherita,Veg,L,1,321,31,Card,3,321
766,2/1/2024,21:00:00,Delhi,Pepper Barbecue,Veg,L,2,581,25,Card,3,1162
767,2/1/2024,22:00:00,Delhi,Chicken Dominator,Veg,M,2,553,58,Cash,1,1106
768,2/1/2024,23:00:00,Chennai,Pepper Barbecue,Non-Veg,M,2,232,25,Card,2,464
769,2/2/2024,0:00:00,Delhi,Peppy Paneer,Veg,L,3,290,23,UPI,1,870
770,2/2/2024,1:00:00,Bangalore,Pepper Barbecue,Veg,L,4,383,28,Card,4,1532
771,2/2/2024,2:00:00,Pune,Pepper Barbecue,Non-Veg,M,2,575,24,UPI,2,1150
772,2/2/2024,3:00:00,Pune,Chicken Dominator,Veg,S,3,457,29,Wallet,5,1371
773,2/2/2024,4:00:00,Mumbai,Pepper Barbecue,Veg,M,1,597,27,UPI,3,597
774,2/2/2024,5:00:00,Chennai,Chicken Dominator,Veg,M,2,212,42,UPI,4,424
775,2/2/2024,6:00:00,Mumbai,Peppy Paneer,Non-Veg,M,1,223,23,UPI,3,223
776,2/2/2024,7:00:00,Delhi,Chicken Dominator,Veg,M,2,524,56,UPI,3,1048
777,2/2/2024,8:00:00,Mumbai,Margherita,Non-Veg,L,1,233,26,Card,3,233
778,2/2/2024,9:00:00,Bangalore,Chicken Dominator,Non-Veg,M,3,446,25,Card,5,1338
779,2/2/2024,10:00:00,Pune,Peppy Paneer,Veg,S,2,542,34,UPI,4,1084
780,2/2/2024,11:00:00,Delhi,Veg Extravaganza,Veg,S,3,218,54,UPI,3,654
781,2/2/2024,12:00:00,Mumbai,Pepper Barbecue,Veg,M,3,229,51,Card,3,687
782,2/2/2024,13:00:00,Chennai,Chicken Dominator,Non-Veg,S,1,248,33,UPI,2,248
783,2/2/2024,14:00:00,Bangalore,Pepper Barbecue,Non-Veg,M,2,599,54,Card,3,1198
784,2/2/2024,15:00:00,Bangalore,Farmhouse,Veg,M,4,379,30,Card,2,1516
785,2/2/2024,16:00:00,Mumbai,Margherita,Non-Veg,M,4,569,29,UPI,4,2276
786,2/2/2024,17:00:00,Pune,Margherita,Veg,L,3,571,36,UPI,4,1713
787,2/2/2024,18:00:00,Mumbai,Farmhouse,Veg,M,1,425,32,Cash,4,425
788,2/2/2024,19:00:00,Delhi,Farmhouse,Non-Veg,S,1,594,53,UPI,2,594
789,2/2/2024,20:00:00,Mumbai,Chicken Dominator,Non-Veg,S,1,277,24,UPI,5,277
790,2/2/2024,21:00:00,Bangalore,Farmhouse,Veg,M,2,406,29,Card,5,812
791,2/2/2024,22:00:00,Mumbai,Veg Extravaganza,Non-Veg,S,2,234,51,UPI,3,468
792,2/2/2024,23:00:00,Pune,Pepper Barbecue,Non-Veg,M,1,449,31,UPI,4,449
793,2/3/2024,0:00:00,Chennai,Pepper Barbecue,Non-Veg,S,4,270,32,Cash,1,1080
794,2/3/2024,1:00:00,Hyderabad,Peppy Paneer,Non-Veg,M,4,563,40,Wallet,3,2252
795,2/3/2024,2:00:00,Mumbai,Farmhouse,Non-Veg,L,2,509,52,Card,5,1018
796,2/3/2024,3:00:00,Pune,Farmhouse,Veg,S,1,478,51,UPI,5,478
797,2/3/2024,4:00:00,Pune,Veg Extravaganza,Non-Veg,M,4,351,31,UPI,4,1404
798,2/3/2024,5:00:00,Chennai,Margherita,Veg,M,4,426,54,Card,2,1704
799,2/3/2024,6:00:00,Bangalore,Margherita,Non-Veg,L,2,442,55,UPI,3,884
800,2/3/2024,7:00:00,Pune,Pepper Barbecue,Veg,M,2,209,57,UPI,2,418
801,2/3/2024,8:00:00,Pune,Pepper Barbecue,Non-Veg,M,4,516,47,Cash,5,2064
802,2/3/2024,9:00:00,Pune,Chicken Dominator,Veg,L,1,591,32,UPI,4,591
803,2/3/2024,10:00:00,Pune,Veg Extravaganza,Veg,M,4,247,31,UPI,5,988
804,2/3/2024,11:00:00,Delhi,Peppy Paneer,Veg,M,4,311,41,UPI,4,1244
805,2/3/2024,12:00:00,Delhi,Peppy Paneer,Non-Veg,S,1,403,21,Card,1,403
806,2/3/2024,13:00:00,Bangalore,Veg Extravaganza,Non-Veg,L,2,581,48,UPI,2,1162
807,2/3/2024,14:00:00,Mumbai,Peppy Paneer,Veg,L,1,356,32,UPI,3,356
808,2/3/2024,15:00:00,Pune,Margherita,Non-Veg,L,1,542,54,UPI,4,542
809,2/3/2024,16:00:00,Chennai,Peppy Paneer,Non-Veg,L,1,225,32,Cash,1,225
810,2/3/2024,17:00:00,Mumbai,Peppy Paneer,Non-Veg,L,1,507,53,Card,1,507
811,2/3/2024,18:00:00,Chennai,Veg Extravaganza,Veg,M,2,365,38,UPI,2,730
812,2/3/2024,19:00:00,Mumbai,Veg Extravaganza,Non-Veg,L,4,448,28,Cash,4,1792
813,2/3/2024,20:00:00,Bangalore,Peppy Paneer,Veg,M,3,461,50,UPI,3,1383
814,2/3/2024,21:00:00,Pune,Farmhouse,Non-Veg,M,2,463,52,UPI,3,926
815,2/3/2024,22:00:00,Pune,Veg Extravaganza,Non-Veg,M,1,216,46,Card,3,216
816,2/3/2024,23:00:00,Hyderabad,Chicken Dominator,Non-Veg,M,4,275,21,Card,5,1100
817,2/4/2024,0:00:00,Chennai,Chicken Dominator,Non-Veg,L,4,453,34,UPI,5,1812
818,2/4/2024,1:00:00,Mumbai,Margherita,Veg,M,1,405,38,Cash,4,405
819,2/4/2024,2:00:00,Mumbai,Peppy Paneer,Veg,S,2,233,50,Card,3,466
820,2/4/2024,3:00:00,Delhi,Farmhouse,Veg,S,1,346,35,Wallet,1,346
821,2/4/2024,4:00:00,Hyderabad,Margherita,Veg,L,4,525,34,Card,3,2100
822,2/4/2024,5:00:00,Delhi,Peppy Paneer,Veg,M,4,537,25,Wallet,4,2148
823,2/4/2024,6:00:00,Delhi,Veg Extravaganza,Non-Veg,M,2,427,33,Card,3,854
824,2/4/2024,7:00:00,Delhi,Chicken Dominator,Non-Veg,M,3,317,46,UPI,2,951
825,2/4/2024,8:00:00,Chennai,Pepper Barbecue,Veg,M,1,364,57,Card,3,364
826,2/4/2024,9:00:00,Chennai,Farmhouse,Veg,S,3,237,38,Cash,1,711
827,2/4/2024,10:00:00,Bangalore,Pepper Barbecue,Veg,M,4,598,56,Cash,4,2392
828,2/4/2024,11:00:00,Bangalore,Chicken Dominator,Veg,L,3,557,23,UPI,4,1671
829,2/4/2024,12:00:00,Delhi,Pepper Barbecue,Veg,M,1,495,45,Card,1,495
830,2/4/2024,13:00:00,Hyderabad,Veg Extravaganza,Non-Veg,M,1,336,28,Cash,4,336
831,2/4/2024,14:00:00,Mumbai,Peppy Paneer,Veg,S,4,508,59,Cash,3,2032
832,2/4/2024,15:00:00,Chennai,Veg Extravaganza,Non-Veg,M,2,445,34,UPI,4,890
833,2/4/2024,16:00:00,Hyderabad,Pepper Barbecue,Veg,S,2,397,56,Card,3,794
834,2/4/2024,17:00:00,Pune,Veg Extravaganza,Non-Veg,M,4,573,23,Card,4,2292
835,2/4/2024,18:00:00,Chennai,Chicken Dominator,Non-Veg,M,1,265,45,UPI,3,265
836,2/4/2024,19:00:00,Chennai,Farmhouse,Non-Veg,L,2,279,37,Wallet,3,558
837,2/4/2024,20:00:00,Bangalore,Veg Extravaganza,Non-Veg,M,3,251,54,UPI,1,753
838,2/4/2024,21:00:00,Mumbai,Chicken Dominator,Non-Veg,M,4,328,48,Card,1,1312
839,2/4/2024,22:00:00,Mumbai,Farmhouse,Non-Veg,M,3,579,43,Cash,5,1737
840,2/4/2024,23:00:00,Pune,Peppy Paneer,Non-Veg,M,1,567,23,UPI,1,567
841,2/5/2024,0:00:00,Pune,Pepper Barbecue,Veg,S,2,200,40,Cash,3,400
842,2/5/2024,1:00:00,Chennai,Peppy Paneer,Veg,M,1,366,58,Card,3,366
843,2/5/2024,2:00:00,Delhi,Margherita,Veg,L,3,215,26,Cash,4,645
844,2/5/2024,3:00:00,Bangalore,Chicken Dominator,Non-Veg,S,1,344,42,Card,4,344
845,2/5/2024,4:00:00,Bangalore,Farmhouse,Veg,M,1,311,59,UPI,5,311
846,2/5/2024,5:00:00,Chennai,Veg Extravaganza,Non-Veg,L,4,567,40,Card,3,2268
847,2/5/2024,6:00:00,Hyderabad,Peppy Paneer,Non-Veg,M,4,301,20,UPI,5,1204
848,2/5/2024,7:00:00,Delhi,Farmhouse,Veg,L,1,281,44,UPI,3,281
849,2/5/2024,8:00:00,Chennai,Chicken Dominator,Veg,M,4,298,50,UPI,1,1192
850,2/5/2024,9:00:00,Delhi,Margherita,Non-Veg,M,1,358,57,Card,4,358
851,2/5/2024,10:00:00,Delhi,Peppy Paneer,Veg,M,3,239,24,Card,5,717
852,2/5/2024,11:00:00,Delhi,Pepper Barbecue,Non-Veg,L,4,354,50,Card,2,1416
853,2/5/2024,12:00:00,Chennai,Farmhouse,Veg,L,1,235,20,Cash,3,235
854,2/5/2024,13:00:00,Bangalore,Pepper Barbecue,Non-Veg,S,4,580,49,Card,1,2320
855,2/5/2024,14:00:00,Bangalore,Farmhouse,Veg,M,1,446,37,Cash,2,446
856,2/5/2024,15:00:00,Delhi,Farmhouse,Non-Veg,S,4,203,27,UPI,1,812
857,2/5/2024,16:00:00,Hyderabad,Chicken Dominator,Veg,S,2,573,45,Cash,1,1146
858,2/5/2024,17:00:00,Mumbai,Chicken Dominator,Veg,M,1,480,59,UPI,3,480
859,2/5/2024,18:00:00,Chennai,Chicken Dominator,Veg,M,2,550,34,Card,1,1100
860,2/5/2024,19:00:00,Mumbai,Veg Extravaganza,Veg,S,1,533,38,UPI,5,533
861,2/5/2024,20:00:00,Hyderabad,Farmhouse,Non-Veg,S,2,448,29,Card,2,896
862,2/5/2024,21:00:00,Chennai,Peppy Paneer,Non-Veg,M,1,211,43,UPI,1,211
863,2/5/2024,22:00:00,Delhi,Pepper Barbecue,Veg,L,4,482,35,UPI,1,1928
864,2/5/2024,23:00:00,Bangalore,Chicken Dominator,Veg,L,2,415,50,UPI,4,830
865,2/6/2024,0:00:00,Mumbai,Chicken Dominator,Veg,S,4,518,35,Card,4,2072
866,2/6/2024,1:00:00,Pune,Pepper Barbecue,Non-Veg,L,1,510,35,UPI,5,510
867,2/6/2024,2:00:00,Pune,Pepper Barbecue,Non-Veg,M,4,281,47,UPI,4,1124
868,2/6/2024,3:00:00,Hyderabad,Farmhouse,Veg,L,1,213,39,UPI,1,213
869,2/6/2024,4:00:00,Delhi,Chicken Dominator,Non-Veg,M,4,255,54,UPI,1,1020
870,2/6/2024,5:00:00,Mumbai,Pepper Barbecue,Non-Veg,M,2,541,28,Cash,2,1082
871,2/6/2024,6:00:00,Delhi,Veg Extravaganza,Non-Veg,L,1,481,59,Card,4,481
872,2/6/2024,7:00:00,Mumbai,Veg Extravaganza,Non-Veg,S,4,398,29,Wallet,3,1592
873,2/6/2024,8:00:00,Hyderabad,Chicken Dominator,Non-Veg,L,1,547,37,Card,4,547
874,2/6/2024,9:00:00,Hyderabad,Pepper Barbecue,Non-Veg,L,1,365,34,Cash,1,365
875,2/6/2024,10:00:00,Pune,Farmhouse,Veg,L,1,491,49,Card,2,491
876,2/6/2024,11:00:00,Delhi,Farmhouse,Non-Veg,M,3,345,51,Card,4,1035
877,2/6/2024,12:00:00,Chennai,Farmhouse,Veg,S,1,277,59,Card,2,277
878,2/6/2024,13:00:00,Pune,Margherita,Veg,M,4,311,46,UPI,4,1244
879,2/6/2024,14:00:00,Delhi,Chicken Dominator,Veg,L,3,222,46,Card,5,666
880,2/6/2024,15:00:00,Pune,Farmhouse,Non-Veg,M,4,574,38,Cash,1,2296
881,2/6/2024,16:00:00,Chennai,Veg Extravaganza,Veg,M,3,315,29,Cash,1,945
882,2/6/2024,17:00:00,Bangalore,Pepper Barbecue,Veg,M,1,341,25,Card,3,341
883,2/6/2024,18:00:00,Bangalore,Peppy Paneer,Veg,M,2,396,43,Wallet,1,792
884,2/6/2024,19:00:00,Bangalore,Peppy Paneer,Veg,S,2,477,28,Wallet,3,954
885,2/6/2024,20:00:00,Bangalore,Farmhouse,Veg,M,1,227,46,Card,1,227
886,2/6/2024,21:00:00,Mumbai,Peppy Paneer,Non-Veg,L,3,498,26,Cash,4,1494
887,2/6/2024,22:00:00,Bangalore,Peppy Paneer,Non-Veg,S,4,275,25,UPI,4,1100
888,2/6/2024,23:00:00,Chennai,Margherita,Veg,L,2,217,52,UPI,5,434
889,2/7/2024,0:00:00,Hyderabad,Veg Extravaganza,Non-Veg,M,1,299,40,UPI,4,299
890,2/7/2024,1:00:00,Hyderabad,Veg Extravaganza,Non-Veg,M,1,323,57,Cash,2,323
891,2/7/2024,2:00:00,Mumbai,Margherita,Veg,M,3,564,36,UPI,4,1692
892,2/7/2024,3:00:00,Bangalore,Margherita,Non-Veg,S,2,491,50,UPI,3,982
893,2/7/2024,4:00:00,Bangalore,Peppy Paneer,Non-Veg,M,1,324,56,UPI,5,324
894,2/7/2024,5:00:00,Bangalore,Chicken Dominator,Veg,L,2,206,30,UPI,2,412
895,2/7/2024,6:00:00,Pune,Pepper Barbecue,Veg,M,4,222,47,Card,2,888
896,2/7/2024,7:00:00,Delhi,Pepper Barbecue,Non-Veg,M,1,361,24,UPI,1,361
897,2/7/2024,8:00:00,Pune,Peppy Paneer,Non-Veg,S,1,316,31,Card,3,316
898,2/7/2024,9:00:00,Delhi,Pepper Barbecue,Veg,L,4,569,22,UPI,4,2276
899,2/7/2024,10:00:00,Bangalore,Margherita,Veg,M,1,551,57,UPI,4,551
900,2/7/2024,11:00:00,Bangalore,Veg Extravaganza,Veg,M,3,220,21,Cash,1,660
901,2/7/2024,12:00:00,Pune,Pepper Barbecue,Non-Veg,S,4,451,45,Wallet,4,1804
902,2/7/2024,13:00:00,Pune,Peppy Paneer,Veg,L,3,525,21,Card,2,1575
903,2/7/2024,14:00:00,Delhi,Chicken Dominator,Veg,M,4,508,31,UPI,4,2032
904,2/7/2024,15:00:00,Hyderabad,Peppy Paneer,Non-Veg,M,4,283,59,Wallet,4,1132
905,2/7/2024,16:00:00,Delhi,Farmhouse,Veg,M,3,561,21,Card,2,1683
906,2/7/2024,17:00:00,Pune,Peppy Paneer,Veg,L,4,240,35,Card,3,960
907,2/7/2024,18:00:00,Chennai,Margherita,Veg,S,2,402,49,UPI,3,804
908,2/7/2024,19:00:00,Pune,Veg Extravaganza,Non-Veg,L,3,327,55,UPI,2,981
909,2/7/2024,20:00:00,Chennai,Veg Extravaganza,Veg,M,4,341,23,Card,2,1364
910,2/7/2024,21:00:00,Mumbai,Pepper Barbecue,Non-Veg,M,3,543,30,Card,5,1629
911,2/7/2024,22:00:00,Pune,Margherita,Veg,M,4,302,43,Card,5,1208
912,2/7/2024,23:00:00,Mumbai,Farmhouse,Veg,L,4,306,37,UPI,4,1224
913,2/8/2024,0:00:00,Hyderabad,Margherita,Veg,M,2,216,46,Cash,4,432
914,2/8/2024,1:00:00,Delhi,Peppy Paneer,Veg,L,2,224,56,UPI,5,448
915,2/8/2024,2:00:00,Chennai,Margherita,Non-Veg,S,2,263,21,Card,4,526
916,2/8/2024,3:00:00,Delhi,Margherita,Veg,L,4,541,34,UPI,3,2164
917,2/8/2024,4:00:00,Mumbai,Farmhouse,Non-Veg,S,2,574,30,Card,3,1148
918,2/8/2024,5:00:00,Chennai,Peppy Paneer,Veg,M,3,436,46,UPI,1,1308
919,2/8/2024,6:00:00,Delhi,Chicken Dominator,Non-Veg,M,4,375,42,Card,5,1500
920,2/8/2024,7:00:00,Pune,Chicken Dominator,Non-Veg,M,3,490,54,UPI,3,1470
921,2/8/2024,8:00:00,Bangalore,Veg Extravaganza,Non-Veg,M,2,492,49,Card,1,984
922,2/8/2024,9:00:00,Mumbai,Pepper Barbecue,Veg,M,4,510,43,UPI,2,2040
923,2/8/2024,10:00:00,Delhi,Margherita,Veg,S,3,355,38,Wallet,3,1065
924,2/8/2024,11:00:00,Mumbai,Veg Extravaganza,Veg,M,1,584,48,Wallet,1,584
925,2/8/2024,12:00:00,Mumbai,Farmhouse,Non-Veg,S,3,252,32,Cash,4,756
926,2/8/2024,13:00:00,Chennai,Chicken Dominator,Veg,M,4,272,42,Wallet,1,1088
927,2/8/2024,14:00:00,Chennai,Margherita,Non-Veg,S,1,382,31,UPI,3,382
928,2/8/2024,15:00:00,Bangalore,Farmhouse,Non-Veg,S,2,568,48,Wallet,4,1136
929,2/8/2024,16:00:00,Pune,Pepper Barbecue,Veg,S,2,388,25,UPI,4,776
930,2/8/2024,17:00:00,Mumbai,Farmhouse,Non-Veg,M,3,212,42,UPI,1,636
931,2/8/2024,18:00:00,Delhi,Margherita,Non-Veg,L,2,246,50,UPI,1,492
932,2/8/2024,19:00:00,Hyderabad,Pepper Barbecue,Non-Veg,L,3,359,40,Wallet,3,1077
933,2/8/2024,20:00:00,Mumbai,Farmhouse,Veg,S,3,483,43,Card,4,1449
934,2/8/2024,21:00:00,Mumbai,Pepper Barbecue,Veg,M,3,252,27,Card,5,756
935,2/8/2024,22:00:00,Bangalore,Margherita,Veg,M,3,486,28,Wallet,1,1458
936,2/8/2024,23:00:00,Pune,Margherita,Non-Veg,M,4,207,41,Card,5,828
937,2/9/2024,0:00:00,Hyderabad,Pepper Barbecue,Non-Veg,M,4,271,23,Card,5,1084
938,2/9/2024,1:00:00,Chennai,Peppy Paneer,Veg,S,1,579,32,UPI,4,579
939,2/9/2024,2:00:00,Chennai,Veg Extravaganza,Non-Veg,M,1,297,53,Cash,3,297
940,2/9/2024,3:00:00,Delhi,Farmhouse,Veg,M,2,286,22,Wallet,5,572
941,2/9/2024,4:00:00,Hyderabad,Farmhouse,Non-Veg,S,4,529,56,Wallet,3,2116
942,2/9/2024,5:00:00,Chennai,Peppy Paneer,Non-Veg,M,1,300,47,UPI,1,300
943,2/9/2024,6:00:00,Delhi,Peppy Paneer,Non-Veg,M,4,480,45,UPI,4,1920
944,2/9/2024,7:00:00,Pune,Peppy Paneer,Non-Veg,S,4,570,53,UPI,2,2280
945,2/9/2024,8:00:00,Delhi,Chicken Dominator,Veg,M,2,488,34,UPI,4,976
946,2/9/2024,9:00:00,Chennai,Chicken Dominator,Veg,L,2,436,27,UPI,2,872
947,2/9/2024,10:00:00,Bangalore,Pepper Barbecue,Non-Veg,L,3,395,54,Card,1,1185
948,2/9/2024,11:00:00,Bangalore,Chicken Dominator,Veg,M,4,590,43,Cash,3,2360
949,2/9/2024,12:00:00,Bangalore,Margherita,Veg,M,3,296,56,Wallet,1,888
950,2/9/2024,13:00:00,Chennai,Pepper Barbecue,Non-Veg,M,3,567,23,UPI,4,1701
951,2/9/2024,14:00:00,Bangalore,Farmhouse,Veg,M,3,295,31,UPI,2,885
952,2/9/2024,15:00:00,Hyderabad,Veg Extravaganza,Non-Veg,S,4,460,38,UPI,2,1840
953,2/9/2024,16:00:00,Pune,Margherita,Non-Veg,M,4,320,34,UPI,4,1280
954,2/9/2024,17:00:00,Delhi,Farmhouse,Non-Veg,M,3,565,49,UPI,4,1695
955,2/9/2024,18:00:00,Delhi,Farmhouse,Non-Veg,M,4,472,56,UPI,1,1888
956,2/9/2024,19:00:00,Chennai,Pepper Barbecue,Non-Veg,L,3,531,31,Wallet,5,1593
957,2/9/2024,20:00:00,Bangalore,Peppy Paneer,Non-Veg,L,1,251,38,UPI,2,251
958,2/9/2024,21:00:00,Bangalore,Peppy Paneer,Non-Veg,S,4,595,53,Card,4,2380
959,2/9/2024,22:00:00,Mumbai,Margherita,Veg,S,2,517,26,Card,1,1034
960,2/9/2024,23:00:00,Pune,Peppy Paneer,Non-Veg,S,2,362,47,Card,5,724
961,2/10/2024,0:00:00,Hyderabad,Farmhouse,Non-Veg,L,3,389,47,Card,3,1167
962,2/10/2024,1:00:00,Delhi,Peppy Paneer,Veg,L,1,476,48,Cash,4,476
963,2/10/2024,2:00:00,Mumbai,Chicken Dominator,Veg,L,4,284,56,Card,5,1136
964,2/10/2024,3:00:00,Mumbai,Peppy Paneer,Non-Veg,M,3,393,39,Cash,3,1179
965,2/10/2024,4:00:00,Chennai,Farmhouse,Veg,L,1,380,30,UPI,3,380
966,2/10/2024,5:00:00,Delhi,Pepper Barbecue,Non-Veg,M,1,220,58,UPI,1,220
967,2/10/2024,6:00:00,Chennai,Margherita,Non-Veg,L,4,598,42,Cash,2,2392
968,2/10/2024,7:00:00,Hyderabad,Veg Extravaganza,Veg,L,2,402,39,UPI,4,804
969,2/10/2024,8:00:00,Mumbai,Peppy Paneer,Non-Veg,M,2,401,39,Card,5,802
970,2/10/2024,9:00:00,Mumbai,Farmhouse,Veg,M,1,350,30,Card,3,350
971,2/10/2024,10:00:00,Pune,Veg Extravaganza,Non-Veg,L,2,583,21,UPI,2,1166
972,2/10/2024,11:00:00,Hyderabad,Veg Extravaganza,Veg,M,1,358,32,Card,3,358
973,2/10/2024,12:00:00,Mumbai,Chicken Dominator,Non-Veg,S,1,509,32,Cash,4,509
974,2/10/2024,13:00:00,Hyderabad,Veg Extravaganza,Veg,S,1,225,34,Cash,4,225
975,2/10/2024,14:00:00,Delhi,Pepper Barbecue,Veg,M,2,508,50,Card,1,1016
976,2/10/2024,15:00:00,Bangalore,Farmhouse,Veg,M,3,265,42,Cash,4,795
977,2/10/2024,16:00:00,Mumbai,Farmhouse,Veg,S,2,462,41,Cash,4,924
978,2/10/2024,17:00:00,Pune,Peppy Paneer,Veg,S,3,366,35,Card,4,1098
979,2/10/2024,18:00:00,Delhi,Peppy Paneer,Veg,M,2,487,48,UPI,2,974
980,2/10/2024,19:00:00,Hyderabad,Peppy Paneer,Veg,M,4,353,39,UPI,5,1412
981,2/10/2024,20:00:00,Chennai,Pepper Barbecue,Non-Veg,S,4,542,47,UPI,5,2168
982,2/10/2024,21:00:00,Delhi,Veg Extravaganza,Non-Veg,S,2,405,46,UPI,4,810
983,2/10/2024,22:00:00,Mumbai,Veg Extravaganza,Non-Veg,S,4,352,48,UPI,5,1408
984,2/10/2024,23:00:00,Hyderabad,Chicken Dominator,Non-Veg,S,4,383,24,Wallet,4,1532
985,2/11/2024,0:00:00,Bangalore,Pepper Barbecue,Veg,L,4,358,57,Card,5,1432
986,2/11/2024,1:00:00,Delhi,Peppy Paneer,Veg,S,4,393,57,Cash,5,1572
987,2/11/2024,2:00:00,Mumbai,Margherita,Veg,L,3,201,21,Card,3,603
988,2/11/2024,3:00:00,Pune,Chicken Dominator,Non-Veg,M,1,414,39,UPI,2,414
989,2/11/2024,4:00:00,Chennai,Margherita,Non-Veg,L,3,374,32,UPI,3,1122
990,2/11/2024,5:00:00,Hyderabad,Veg Extravaganza,Veg,S,1,274,45,Wallet,3,274
991,2/11/2024,6:00:00,Delhi,Chicken Dominator,Veg,S,1,484,54,UPI,5,484
992,2/11/2024,7:00:00,Delhi,Chicken Dominator,Veg,S,2,326,27,Card,1,652
993,2/11/2024,8:00:00,Bangalore,Farmhouse,Non-Veg,S,2,248,47,UPI,1,496
994,2/11/2024,9:00:00,Bangalore,Veg Extravaganza,Non-Veg,M,2,231,34,UPI,2,462
995,2/11/2024,10:00:00,Pune,Veg Extravaganza,Veg,S,2,357,27,UPI,4,714
996,2/11/2024,11:00:00,Chennai,Pepper Barbecue,Veg,S,2,214,30,Card,5,428
997,2/11/2024,12:00:00,Pune,Chicken Dominator,Non-Veg,L,3,517,48,Cash,2,1551
998,2/11/2024,13:00:00,Mumbai,Veg Extravaganza,Non-Veg,M,3,533,24,Card,3,1599
999,2/11/2024,14:00:00,Mumbai,Chicken Dominator,Veg,S,4,442,26,Card,5,1768
1000,2/11/2024,15:00:00,Pune,Pepper Barbecue,Non-Veg,S,3,216,37,Wallet,3,648
1001,2/11/2024,16:00:00,Chennai,Pepper Barbecue,Veg,S,3,221,47,Card,2,663
1002,2/11/2024,17:00:00,Pune,Farmhouse,Non-Veg,L,2,443,31,Cash,1,886
1003,2/11/2024,18:00:00,Chennai,Chicken Dominator,Non-Veg,L,4,280,31,UPI,2,1120
1004,2/11/2024,19:00:00,Chennai,Veg Extravaganza,Veg,L,3,343,55,Cash,5,1029
1005,2/11/2024,20:00:00,Hyderabad,Veg Extravaganza,Veg,L,3,207,48,Card,5,621
1006,2/11/2024,21:00:00,Chennai,Chicken Dominator,Non-Veg,M,4,366,30,UPI,4,1464
1007,2/11/2024,22:00:00,Bangalore,Chicken Dominator,Veg,S,1,486,25,UPI,1,486
1008,2/11/2024,23:00:00,Chennai,Chicken Dominator,Non-Veg,M,2,467,40,UPI,5,934
1009,2/12/2024,0:00:00,Chennai,Peppy Paneer,Non-Veg,L,3,488,29,UPI,1,1464
1010,2/12/2024,1:00:00,Chennai,Veg Extravaganza,Non-Veg,L,3,385,51,Cash,5,1155
1011,2/12/2024,2:00:00,Mumbai,Pepper Barbecue,Veg,M,4,211,52,Card,1,844
1012,2/12/2024,3:00:00,Bangalore,Veg Extravaganza,Veg,M,3,480,36,Wallet,2,1440
1013,2/12/2024,4:00:00,Bangalore,Peppy Paneer,Non-Veg,L,2,503,22,Card,1,1006
1014,2/12/2024,5:00:00,Pune,Chicken Dominator,Veg,S,3,282,37,Card,3,846
1015,2/12/2024,6:00:00,Hyderabad,Farmhouse,Non-Veg,L,1,254,29,UPI,2,254
1016,2/12/2024,7:00:00,Chennai,Chicken Dominator,Non-Veg,S,2,330,58,Card,5,660
1017,2/12/2024,8:00:00,Delhi,Chicken Dominator,Veg,M,1,324,27,Card,5,324
1018,2/12/2024,9:00:00,Hyderabad,Peppy Paneer,Non-Veg,S,4,524,53,Cash,4,2096
1019,2/12/2024,10:00:00,Hyderabad,Veg Extravaganza,Veg,M,2,250,56,Card,3,500
1020,2/12/2024,11:00:00,Bangalore,Chicken Dominator,Veg,M,3,226,52,Card,4,678
1021,2/12/2024,12:00:00,Hyderabad,Veg Extravaganza,Non-Veg,M,2,364,29,UPI,2,728
1022,2/12/2024,13:00:00,Chennai,Margherita,Non-Veg,L,2,599,59,Card,4,1198
1023,2/12/2024,14:00:00,Chennai,Pepper Barbecue,Veg,M,2,480,37,Cash,2,960
1024,2/12/2024,15:00:00,Mumbai,Veg Extravaganza,Non-Veg,L,1,232,44,Card,4,232
1025,2/12/2024,16:00:00,Chennai,Farmhouse,Veg,S,4,261,55,UPI,1,1044
1026,2/12/2024,17:00:00,Chennai,Pepper Barbecue,Veg,L,2,344,21,UPI,2,688
1027,2/12/2024,18:00:00,Bangalore,Farmhouse,Veg,S,3,370,38,Card,2,1110
1028,2/12/2024,19:00:00,Chennai,Chicken Dominator,Non-Veg,S,2,485,29,Card,1,970
1029,2/12/2024,20:00:00,Mumbai,Pepper Barbecue,Veg,S,2,496,22,UPI,1,992
1030,2/12/2024,21:00:00,Delhi,Veg Extravaganza,Veg,M,4,316,38,Cash,3,1264
1031,2/12/2024,22:00:00,Bangalore,Pepper Barbecue,Veg,L,3,203,45,UPI,1,609
1032,2/12/2024,23:00:00,Delhi,Chicken Dominator,Non-Veg,S,3,265,44,UPI,4,795
1033,2/13/2024,0:00:00,Bangalore,Peppy Paneer,Veg,M,1,259,36,Cash,1,259
1034,2/13/2024,1:00:00,Pune,Farmhouse,Veg,L,3,592,29,Card,1,1776
1035,2/13/2024,2:00:00,Hyderabad,Chicken Dominator,Veg,M,3,486,30,Cash,2,1458
1036,2/13/2024,3:00:00,Pune,Peppy Paneer,Non-Veg,L,3,544,30,UPI,2,1632
1037,2/13/2024,4:00:00,Chennai,Pepper Barbecue,Non-Veg,S,2,428,31,UPI,1,856
1038,2/13/2024,5:00:00,Delhi,Pepper Barbecue,Veg,L,1,299,59,UPI,3,299
1039,2/13/2024,6:00:00,Chennai,Chicken Dominator,Non-Veg,S,3,318,27,UPI,2,954
1040,2/13/2024,7:00:00,Hyderabad,Veg Extravaganza,Veg,L,3,268,43,Cash,4,804
1041,2/13/2024,8:00:00,Bangalore,Pepper Barbecue,Non-Veg,M,3,351,33,UPI,4,1053
1042,2/13/2024,9:00:00,Hyderabad,Veg Extravaganza,Veg,M,2,479,42,Wallet,1,958
1043,2/13/2024,10:00:00,Mumbai,Veg Extravaganza,Veg,S,2,420,55,Cash,1,840
1044,2/13/2024,11:00:00,Hyderabad,Veg Extravaganza,Veg,S,1,422,36,Card,3,422
1045,2/13/2024,12:00:00,Mumbai,Margherita,Non-Veg,S,4,364,24,Wallet,1,1456
1046,2/13/2024,13:00:00,Hyderabad,Peppy Paneer,Non-Veg,M,1,410,22,UPI,5,410
1047,2/13/2024,14:00:00,Mumbai,Peppy Paneer,Veg,S,2,478,28,UPI,5,956
1048,2/13/2024,15:00:00,Delhi,Pepper Barbecue,Non-Veg,L,3,262,39,Card,1,786
1049,2/13/2024,16:00:00,Chennai,Pepper Barbecue,Veg,S,3,573,39,UPI,5,1719
1050,2/13/2024,17:00:00,Chennai,Veg Extravaganza,Veg,L,1,569,38,Wallet,4,569
1051,2/13/2024,18:00:00,Pune,Margherita,Veg,S,3,461,40,Wallet,1,1383
1052,2/13/2024,19:00:00,Chennai,Veg Extravaganza,Non-Veg,S,2,205,35,Wallet,4,410
1053,2/13/2024,20:00:00,Bangalore,Margherita,Non-Veg,L,1,447,52,Wallet,4,447
1054,2/13/2024,21:00:00,Hyderabad,Veg Extravaganza,Veg,L,4,428,24,Card,5,1712
1055,2/13/2024,22:00:00,Pune,Farmhouse,Veg,M,2,485,43,Card,3,970
1056,2/13/2024,23:00:00,Bangalore,Farmhouse,Veg,S,2,456,34,UPI,4,912
1057,2/14/2024,0:00:00,Bangalore,Chicken Dominator,Veg,M,3,262,45,Cash,5,786
1058,2/14/2024,1:00:00,Mumbai,Veg Extravaganza,Veg,M,2,591,44,UPI,3,1182
1059,2/14/2024,2:00:00,Chennai,Pepper Barbecue,Veg,M,2,227,47,Cash,5,454
1060,2/14/2024,3:00:00,Delhi,Peppy Paneer,Veg,M,4,544,52,Wallet,5,2176
1061,2/14/2024,4:00:00,Delhi,Chicken Dominator,Veg,M,3,252,37,UPI,1,756
1062,2/14/2024,5:00:00,Pune,Pepper Barbecue,Veg,S,2,451,37,UPI,2,902
1063,2/14/2024,6:00:00,Delhi,Farmhouse,Veg,L,3,237,57,Card,3,711
1064,2/14/2024,7:00:00,Hyderabad,Veg Extravaganza,Veg,L,2,507,52,Cash,5,1014
1065,2/14/2024,8:00:00,Delhi,Chicken Dominator,Non-Veg,S,4,533,46,Cash,4,2132
1066,2/14/2024,9:00:00,Pune,Veg Extravaganza,Veg,M,3,338,34,Card,4,1014
1067,2/14/2024,10:00:00,Delhi,Farmhouse,Non-Veg,S,3,585,32,Cash,2,1755
1068,2/14/2024,11:00:00,Hyderabad,Chicken Dominator,Veg,L,4,252,53,UPI,3,1008
1069,2/14/2024,12:00:00,Mumbai,Farmhouse,Veg,M,1,293,23,Card,1,293
1070,2/14/2024,13:00:00,Pune,Margherita,Veg,S,2,293,54,Card,3,586
1071,2/14/2024,14:00:00,Mumbai,Farmhouse,Veg,S,2,462,38,UPI,4,924
1072,2/14/2024,15:00:00,Mumbai,Veg Extravaganza,Veg,S,1,522,50,UPI,4,522
1073,2/14/2024,16:00:00,Mumbai,Peppy Paneer,Non-Veg,M,3,336,44,Cash,1,1008
1074,2/14/2024,17:00:00,Bangalore,Farmhouse,Veg,L,3,571,59,Wallet,1,1713
1075,2/14/2024,18:00:00,Chennai,Pepper Barbecue,Veg,S,4,455,31,Card,4,1820
1076,2/14/2024,19:00:00,Bangalore,Peppy Paneer,Non-Veg,S,4,594,31,Wallet,5,2376
1077,2/14/2024,20:00:00,Chennai,Margherita,Veg,M,4,236,44,UPI,5,944
1078,2/14/2024,21:00:00,Mumbai,Chicken Dominator,Non-Veg,S,1,341,52,Wallet,1,341
1079,2/14/2024,22:00:00,Pune,Chicken Dominator,Veg,M,1,346,56,UPI,5,346
1080,2/14/2024,23:00:00,Chennai,Peppy Paneer,Non-Veg,M,3,207,47,Card,1,621
1081,2/15/2024,0:00:00,Hyderabad,Chicken Dominator,Veg,M,4,450,28,UPI,3,1800
1082,2/15/2024,1:00:00,Hyderabad,Farmhouse,Veg,L,3,334,33,Cash,3,1002
1083,2/15/2024,2:00:00,Delhi,Peppy Paneer,Non-Veg,L,1,258,22,UPI,3,258
1084,2/15/2024,3:00:00,Chennai,Veg Extravaganza,Veg,M,2,322,24,UPI,1,644
1085,2/15/2024,4:00:00,Pune,Farmhouse,Veg,L,3,462,45,UPI,1,1386
1086,2/15/2024,5:00:00,Bangalore,Farmhouse,Non-Veg,L,1,319,37,UPI,5,319
1087,2/15/2024,6:00:00,Mumbai,Farmhouse,Veg,S,4,458,57,UPI,5,1832
1088,2/15/2024,7:00:00,Delhi,Veg Extravaganza,Veg,S,2,522,40,Card,5,1044
1089,2/15/2024,8:00:00,Hyderabad,Margherita,Non-Veg,S,2,217,58,UPI,2,434
1090,2/15/2024,9:00:00,Bangalore,Pepper Barbecue,Veg,M,2,500,35,UPI,1,1000
1091,2/15/2024,10:00:00,Bangalore,Chicken Dominator,Non-Veg,L,4,552,59,UPI,3,2208
1092,2/15/2024,11:00:00,Mumbai,Peppy Paneer,Non-Veg,M,2,291,42,UPI,3,582
1093,2/15/2024,12:00:00,Chennai,Margherita,Veg,M,1,363,48,Card,2,363
1094,2/15/2024,13:00:00,Hyderabad,Peppy Paneer,Veg,M,3,343,29,Card,2,1029
1095,2/15/2024,14:00:00,Pune,Chicken Dominator,Veg,S,2,534,24,Card,3,1068
1096,2/15/2024,15:00:00,Bangalore,Veg Extravaganza,Veg,M,2,514,30,UPI,1,1028
1097,2/15/2024,16:00:00,Mumbai,Farmhouse,Non-Veg,S,1,437,48,Card,3,437
1098,2/15/2024,17:00:00,Pune,Farmhouse,Veg,S,4,373,46,Card,3,1492
1099,2/15/2024,18:00:00,Chennai,Veg Extravaganza,Veg,L,2,282,53,UPI,2,564
1100,2/15/2024,19:00:00,Hyderabad,Margherita,Non-Veg,L,1,356,33,UPI,2,356
1101,2/15/2024,20:00:00,Chennai,Margherita,Non-Veg,L,1,308,29,UPI,5,308
1102,2/15/2024,21:00:00,Bangalore,Peppy Paneer,Veg,L,4,377,30,UPI,2,1508
1103,2/15/2024,22:00:00,Pune,Veg Extravaganza,Veg,L,4,449,30,UPI,3,1796
1104,2/15/2024,23:00:00,Pune,Margherita,Non-Veg,M,3,452,54,UPI,5,1356
1105,2/16/2024,0:00:00,Pune,Veg Extravaganza,Non-Veg,M,2,254,38,UPI,3,508
1106,2/16/2024,1:00:00,Bangalore,Chicken Dominator,Non-Veg,M,3,354,43,Card,1,1062
1107,2/16/2024,2:00:00,Bangalore,Farmhouse,Veg,M,1,590,20,Wallet,1,590
1108,2/16/2024,3:00:00,Chennai,Farmhouse,Veg,M,2,290,31,Card,2,580
1109,2/16/2024,4:00:00,Delhi,Farmhouse,Veg,L,1,538,33,Card,5,538
1110,2/16/2024,5:00:00,Chennai,Veg Extravaganza,Veg,S,1,325,22,UPI,4,325
1111,2/16/2024,6:00:00,Hyderabad,Veg Extravaganza,Non-Veg,M,1,536,51,UPI,1,536
1112,2/16/2024,7:00:00,Mumbai,Peppy Paneer,Non-Veg,M,4,368,35,UPI,1,1472
1113,2/16/2024,8:00:00,Pune,Farmhouse,Non-Veg,S,4,338,57,Card,1,1352
1114,2/16/2024,9:00:00,Delhi,Peppy Paneer,Veg,L,2,204,29,Card,1,408
1115,2/16/2024,10:00:00,Mumbai,Farmhouse,Non-Veg,S,1,265,36,Cash,2,265
1116,2/16/2024,11:00:00,Delhi,Peppy Paneer,Non-Veg,M,1,310,59,UPI,5,310
1117,2/16/2024,12:00:00,Chennai,Peppy Paneer,Non-Veg,S,2,383,23,UPI,1,766
1118,2/16/2024,13:00:00,Bangalore,Chicken Dominator,Veg,L,3,467,34,Card,2,1401
1119,2/16/2024,14:00:00,Pune,Peppy Paneer,Veg,M,1,369,52,Card,5,369
1120,2/16/2024,15:00:00,Chennai,Veg Extravaganza,Non-Veg,M,4,561,58,UPI,5,2244
1121,2/16/2024,16:00:00,Mumbai,Peppy Paneer,Veg,L,3,443,29,Card,4,1329
1122,2/16/2024,17:00:00,Mumbai,Farmhouse,Non-Veg,M,3,530,26,UPI,3,1590
1123,2/16/2024,18:00:00,Mumbai,Peppy Paneer,Veg,S,3,337,52,Card,1,1011
1124,2/16/2024,19:00:00,Mumbai,Margherita,Non-Veg,S,3,227,36,UPI,2,681
1125,2/16/2024,20:00:00,Mumbai,Pepper Barbecue,Non-Veg,L,3,206,31,Card,5,618
1126,2/16/2024,21:00:00,Delhi,Farmhouse,Non-Veg,M,3,597,36,Cash,4,1791
1127,2/16/2024,22:00:00,Chennai,Margherita,Veg,S,2,532,35,Wallet,3,1064
1128,2/16/2024,23:00:00,Pune,Farmhouse,Non-Veg,S,2,516,33,Wallet,5,1032
1129,2/17/2024,0:00:00,Bangalore,Veg Extravaganza,Non-Veg,S,3,250,22,Card,5,750
1130,2/17/2024,1:00:00,Bangalore,Pepper Barbecue,Veg,M,4,335,49,Card,1,1340
1131,2/17/2024,2:00:00,Chennai,Pepper Barbecue,Non-Veg,S,2,377,54,UPI,3,754
1132,2/17/2024,3:00:00,Chennai,Veg Extravaganza,Veg,S,2,328,45,UPI,3,656
1133,2/17/2024,4:00:00,Bangalore,Pepper Barbecue,Veg,M,3,396,31,UPI,2,1188
1134,2/17/2024,5:00:00,Bangalore,Veg Extravaganza,Veg,M,4,466,50,UPI,4,1864
1135,2/17/2024,6:00:00,Delhi,Margherita,Non-Veg,M,3,306,36,Card,2,918
1136,2/17/2024,7:00:00,Hyderabad,Chicken Dominator,Veg,M,4,247,56,UPI,4,988
1137,2/17/2024,8:00:00,Pune,Farmhouse,Non-Veg,M,4,337,27,UPI,2,1348
1138,2/17/2024,9:00:00,Mumbai,Veg Extravaganza,Veg,M,1,598,38,Card,4,598
1139,2/17/2024,10:00:00,Hyderabad,Farmhouse,Veg,L,2,302,45,Card,1,604
1140,2/17/2024,11:00:00,Chennai,Margherita,Non-Veg,S,3,246,23,Card,4,738
1141,2/17/2024,12:00:00,Bangalore,Chicken Dominator,Non-Veg,M,2,352,34,Card,2,704
1142,2/17/2024,13:00:00,Hyderabad,Margherita,Non-Veg,M,2,567,33,UPI,3,1134
1143,2/17/2024,14:00:00,Pune,Pepper Barbecue,Veg,S,4,205,49,UPI,5,820
1144,2/17/2024,15:00:00,Chennai,Farmhouse,Veg,L,2,210,43,Cash,4,420
1145,2/17/2024,16:00:00,Mumbai,Chicken Dominator,Non-Veg,S,1,216,53,UPI,4,216
1146,2/17/2024,17:00:00,Mumbai,Pepper Barbecue,Non-Veg,M,3,342,38,Card,3,1026
1147,2/17/2024,18:00:00,Pune,Chicken Dominator,Veg,M,2,471,22,Card,1,942
1148,2/17/2024,19:00:00,Pune,Pepper Barbecue,Veg,S,3,511,23,Wallet,2,1533
1149,2/17/2024,20:00:00,Bangalore,Margherita,Non-Veg,M,2,265,30,Card,1,530
1150,2/17/2024,21:00:00,Mumbai,Veg Extravaganza,Veg,M,3,538,32,Card,4,1614
1151,2/17/2024,22:00:00,Chennai,Farmhouse,Non-Veg,L,3,530,37,UPI,4,1590
1152,2/17/2024,23:00:00,Hyderabad,Peppy Paneer,Veg,L,3,455,38,Wallet,1,1365
1153,2/18/2024,0:00:00,Chennai,Peppy Paneer,Veg,S,2,326,52,Card,2,652
1154,2/18/2024,1:00:00,Delhi,Margherita,Non-Veg,M,1,330,57,UPI,4,330
1155,2/18/2024,2:00:00,Delhi,Farmhouse,Veg,L,3,217,22,Card,4,651
1156,2/18/2024,3:00:00,Pune,Farmhouse,Veg,S,4,406,54,UPI,1,1624
1157,2/18/2024,4:00:00,Bangalore,Margherita,Non-Veg,M,4,288,20,UPI,5,1152
1158,2/18/2024,5:00:00,Delhi,Farmhouse,Veg,L,4,442,54,UPI,3,1768
1159,2/18/2024,6:00:00,Mumbai,Veg Extravaganza,Veg,M,1,549,55,Cash,4,549
1160,2/18/2024,7:00:00,Chennai,Margherita,Non-Veg,S,3,216,57,Card,2,648
1161,2/18/2024,8:00:00,Chennai,Veg Extravaganza,Veg,M,1,422,58,Card,5,422
1162,2/18/2024,9:00:00,Pune,Farmhouse,Veg,M,3,569,44,Card,1,1707
1163,2/18/2024,10:00:00,Hyderabad,Margherita,Veg,L,1,562,59,Card,1,562
1164,2/18/2024,11:00:00,Pune,Farmhouse,Veg,S,3,409,32,UPI,2,1227
1165,2/18/2024,12:00:00,Hyderabad,Margherita,Non-Veg,L,4,298,23,UPI,5,1192
1166,2/18/2024,13:00:00,Pune,Farmhouse,Non-Veg,M,3,212,25,UPI,2,636
1167,2/18/2024,14:00:00,Pune,Veg Extravaganza,Veg,S,1,518,30,UPI,4,518
1168,2/18/2024,15:00:00,Pune,Veg Extravaganza,Non-Veg,M,3,469,20,Wallet,5,1407
1169,2/18/2024,16:00:00,Hyderabad,Farmhouse,Non-Veg,M,2,386,27,Cash,3,772
1170,2/18/2024,17:00:00,Hyderabad,Margherita,Veg,S,3,473,53,UPI,3,1419
1171,2/18/2024,18:00:00,Pune,Peppy Paneer,Non-Veg,S,4,332,59,UPI,2,1328
1172,2/18/2024,19:00:00,Delhi,Veg Extravaganza,Veg,L,3,213,28,Wallet,3,639
1173,2/18/2024,20:00:00,Bangalore,Veg Extravaganza,Non-Veg,L,2,480,55,UPI,2,960
1174,2/18/2024,21:00:00,Bangalore,Pepper Barbecue,Non-Veg,M,2,243,58,Card,4,486
1175,2/18/2024,22:00:00,Bangalore,Peppy Paneer,Veg,S,2,576,56,UPI,4,1152
1176,2/18/2024,23:00:00,Hyderabad,Farmhouse,Veg,L,1,494,40,Card,2,494
1177,2/19/2024,0:00:00,Hyderabad,Margherita,Veg,M,2,595,39,Wallet,4,1190
1178,2/19/2024,1:00:00,Delhi,Pepper Barbecue,Veg,S,1,303,57,Cash,3,303
1179,2/19/2024,2:00:00,Bangalore,Farmhouse,Veg,L,2,261,20,Card,4,522
1180,2/19/2024,3:00:00,Bangalore,Chicken Dominator,Non-Veg,S,1,252,54,Card,3,252
1181,2/19/2024,4:00:00,Pune,Veg Extravaganza,Veg,M,2,508,47,Card,3,1016
1182,2/19/2024,5:00:00,Hyderabad,Chicken Dominator,Veg,M,2,317,26,UPI,1,634
1183,2/19/2024,6:00:00,Bangalore,Veg Extravaganza,Non-Veg,M,3,520,28,UPI,4,1560
1184,2/19/2024,7:00:00,Chennai,Veg Extravaganza,Veg,S,2,330,20,Wallet,4,660
1185,2/19/2024,8:00:00,Delhi,Chicken Dominator,Non-Veg,M,3,498,55,UPI,2,1494
1186,2/19/2024,9:00:00,Chennai,Chicken Dominator,Non-Veg,L,2,505,53,UPI,2,1010
1187,2/19/2024,10:00:00,Chennai,Farmhouse,Veg,M,2,398,53,Card,5,796
1188,2/19/2024,11:00:00,Delhi,Pepper Barbecue,Veg,M,3,592,36,Wallet,3,1776
1189,2/19/2024,12:00:00,Chennai,Pepper Barbecue,Veg,S,3,235,51,Card,1,705
1190,2/19/2024,13:00:00,Bangalore,Chicken Dominator,Non-Veg,L,1,478,21,Card,3,478
1191,2/19/2024,14:00:00,Hyderabad,Farmhouse,Veg,L,4,415,55,Card,4,1660
1192,2/19/2024,15:00:00,Delhi,Pepper Barbecue,Non-Veg,L,3,273,44,Card,5,819
1193,2/19/2024,16:00:00,Pune,Farmhouse,Non-Veg,M,1,505,45,Card,3,505
1194,2/19/2024,17:00:00,Chennai,Farmhouse,Veg,L,2,254,45,Wallet,5,508
1195,2/19/2024,18:00:00,Delhi,Veg Extravaganza,Non-Veg,S,3,580,40,Card,3,1740
1196,2/19/2024,19:00:00,Mumbai,Pepper Barbecue,Veg,M,3,211,37,UPI,4,633
1197,2/19/2024,20:00:00,Mumbai,Pepper Barbecue,Non-Veg,M,2,282,48,Cash,4,564
1198,2/19/2024,21:00:00,Hyderabad,Veg Extravaganza,Veg,M,2,231,43,Cash,3,462
1199,2/19/2024,22:00:00,Bangalore,Chicken Dominator,Non-Veg,L,2,285,47,UPI,1,570
1200,2/19/2024,23:00:00,Hyderabad,Veg Extravaganza,Veg,M,2,431,31,UPI,4,862
1201,2/20/2024,0:00:00,Hyderabad,Pepper Barbecue,Non-Veg,S,4,474,30,Wallet,2,1896
1202,2/20/2024,1:00:00,Hyderabad,Pepper Barbecue,Veg,M,3,400,46,UPI,1,1200
1203,2/20/2024,2:00:00,Hyderabad,Chicken Dominator,Veg,M,2,250,42,Card,3,500
1204,2/20/2024,3:00:00,Pune,Veg Extravaganza,Veg,M,2,519,52,UPI,1,1038
1205,2/20/2024,4:00:00,Pune,Margherita,Veg,S,4,455,35,Card,2,1820
1206,2/20/2024,5:00:00,Delhi,Margherita,Non-Veg,S,3,440,47,Card,4,1320
1207,2/20/2024,6:00:00,Mumbai,Chicken Dominator,Non-Veg,M,1,404,47,Card,4,404
1208,2/20/2024,7:00:00,Hyderabad,Veg Extravaganza,Veg,L,3,585,57,UPI,4,1755
1209,2/20/2024,8:00:00,Delhi,Veg Extravaganza,Veg,L,1,583,25,UPI,2,583
1210,2/20/2024,9:00:00,Mumbai,Farmhouse,Veg,L,4,594,48,Wallet,1,2376
1211,2/20/2024,10:00:00,Chennai,Pepper Barbecue,Veg,L,2,395,53,Cash,3,790
1212,2/20/2024,11:00:00,Bangalore,Peppy Paneer,Veg,S,4,443,22,Cash,3,1772
1213,2/20/2024,12:00:00,Pune,Chicken Dominator,Veg,L,3,519,25,Card,1,1557
1214,2/20/2024,13:00:00,Chennai,Peppy Paneer,Veg,M,2,200,57,Card,4,400
1215,2/20/2024,14:00:00,Mumbai,Peppy Paneer,Veg,L,3,288,32,Cash,3,864
1216,2/20/2024,15:00:00,Chennai,Chicken Dominator,Non-Veg,M,1,481,55,Cash,4,481
1217,2/20/2024,16:00:00,Bangalore,Veg Extravaganza,Veg,L,3,338,34,Cash,5,1014
1218,2/20/2024,17:00:00,Mumbai,Chicken Dominator,Veg,M,4,286,25,UPI,5,1144
1219,2/20/2024,18:00:00,Chennai,Peppy Paneer,Non-Veg,S,4,201,52,UPI,3,804
1220,2/20/2024,19:00:00,Pune,Pepper Barbecue,Non-Veg,M,4,548,31,Card,1,2192
1221,2/20/2024,20:00:00,Pune,Pepper Barbecue,Veg,S,2,367,32,UPI,1,734
1222,2/20/2024,21:00:00,Delhi,Pepper Barbecue,Non-Veg,L,3,318,52,Card,1,954
1223,2/20/2024,22:00:00,Chennai,Veg Extravaganza,Non-Veg,M,2,587,47,Card,4,1174
1224,2/20/2024,23:00:00,Hyderabad,Margherita,Veg,M,3,279,55,UPI,5,837
1225,2/21/2024,0:00:00,Chennai,Chicken Dominator,Veg,L,1,310,24,Cash,4,310
1226,2/21/2024,1:00:00,Mumbai,Pepper Barbecue,Veg,M,3,364,44,UPI,2,1092
1227,2/21/2024,2:00:00,Mumbai,Chicken Dominator,Veg,M,3,581,36,Card,2,1743
1228,2/21/2024,3:00:00,Chennai,Pepper Barbecue,Veg,S,3,418,56,UPI,3,1254
1229,2/21/2024,4:00:00,Bangalore,Veg Extravaganza,Non-Veg,M,3,204,38,Wallet,2,612
1230,2/21/2024,5:00:00,Pune,Margherita,Veg,L,1,598,54,UPI,1,598
1231,2/21/2024,6:00:00,Mumbai,Margherita,Veg,L,2,414,53,Cash,3,828
1232,2/21/2024,7:00:00,Pune,Pepper Barbecue,Veg,L,4,394,25,Card,5,1576
1233,2/21/2024,8:00:00,Mumbai,Veg Extravaganza,Veg,S,3,481,38,UPI,5,1443
1234,2/21/2024,9:00:00,Delhi,Farmhouse,Non-Veg,S,4,205,20,Card,2,820
1235,2/21/2024,10:00:00,Hyderabad,Chicken Dominator,Veg,S,4,578,26,Wallet,2,2312
1236,2/21/2024,11:00:00,Mumbai,Chicken Dominator,Non-Veg,L,4,499,53,UPI,5,1996
1237,2/21/2024,12:00:00,Pune,Peppy Paneer,Veg,S,4,257,38,UPI,2,1028
1238,2/21/2024,13:00:00,Delhi,Veg Extravaganza,Veg,S,3,536,52,UPI,2,1608
1239,2/21/2024,14:00:00,Mumbai,Peppy Paneer,Non-Veg,M,4,501,45,UPI,4,2004
1240,2/21/2024,15:00:00,Bangalore,Pepper Barbecue,Veg,M,3,301,46,Wallet,5,903
1241,2/21/2024,16:00:00,Hyderabad,Peppy Paneer,Veg,L,1,247,57,UPI,5,247
1242,2/21/2024,17:00:00,Mumbai,Margherita,Non-Veg,M,2,569,45,Card,2,1138
1243,2/21/2024,18:00:00,Delhi,Chicken Dominator,Veg,M,2,475,54,UPI,1,950
1244,2/21/2024,19:00:00,Bangalore,Peppy Paneer,Non-Veg,M,3,570,39,UPI,4,1710
1245,2/21/2024,20:00:00,Chennai,Margherita,Non-Veg,L,3,362,43,UPI,1,1086
1246,2/21/2024,21:00:00,Delhi,Veg Extravaganza,Veg,M,2,531,40,UPI,2,1062
1247,2/21/2024,22:00:00,Delhi,Peppy Paneer,Veg,M,4,395,45,Card,5,1580
1248,2/21/2024,23:00:00,Bangalore,Pepper Barbecue,Veg,M,3,576,39,UPI,1,1728
1249,2/22/2024,0:00:00,Delhi,Pepper Barbecue,Veg,S,4,564,25,Cash,3,2256
1250,2/22/2024,1:00:00,Bangalore,Pepper Barbecue,Non-Veg,L,3,523,22,Card,1,1569
1251,2/22/2024,2:00:00,Mumbai,Chicken Dominator,Non-Veg,S,3,331,29,UPI,5,993
1252,2/22/2024,3:00:00,Bangalore,Peppy Paneer,Veg,L,1,265,31,UPI,2,265
1253,2/22/2024,4:00:00,Bangalore,Veg Extravaganza,Veg,S,1,599,52,UPI,1,599
1254,2/22/2024,5:00:00,Hyderabad,Peppy Paneer,Veg,L,2,590,41,UPI,2,1180
1255,2/22/2024,6:00:00,Bangalore,Chicken Dominator,Veg,L,1,282,35,Card,4,282
1256,2/22/2024,7:00:00,Bangalore,Margherita,Non-Veg,M,1,464,36,Cash,3,464
1257,2/22/2024,8:00:00,Chennai,Chicken Dominator,Veg,M,2,428,29,Wallet,5,856
1258,2/22/2024,9:00:00,Mumbai,Pepper Barbecue,Non-Veg,M,4,472,31,Cash,5,1888
1259,2/22/2024,10:00:00,Hyderabad,Margherita,Non-Veg,M,1,418,38,UPI,2,418
1260,2/22/2024,11:00:00,Chennai,Pepper Barbecue,Non-Veg,S,4,424,59,UPI,3,1696
1261,2/22/2024,12:00:00,Pune,Farmhouse,Veg,M,2,312,42,Wallet,5,624
1262,2/22/2024,13:00:00,Mumbai,Chicken Dominator,Non-Veg,L,3,339,59,Card,1,1017
1263,2/22/2024,14:00:00,Mumbai,Chicken Dominator,Non-Veg,S,4,384,29,UPI,5,1536
1264,2/22/2024,15:00:00,Pune,Veg Extravaganza,Non-Veg,L,2,372,29,UPI,1,744
1265,2/22/2024,16:00:00,Bangalore,Peppy Paneer,Veg,M,4,575,29,UPI,5,2300
1266,2/22/2024,17:00:00,Chennai,Margherita,Veg,M,2,210,58,Card,1,420
1267,2/22/2024,18:00:00,Delhi,Margherita,Non-Veg,L,2,596,49,Cash,4,1192
1268,2/22/2024,19:00:00,Hyderabad,Veg Extravaganza,Veg,M,3,358,23,UPI,2,1074
1269,2/22/2024,20:00:00,Delhi,Veg Extravaganza,Veg,M,4,404,20,UPI,4,1616
1270,2/22/2024,21:00:00,Pune,Peppy Paneer,Non-Veg,L,3,429,38,UPI,1,1287
1271,2/22/2024,22:00:00,Mumbai,Pepper Barbecue,Veg,L,3,225,24,UPI,2,675
1272,2/22/2024,23:00:00,Mumbai,Peppy Paneer,Veg,S,4,518,49,Card,3,2072
1273,2/23/2024,0:00:00,Hyderabad,Chicken Dominator,Veg,M,4,358,45,Card,1,1432
1274,2/23/2024,1:00:00,Mumbai,Pepper Barbecue,Non-Veg,M,2,477,59,UPI,5,954
1275,2/23/2024,2:00:00,Mumbai,Farmhouse,Veg,S,4,589,53,Card,5,2356
1276,2/23/2024,3:00:00,Hyderabad,Peppy Paneer,Non-Veg,S,2,347,21,UPI,3,694
1277,2/23/2024,4:00:00,Chennai,Veg Extravaganza,Veg,M,2,465,43,Card,4,930
1278,2/23/2024,5:00:00,Chennai,Pepper Barbecue,Veg,M,2,282,33,Card,1,564
1279,2/23/2024,6:00:00,Hyderabad,Peppy Paneer,Non-Veg,L,2,225,32,UPI,5,450
1280,2/23/2024,7:00:00,Pune,Margherita,Veg,L,2,270,48,Card,2,540
1281,2/23/2024,8:00:00,Mumbai,Farmhouse,Non-Veg,M,2,236,20,UPI,3,472
1282,2/23/2024,9:00:00,Mumbai,Chicken Dominator,Veg,S,4,591,53,UPI,4,2364
1283,2/23/2024,10:00:00,Pune,Margherita,Veg,S,4,332,23,UPI,4,1328
1284,2/23/2024,11:00:00,Chennai,Margherita,Veg,M,1,325,47,UPI,2,325
1285,2/23/2024,12:00:00,Bangalore,Farmhouse,Veg,M,4,314,38,Cash,2,1256
1286,2/23/2024,13:00:00,Bangalore,Chicken Dominator,Non-Veg,S,3,291,20,UPI,3,873
1287,2/23/2024,14:00:00,Bangalore,Veg Extravaganza,Non-Veg,M,1,441,55,Card,2,441
1288,2/23/2024,15:00:00,Chennai,Pepper Barbecue,Veg,L,4,399,32,Wallet,5,1596
1289,2/23/2024,16:00:00,Chennai,Chicken Dominator,Veg,L,3,406,24,UPI,4,1218
1290,2/23/2024,17:00:00,Pune,Peppy Paneer,Non-Veg,L,4,316,52,UPI,2,1264
1291,2/23/2024,18:00:00,Mumbai,Margherita,Veg,M,2,418,33,UPI,1,836
1292,2/23/2024,19:00:00,Pune,Peppy Paneer,Veg,S,1,504,35,UPI,2,504
1293,2/23/2024,20:00:00,Pune,Veg Extravaganza,Non-Veg,S,2,442,51,UPI,4,884
1294,2/23/2024,21:00:00,Chennai,Peppy Paneer,Non-Veg,L,1,491,46,Card,5,491
1295,2/23/2024,22:00:00,Bangalore,Chicken Dominator,Non-Veg,M,1,481,54,UPI,2,481
1296,2/23/2024,23:00:00,Delhi,Peppy Paneer,Non-Veg,M,2,500,22,Card,5,1000
1297,2/24/2024,0:00:00,Mumbai,Veg Extravaganza,Non-Veg,S,1,516,23,UPI,1,516
1298,2/24/2024,1:00:00,Chennai,Veg Extravaganza,Veg,M,1,371,26,UPI,4,371
1299,2/24/2024,2:00:00,Bangalore,Veg Extravaganza,Veg,S,4,587,32,UPI,3,2348
1300,2/24/2024,3:00:00,Delhi,Chicken Dominator,Veg,S,3,275,22,UPI,4,825
1301,2/24/2024,4:00:00,Delhi,Veg Extravaganza,Non-Veg,M,2,408,36,UPI,3,816
1302,2/24/2024,5:00:00,Chennai,Margherita,Non-Veg,M,4,513,29,Card,3,2052
1303,2/24/2024,6:00:00,Hyderabad,Veg Extravaganza,Non-Veg,S,4,304,20,Card,4,1216
1304,2/24/2024,7:00:00,Mumbai,Peppy Paneer,Non-Veg,S,2,225,47,UPI,3,450
1305,2/24/2024,8:00:00,Delhi,Pepper Barbecue,Non-Veg,L,1,550,29,Card,5,550
1306,2/24/2024,9:00:00,Chennai,Peppy Paneer,Non-Veg,M,2,278,26,UPI,1,556
1307,2/24/2024,10:00:00,Chennai,Pepper Barbecue,Veg,M,3,327,58,UPI,2,981
1308,2/24/2024,11:00:00,Bangalore,Peppy Paneer,Non-Veg,M,3,336,22,Cash,3,1008
1309,2/24/2024,12:00:00,Hyderabad,Chicken Dominator,Veg,L,2,533,26,Wallet,3,1066
1310,2/24/2024,13:00:00,Mumbai,Peppy Paneer,Veg,S,4,235,28,Cash,4,940
1311,2/24/2024,14:00:00,Pune,Chicken Dominator,Non-Veg,S,2,587,59,UPI,5,1174
1312,2/24/2024,15:00:00,Bangalore,Chicken Dominator,Non-Veg,M,3,258,54,Wallet,2,774
1313,2/24/2024,16:00:00,Delhi,Veg Extravaganza,Veg,S,2,429,45,Card,3,858
1314,2/24/2024,17:00:00,Delhi,Margherita,Veg,M,1,323,24,Card,5,323
1315,2/24/2024,18:00:00,Bangalore,Pepper Barbecue,Non-Veg,M,2,287,32,Wallet,2,574
1316,2/24/2024,19:00:00,Chennai,Veg Extravaganza,Non-Veg,L,4,536,49,Cash,4,2144
1317,2/24/2024,20:00:00,Delhi,Veg Extravaganza,Non-Veg,L,1,340,59,Card,3,340
1318,2/24/2024,21:00:00,Hyderabad,Chicken Dominator,Veg,L,3,472,58,Cash,4,1416
1319,2/24/2024,22:00:00,Mumbai,Chicken Dominator,Veg,S,2,250,29,UPI,4,500
1320,2/24/2024,23:00:00,Hyderabad,Pepper Barbecue,Veg,L,4,254,42,Card,3,1016
1321,2/25/2024,0:00:00,Delhi,Peppy Paneer,Veg,S,4,536,30,UPI,5,2144
1322,2/25/2024,1:00:00,Pune,Peppy Paneer,Veg,M,3,349,31,Wallet,5,1047
1323,2/25/2024,2:00:00,Mumbai,Veg Extravaganza,Non-Veg,L,2,352,32,Card,4,704
1324,2/25/2024,3:00:00,Mumbai,Farmhouse,Veg,S,4,418,59,Cash,4,1672
1325,2/25/2024,4:00:00,Bangalore,Farmhouse,Veg,M,1,418,35,UPI,1,418
1326,2/25/2024,5:00:00,Bangalore,Peppy Paneer,Veg,S,2,565,28,Cash,2,1130
1327,2/25/2024,6:00:00,Pune,Farmhouse,Veg,S,3,595,29,UPI,4,1785
1328,2/25/2024,7:00:00,Chennai,Peppy Paneer,Non-Veg,L,1,598,48,Card,4,598
1329,2/25/2024,8:00:00,Mumbai,Chicken Dominator,Non-Veg,S,2,541,28,Cash,2,1082
1330,2/25/2024,9:00:00,Pune,Veg Extravaganza,Non-Veg,S,4,457,52,UPI,3,1828
1331,2/25/2024,10:00:00,Bangalore,Margherita,Veg,M,3,587,43,UPI,5,1761
1332,2/25/2024,11:00:00,Bangalore,Veg Extravaganza,Veg,L,3,244,54,Card,3,732
1333,2/25/2024,12:00:00,Mumbai,Peppy Paneer,Veg,S,2,468,30,UPI,2,936
1334,2/25/2024,13:00:00,Hyderabad,Peppy Paneer,Veg,M,3,510,58,UPI,2,1530
1335,2/25/2024,14:00:00,Delhi,Veg Extravaganza,Non-Veg,L,1,359,32,UPI,1,359
1336,2/25/2024,15:00:00,Bangalore,Pepper Barbecue,Veg,S,2,477,42,UPI,1,954
1337,2/25/2024,16:00:00,Chennai,Peppy Paneer,Non-Veg,M,1,544,44,Cash,5,544
1338,2/25/2024,17:00:00,Chennai,Farmhouse,Veg,L,3,254,35,Wallet,4,762
1339,2/25/2024,18:00:00,Bangalore,Farmhouse,Non-Veg,M,3,344,40,Card,2,1032
1340,2/25/2024,19:00:00,Hyderabad,Peppy Paneer,Non-Veg,L,3,434,29,UPI,1,1302
1341,2/25/2024,20:00:00,Hyderabad,Peppy Paneer,Non-Veg,S,1,378,59,Cash,3,378
1342,2/25/2024,21:00:00,Pune,Pepper Barbecue,Veg,L,3,407,38,Card,1,1221
1343,2/25/2024,22:00:00,Chennai,Farmhouse,Non-Veg,L,2,335,54,Cash,3,670
1344,2/25/2024,23:00:00,Pune,Peppy Paneer,Non-Veg,S,4,552,47,UPI,1,2208
1345,2/26/2024,0:00:00,Chennai,Peppy Paneer,Veg,S,2,593,21,UPI,3,1186
1346,2/26/2024,1:00:00,Delhi,Pepper Barbecue,Veg,L,4,474,49,Card,1,1896
1347,2/26/2024,2:00:00,Delhi,Pepper Barbecue,Non-Veg,M,3,583,59,UPI,1,1749
1348,2/26/2024,3:00:00,Mumbai,Veg Extravaganza,Non-Veg,M,2,597,59,Cash,5,1194
1349,2/26/2024,4:00:00,Pune,Pepper Barbecue,Veg,M,1,522,24,Card,4,522
1350,2/26/2024,5:00:00,Bangalore,Margherita,Veg,L,4,382,57,UPI,2,1528
1351,2/26/2024,6:00:00,Pune,Farmhouse,Non-Veg,L,1,260,34,Card,4,260
1352,2/26/2024,7:00:00,Bangalore,Veg Extravaganza,Veg,S,4,262,55,Card,5,1048
1353,2/26/2024,8:00:00,Hyderabad,Margherita,Veg,S,3,560,22,UPI,3,1680
1354,2/26/2024,9:00:00,Pune,Peppy Paneer,Veg,L,2,414,43,UPI,4,828
1355,2/26/2024,10:00:00,Hyderabad,Peppy Paneer,Non-Veg,L,4,559,31,UPI,2,2236
1356,2/26/2024,11:00:00,Delhi,Veg Extravaganza,Veg,M,2,338,27,UPI,2,676
1357,2/26/2024,12:00:00,Delhi,Pepper Barbecue,Non-Veg,L,4,333,33,UPI,3,1332
1358,2/26/2024,13:00:00,Mumbai,Peppy Paneer,Veg,L,4,233,37,UPI,2,932
1359,2/26/2024,14:00:00,Pune,Chicken Dominator,Non-Veg,S,3,392,39,UPI,5,1176
1360,2/26/2024,15:00:00,Hyderabad,Veg Extravaganza,Non-Veg,L,4,554,42,Cash,4,2216
1361,2/26/2024,16:00:00,Bangalore,Margherita,Veg,M,1,519,24,UPI,2,519
1362,2/26/2024,17:00:00,Delhi,Veg Extravaganza,Veg,S,4,286,20,UPI,4,1144
1363,2/26/2024,18:00:00,Delhi,Farmhouse,Veg,M,4,409,21,UPI,1,1636
1364,2/26/2024,19:00:00,Bangalore,Pepper Barbecue,Veg,L,4,280,35,UPI,4,1120
1365,2/26/2024,20:00:00,Hyderabad,Pepper Barbecue,Non-Veg,L,3,521,24,Wallet,3,1563
1366,2/26/2024,21:00:00,Hyderabad,Veg Extravaganza,Veg,S,2,538,41,Card,5,1076
1367,2/26/2024,22:00:00,Pune,Peppy Paneer,Non-Veg,S,2,389,20,Cash,2,778
1368,2/26/2024,23:00:00,Pune,Peppy Paneer,Veg,M,3,547,31,Card,5,1641
1369,2/27/2024,0:00:00,Chennai,Chicken Dominator,Veg,L,1,432,38,Card,4,432
1370,2/27/2024,1:00:00,Chennai,Chicken Dominator,Veg,L,1,591,41,Wallet,2,591
1371,2/27/2024,2:00:00,Mumbai,Pepper Barbecue,Veg,M,3,368,36,UPI,5,1104
1372,2/27/2024,3:00:00,Delhi,Chicken Dominator,Veg,M,2,450,32,Card,3,900
1373,2/27/2024,4:00:00,Pune,Margherita,Non-Veg,S,1,367,58,Card,1,367
1374,2/27/2024,5:00:00,Hyderabad,Chicken Dominator,Veg,M,3,430,47,Wallet,1,1290
1375,2/27/2024,6:00:00,Bangalore,Margherita,Veg,S,2,349,22,UPI,3,698
1376,2/27/2024,7:00:00,Hyderabad,Chicken Dominator,Non-Veg,L,1,351,24,Card,1,351
1377,2/27/2024,8:00:00,Delhi,Pepper Barbecue,Non-Veg,S,1,237,55,UPI,3,237
1378,2/27/2024,9:00:00,Chennai,Pepper Barbecue,Veg,M,3,585,34,Wallet,4,1755
1379,2/27/2024,10:00:00,Hyderabad,Margherita,Non-Veg,S,2,580,36,Card,3,1160
1380,2/27/2024,11:00:00,Mumbai,Veg Extravaganza,Veg,M,1,496,48,Cash,1,496
1381,2/27/2024,12:00:00,Delhi,Pepper Barbecue,Non-Veg,S,3,474,23,Cash,4,1422
1382,2/27/2024,13:00:00,Chennai,Veg Extravaganza,Non-Veg,M,1,304,51,Card,3,304
1383,2/27/2024,14:00:00,Bangalore,Peppy Paneer,Non-Veg,S,2,585,57,Card,3,1170
1384,2/27/2024,15:00:00,Chennai,Margherita,Non-Veg,L,4,547,23,Card,4,2188
1385,2/27/2024,16:00:00,Mumbai,Pepper Barbecue,Veg,M,1,551,32,Card,2,551
1386,2/27/2024,17:00:00,Delhi,Farmhouse,Non-Veg,L,2,261,39,UPI,1,522
1387,2/27/2024,18:00:00,Bangalore,Peppy Paneer,Veg,M,1,215,37,UPI,2,215
1388,2/27/2024,19:00:00,Mumbai,Veg Extravaganza,Veg,M,4,549,56,UPI,4,2196
1389,2/27/2024,20:00:00,Chennai,Pepper Barbecue,Veg,M,4,349,31,Wallet,4,1396
1390,2/27/2024,21:00:00,Mumbai,Margherita,Non-Veg,L,1,341,44,UPI,5,341
1391,2/27/2024,22:00:00,Delhi,Chicken Dominator,Non-Veg,M,3,315,49,Cash,5,945
1392,2/27/2024,23:00:00,Pune,Farmhouse,Veg,S,1,511,34,UPI,4,511
1393,2/28/2024,0:00:00,Mumbai,Veg Extravaganza,Non-Veg,L,2,264,55,Card,5,528
1394,2/28/2024,1:00:00,Mumbai,Peppy Paneer,Non-Veg,S,3,509,27,UPI,3,1527
1395,2/28/2024,2:00:00,Chennai,Margherita,Veg,L,2,393,47,Card,2,786
1396,2/28/2024,3:00:00,Chennai,Farmhouse,Veg,S,2,541,41,UPI,4,1082
1397,2/28/2024,4:00:00,Bangalore,Margherita,Non-Veg,M,3,360,57,Card,3,1080
1398,2/28/2024,5:00:00,Chennai,Pepper Barbecue,Veg,S,4,505,35,Card,1,2020
1399,2/28/2024,6:00:00,Hyderabad,Chicken Dominator,Veg,L,2,560,24,Cash,1,1120
1400,2/28/2024,7:00:00,Delhi,Peppy Paneer,Non-Veg,M,1,477,53,Card,5,477
1401,2/28/2024,8:00:00,Delhi,Margherita,Non-Veg,M,4,495,57,Wallet,5,1980
1402,2/28/2024,9:00:00,Pune,Veg Extravaganza,Non-Veg,S,4,238,30,Cash,3,952
1403,2/28/2024,10:00:00,Pune,Pepper Barbecue,Non-Veg,M,3,560,21,UPI,1,1680
1404,2/28/2024,11:00:00,Delhi,Pepper Barbecue,Veg,L,1,368,44,UPI,4,368
1405,2/28/2024,12:00:00,Pune,Peppy Paneer,Veg,M,1,267,44,UPI,2,267
1406,2/28/2024,13:00:00,Bangalore,Pepper Barbecue,Non-Veg,S,4,206,20,UPI,5,824
1407,2/28/2024,14:00:00,Chennai,Veg Extravaganza,Veg,M,2,284,50,Card,3,568
1408,2/28/2024,15:00:00,Delhi,Margherita,Non-Veg,M,2,398,24,Wallet,5,796
1409,2/28/2024,16:00:00,Pune,Peppy Paneer,Veg,S,1,331,59,Card,3,331
1410,2/28/2024,17:00:00,Delhi,Pepper Barbecue,Veg,S,4,275,23,Cash,1,1100
1411,2/28/2024,18:00:00,Hyderabad,Pepper Barbecue,Veg,L,4,449,24,UPI,5,1796
1412,2/28/2024,19:00:00,Mumbai,Veg Extravaganza,Non-Veg,L,4,546,24,UPI,3,2184
1413,2/28/2024,20:00:00,Chennai,Chicken Dominator,Veg,S,3,408,35,Cash,3,1224
1414,2/28/2024,21:00:00,Delhi,Chicken Dominator,Veg,L,1,283,37,UPI,5,283
1415,2/28/2024,22:00:00,Mumbai,Pepper Barbecue,Veg,S,1,422,36,Cash,2,422
1416,2/28/2024,23:00:00,Pune,Margherita,Non-Veg,M,2,452,54,UPI,4,904
1417,2/29/2024,0:00:00,Mumbai,Peppy Paneer,Veg,M,2,230,37,Cash,1,460
1418,2/29/2024,1:00:00,Chennai,Pepper Barbecue,Veg,S,1,554,23,Cash,5,554
1419,2/29/2024,2:00:00,Delhi,Farmhouse,Veg,M,1,400,50,Card,5,400
1420,2/29/2024,3:00:00,Hyderabad,Peppy Paneer,Non-Veg,L,2,251,50,Cash,2,502
1421,2/29/2024,4:00:00,Pune,Chicken Dominator,Veg,L,1,567,28,UPI,1,567
1422,2/29/2024,5:00:00,Delhi,Pepper Barbecue,Veg,S,2,271,50,UPI,5,542
1423,2/29/2024,6:00:00,Chennai,Veg Extravaganza,Veg,S,1,220,24,UPI,2,220
1424,2/29/2024,7:00:00,Pune,Farmhouse,Veg,L,3,215,55,UPI,4,645
1425,2/29/2024,8:00:00,Bangalore,Pepper Barbecue,Non-Veg,S,3,215,35,UPI,3,645
1426,2/29/2024,9:00:00,Mumbai,Margherita,Veg,M,4,374,35,Cash,4,1496
1427,2/29/2024,10:00:00,Chennai,Farmhouse,Non-Veg,S,1,511,39,UPI,4,511
1428,2/29/2024,11:00:00,Bangalore,Pepper Barbecue,Non-Veg,M,2,537,49,Wallet,4,1074
1429,2/29/2024,12:00:00,Delhi,Margherita,Veg,S,1,277,45,Wallet,4,277
1430,2/29/2024,13:00:00,Hyderabad,Farmhouse,Non-Veg,L,1,439,50,Card,3,439
1431,2/29/2024,14:00:00,Pune,Margherita,Non-Veg,L,4,236,34,Wallet,1,944
1432,2/29/2024,15:00:00,Mumbai,Margherita,Non-Veg,S,2,431,57,Cash,1,862
1433,2/29/2024,16:00:00,Pune,Farmhouse,Veg,L,1,599,57,Card,2,599
1434,2/29/2024,17:00:00,Delhi,Farmhouse,Veg,M,2,412,39,Card,2,824
1435,2/29/2024,18:00:00,Pune,Margherita,Veg,S,1,392,54,Card,5,392
1436,2/29/2024,19:00:00,Mumbai,Chicken Dominator,Non-Veg,L,4,259,42,UPI,4,1036
1437,2/29/2024,20:00:00,Delhi,Farmhouse,Veg,M,2,388,58,UPI,4,776
1438,2/29/2024,21:00:00,Pune,Pepper Barbecue,Veg,S,1,466,44,Card,3,466
1439,2/29/2024,22:00:00,Hyderabad,Peppy Paneer,Veg,S,3,325,41,UPI,4,975
1440,2/29/2024,23:00:00,Chennai,Veg Extravaganza,Veg,L,2,402,27,Wallet,3,804
1441,3/1/2024,0:00:00,Delhi,Margherita,Veg,L,4,521,28,Card,5,2084
1442,3/1/2024,1:00:00,Chennai,Margherita,Veg,L,3,581,34,UPI,2,1743
1443,3/1/2024,2:00:00,Delhi,Veg Extravaganza,Veg,S,2,231,39,UPI,2,462
1444,3/1/2024,3:00:00,Hyderabad,Chicken Dominator,Non-Veg,L,2,511,54,UPI,5,1022
1445,3/1/2024,4:00:00,Chennai,Veg Extravaganza,Veg,S,2,460,56,UPI,5,920
1446,3/1/2024,5:00:00,Bangalore,Farmhouse,Non-Veg,L,2,586,22,UPI,4,1172
1447,3/1/2024,6:00:00,Mumbai,Veg Extravaganza,Veg,S,1,545,53,Wallet,2,545
1448,3/1/2024,7:00:00,Bangalore,Margherita,Veg,M,1,293,53,UPI,1,293
1449,3/1/2024,8:00:00,Pune,Veg Extravaganza,Non-Veg,M,2,527,55,Card,5,1054
1450,3/1/2024,9:00:00,Hyderabad,Peppy Paneer,Non-Veg,L,4,299,54,UPI,2,1196
1451,3/1/2024,10:00:00,Bangalore,Pepper Barbecue,Veg,L,1,484,28,Wallet,2,484
1452,3/1/2024,11:00:00,Delhi,Farmhouse,Non-Veg,M,2,514,49,Card,3,1028
1453,3/1/2024,12:00:00,Pune,Veg Extravaganza,Non-Veg,M,2,224,45,Card,2,448
1454,3/1/2024,13:00:00,Pune,Margherita,Non-Veg,L,4,552,31,Cash,5,2208
1455,3/1/2024,14:00:00,Bangalore,Pepper Barbecue,Veg,S,4,556,43,Card,4,2224
1456,3/1/2024,15:00:00,Bangalore,Farmhouse,Veg,L,4,316,38,UPI,2,1264
1457,3/1/2024,16:00:00,Hyderabad,Margherita,Non-Veg,L,3,398,35,UPI,1,1194
1458,3/1/2024,17:00:00,Mumbai,Chicken Dominator,Non-Veg,S,2,478,45,UPI,5,956
1459,3/1/2024,18:00:00,Bangalore,Peppy Paneer,Veg,S,4,269,42,Card,4,1076
1460,3/1/2024,19:00:00,Bangalore,Chicken Dominator,Non-Veg,M,2,534,52,UPI,4,1068
1461,3/1/2024,20:00:00,Chennai,Peppy Paneer,Veg,S,1,278,49,Cash,5,278
1462,3/1/2024,21:00:00,Delhi,Veg Extravaganza,Veg,M,2,553,42,UPI,4,1106
1463,3/1/2024,22:00:00,Chennai,Farmhouse,Veg,L,2,213,29,UPI,1,426
1464,3/1/2024,23:00:00,Chennai,Veg Extravaganza,Non-Veg,M,3,228,55,Wallet,2,684
1465,3/2/2024,0:00:00,Pune,Peppy Paneer,Veg,S,1,343,50,Wallet,5,343
1466,3/2/2024,1:00:00,Mumbai,Peppy Paneer,Non-Veg,M,1,542,41,Wallet,2,542
1467,3/2/2024,2:00:00,Delhi,Peppy Paneer,Veg,M,3,209,57,Card,2,627
1468,3/2/2024,3:00:00,Hyderabad,Pepper Barbecue,Non-Veg,L,4,246,21,UPI,4,984
1469,3/2/2024,4:00:00,Hyderabad,Margherita,Non-Veg,S,4,459,42,Cash,5,1836
1470,3/2/2024,5:00:00,Bangalore,Farmhouse,Non-Veg,M,2,211,54,UPI,2,422
1471,3/2/2024,6:00:00,Bangalore,Veg Extravaganza,Non-Veg,L,3,497,56,UPI,3,1491
1472,3/2/2024,7:00:00,Hyderabad,Veg Extravaganza,Veg,M,4,425,51,UPI,1,1700
1473,3/2/2024,8:00:00,Bangalore,Chicken Dominator,Veg,M,1,459,31,Card,4,459
1474,3/2/2024,9:00:00,Mumbai,Peppy Paneer,Veg,S,3,283,54,UPI,5,849
1475,3/2/2024,10:00:00,Chennai,Peppy Paneer,Veg,L,4,547,22,Cash,5,2188
1476,3/2/2024,11:00:00,Bangalore,Peppy Paneer,Non-Veg,M,1,547,53,UPI,4,547
1477,3/2/2024,12:00:00,Pune,Veg Extravaganza,Veg,L,3,205,57,UPI,2,615
1478,3/2/2024,13:00:00,Bangalore,Chicken Dominator,Veg,L,2,597,43,UPI,4,1194
1479,3/2/2024,14:00:00,Delhi,Margherita,Veg,M,2,446,57,UPI,5,892
1480,3/2/2024,15:00:00,Mumbai,Pepper Barbecue,Veg,M,1,234,36,Wallet,3,234
1481,3/2/2024,16:00:00,Delhi,Farmhouse,Veg,S,4,374,59,Wallet,2,1496
1482,3/2/2024,17:00:00,Delhi,Margherita,Non-Veg,S,4,264,20,UPI,4,1056
1483,3/2/2024,18:00:00,Pune,Veg Extravaganza,Veg,L,3,346,27,Wallet,5,1038
1484,3/2/2024,19:00:00,Mumbai,Pepper Barbecue,Veg,M,1,256,34,Card,5,256
1485,3/2/2024,20:00:00,Mumbai,Pepper Barbecue,Non-Veg,M,4,392,44,UPI,5,1568
1486,3/2/2024,21:00:00,Mumbai,Pepper Barbecue,Non-Veg,L,2,212,27,Card,3,424
1487,3/2/2024,22:00:00,Mumbai,Peppy Paneer,Veg,S,1,591,51,Wallet,2,591
1488,3/2/2024,23:00:00,Mumbai,Farmhouse,Non-Veg,M,2,217,32,UPI,4,434
1489,3/3/2024,0:00:00,Pune,Veg Extravaganza,Veg,M,1,445,34,UPI,2,445
1490,3/3/2024,1:00:00,Bangalore,Veg Extravaganza,Veg,M,3,362,25,UPI,5,1086
1491,3/3/2024,2:00:00,Delhi,Pepper Barbecue,Veg,L,4,542,52,UPI,3,2168
1492,3/3/2024,3:00:00,Mumbai,Veg Extravaganza,Veg,M,4,313,26,UPI,3,1252
1493,3/3/2024,4:00:00,Bangalore,Farmhouse,Non-Veg,M,4,481,52,Card,5,1924
1494,3/3/2024,5:00:00,Bangalore,Farmhouse,Veg,M,2,432,48,Cash,2,864
1495,3/3/2024,6:00:00,Delhi,Chicken Dominator,Veg,S,4,365,57,UPI,2,1460
1496,3/3/2024,7:00:00,Pune,Chicken Dominator,Non-Veg,M,1,521,56,UPI,3,521
1497,3/3/2024,8:00:00,Hyderabad,Margherita,Veg,M,2,225,51,Cash,1,450
1498,3/3/2024,9:00:00,Hyderabad,Farmhouse,Veg,L,3,325,22,UPI,3,975
1499,3/3/2024,10:00:00,Bangalore,Farmhouse,Non-Veg,L,2,512,39,Cash,3,1024
1500,3/3/2024,11:00:00,Chennai,Farmhouse,Veg,M,3,480,33,Wallet,4,1440
1501,3/3/2024,12:00:00,Chennai,Chicken Dominator,Non-Veg,M,2,485,47,Wallet,3,970
1502,3/3/2024,13:00:00,Delhi,Pepper Barbecue,Veg,S,4,590,57,Card,1,2360
1503,3/3/2024,14:00:00,Hyderabad,Pepper Barbecue,Non-Veg,S,3,482,23,UPI,3,1446
1504,3/3/2024,15:00:00,Bangalore,Veg Extravaganza,Veg,M,4,338,34,UPI,2,1352
1505,3/3/2024,16:00:00,Pune,Pepper Barbecue,Non-Veg,M,2,300,36,Card,4,600
1506,3/3/2024,17:00:00,Hyderabad,Peppy Paneer,Veg,S,3,591,56,Wallet,4,1773
1507,3/3/2024,18:00:00,Bangalore,Chicken Dominator,Non-Veg,M,1,210,43,UPI,3,210
1508,3/3/2024,19:00:00,Bangalore,Farmhouse,Veg,L,1,581,57,UPI,4,581
1509,3/3/2024,20:00:00,Mumbai,Pepper Barbecue,Veg,S,2,415,55,Cash,4,830
1510,3/3/2024,21:00:00,Pune,Chicken Dominator,Veg,L,3,229,27,UPI,3,687
1511,3/3/2024,22:00:00,Mumbai,Pepper Barbecue,Non-Veg,S,1,293,22,UPI,1,293
1512,3/3/2024,23:00:00,Delhi,Margherita,Non-Veg,M,4,315,49,Wallet,3,1260
1513,3/4/2024,0:00:00,Mumbai,Farmhouse,Veg,L,4,470,41,UPI,2,1880
1514,3/4/2024,1:00:00,Mumbai,Margherita,Veg,M,2,490,52,UPI,5,980
1515,3/4/2024,2:00:00,Hyderabad,Farmhouse,Non-Veg,L,4,238,44,Card,1,952
1516,3/4/2024,3:00:00,Chennai,Chicken Dominator,Veg,S,4,223,49,Cash,3,892
1517,3/4/2024,4:00:00,Bangalore,Veg Extravaganza,Non-Veg,M,4,463,56,UPI,1,1852
1518,3/4/2024,5:00:00,Pune,Pepper Barbecue,Non-Veg,M,1,242,22,UPI,5,242
1519,3/4/2024,6:00:00,Mumbai,Pepper Barbecue,Non-Veg,M,3,369,23,Card,4,1107
1520,3/4/2024,7:00:00,Pune,Peppy Paneer,Veg,L,2,539,48,Card,4,1078
1521,3/4/2024,8:00:00,Chennai,Margherita,Veg,L,3,368,51,UPI,5,1104
1522,3/4/2024,9:00:00,Chennai,Pepper Barbecue,Non-Veg,L,3,502,42,UPI,4,1506
1523,3/4/2024,10:00:00,Mumbai,Chicken Dominator,Non-Veg,S,3,225,38,Card,1,675
1524,3/4/2024,11:00:00,Delhi,Veg Extravaganza,Non-Veg,M,1,379,34,Cash,4,379
1525,3/4/2024,12:00:00,Mumbai,Chicken Dominator,Veg,M,4,349,35,Cash,5,1396
1526,3/4/2024,13:00:00,Hyderabad,Margherita,Veg,M,2,332,42,Card,5,664
1527,3/4/2024,14:00:00,Bangalore,Peppy Paneer,Veg,L,3,342,59,Cash,5,1026
1528,3/4/2024,15:00:00,Delhi,Pepper Barbecue,Non-Veg,S,4,363,56,UPI,2,1452
1529,3/4/2024,16:00:00,Mumbai,Chicken Dominator,Veg,M,1,300,20,Cash,1,300
1530,3/4/2024,17:00:00,Pune,Farmhouse,Veg,M,3,262,38,Cash,5,786
1531,3/4/2024,18:00:00,Delhi,Veg Extravaganza,Veg,L,4,292,56,Card,1,1168
1532,3/4/2024,19:00:00,Delhi,Chicken Dominator,Veg,L,1,406,54,UPI,2,406
1533,3/4/2024,20:00:00,Mumbai,Veg Extravaganza,Non-Veg,M,4,510,49,Card,1,2040
1534,3/4/2024,21:00:00,Delhi,Pepper Barbecue,Veg,S,2,271,36,Card,3,542
1535,3/4/2024,22:00:00,Pune,Farmhouse,Veg,M,4,259,58,UPI,2,1036
1536,3/4/2024,23:00:00,Chennai,Peppy Paneer,Veg,M,4,228,45,Card,2,912
1537,3/5/2024,0:00:00,Delhi,Peppy Paneer,Veg,L,2,218,32,Cash,4,436
1538,3/5/2024,1:00:00,Chennai,Farmhouse,Veg,M,2,272,41,Cash,5,544
1539,3/5/2024,2:00:00,Pune,Veg Extravaganza,Veg,M,4,593,42,UPI,2,2372
1540,3/5/2024,3:00:00,Mumbai,Pepper Barbecue,Non-Veg,M,2,556,52,UPI,1,1112
1541,3/5/2024,4:00:00,Bangalore,Chicken Dominator,Veg,M,4,593,46,Card,3,2372
1542,3/5/2024,5:00:00,Delhi,Farmhouse,Veg,L,3,445,54,Cash,1,1335
1543,3/5/2024,6:00:00,Bangalore,Margherita,Veg,S,4,512,31,Card,1,2048
1544,3/5/2024,7:00:00,Pune,Veg Extravaganza,Non-Veg,M,1,523,28,Card,3,523
1545,3/5/2024,8:00:00,Delhi,Peppy Paneer,Veg,L,2,286,53,UPI,4,572
1546,3/5/2024,9:00:00,Chennai,Farmhouse,Non-Veg,S,3,558,33,Card,5,1674
1547,3/5/2024,10:00:00,Hyderabad,Peppy Paneer,Veg,L,2,382,56,Wallet,2,764
1548,3/5/2024,11:00:00,Bangalore,Veg Extravaganza,Non-Veg,M,2,396,22,Card,5,792
1549,3/5/2024,12:00:00,Delhi,Peppy Paneer,Veg,M,2,443,40,Wallet,4,886
1550,3/5/2024,13:00:00,Bangalore,Farmhouse,Non-Veg,S,1,527,26,Card,3,527
1551,3/5/2024,14:00:00,Delhi,Veg Extravaganza,Veg,M,1,584,52,Cash,5,584
1552,3/5/2024,15:00:00,Mumbai,Margherita,Veg,M,4,317,54,UPI,1,1268
1553,3/5/2024,16:00:00,Chennai,Farmhouse,Non-Veg,S,1,595,30,UPI,2,595
1554,3/5/2024,17:00:00,Bangalore,Chicken Dominator,Veg,M,2,571,51,UPI,2,1142
1555,3/5/2024,18:00:00,Hyderabad,Pepper Barbecue,Non-Veg,S,3,281,41,Card,4,843
1556,3/5/2024,19:00:00,Hyderabad,Farmhouse,Veg,M,3,446,38,UPI,4,1338
1557,3/5/2024,20:00:00,Pune,Veg Extravaganza,Non-Veg,L,3,433,55,Card,3,1299
1558,3/5/2024,21:00:00,Delhi,Pepper Barbecue,Non-Veg,S,2,564,56,Wallet,4,1128
1559,3/5/2024,22:00:00,Bangalore,Farmhouse,Non-Veg,S,1,352,30,Card,5,352
1560,3/5/2024,23:00:00,Pune,Margherita,Non-Veg,L,3,471,32,UPI,2,1413
1561,3/6/2024,0:00:00,Bangalore,Margherita,Non-Veg,M,2,591,47,Wallet,3,1182
1562,3/6/2024,1:00:00,Delhi,Chicken Dominator,Non-Veg,S,2,234,34,Card,4,468
1563,3/6/2024,2:00:00,Hyderabad,Peppy Paneer,Veg,M,3,412,32,Card,1,1236
1564,3/6/2024,3:00:00,Mumbai,Pepper Barbecue,Veg,S,3,410,52,Cash,2,1230
1565,3/6/2024,4:00:00,Hyderabad,Veg Extravaganza,Non-Veg,S,4,338,27,Wallet,3,1352
1566,3/6/2024,5:00:00,Pune,Veg Extravaganza,Non-Veg,L,4,388,51,Card,2,1552
1567,3/6/2024,6:00:00,Chennai,Peppy Paneer,Non-Veg,L,2,499,56,Cash,5,998
1568,3/6/2024,7:00:00,Mumbai,Margherita,Non-Veg,M,4,594,23,Card,4,2376
1569,3/6/2024,8:00:00,Pune,Margherita,Non-Veg,S,4,451,37,Card,4,1804
1570,3/6/2024,9:00:00,Delhi,Farmhouse,Veg,S,3,594,42,Card,4,1782
1571,3/6/2024,10:00:00,Mumbai,Chicken Dominator,Veg,L,4,349,48,Card,1,1396
1572,3/6/2024,11:00:00,Pune,Pepper Barbecue,Veg,S,2,540,21,UPI,5,1080
1573,3/6/2024,12:00:00,Delhi,Chicken Dominator,Veg,M,3,418,32,Card,1,1254
1574,3/6/2024,13:00:00,Hyderabad,Chicken Dominator,Veg,S,4,281,35,UPI,5,1124
1575,3/6/2024,14:00:00,Chennai,Farmhouse,Non-Veg,M,4,389,27,Card,5,1556
1576,3/6/2024,15:00:00,Delhi,Chicken Dominator,Non-Veg,S,4,433,38,Card,5,1732
1577,3/6/2024,16:00:00,Bangalore,Peppy Paneer,Veg,M,1,375,51,Cash,4,375
1578,3/6/2024,17:00:00,Delhi,Farmhouse,Veg,L,4,431,22,UPI,4,1724
1579,3/6/2024,18:00:00,Delhi,Peppy Paneer,Veg,M,4,557,51,Cash,4,2228
1580,3/6/2024,19:00:00,Chennai,Farmhouse,Veg,S,2,262,40,Wallet,1,524
1581,3/6/2024,20:00:00,Bangalore,Chicken Dominator,Veg,L,4,436,44,Card,3,1744
1582,3/6/2024,21:00:00,Pune,Peppy Paneer,Veg,S,1,232,36,Cash,5,232
1583,3/6/2024,22:00:00,Pune,Peppy Paneer,Veg,M,3,412,44,UPI,1,1236
1584,3/6/2024,23:00:00,Delhi,Peppy Paneer,Veg,M,4,259,52,Wallet,4,1036
1585,3/7/2024,0:00:00,Bangalore,Farmhouse,Non-Veg,S,4,578,50,Card,4,2312
1586,3/7/2024,1:00:00,Bangalore,Veg Extravaganza,Veg,M,2,201,55,UPI,3,402
1587,3/7/2024,2:00:00,Chennai,Chicken Dominator,Veg,L,4,596,42,UPI,4,2384
1588,3/7/2024,3:00:00,Hyderabad,Peppy Paneer,Veg,L,4,256,44,Card,5,1024
1589,3/7/2024,4:00:00,Pune,Pepper Barbecue,Veg,M,4,500,49,UPI,2,2000
1590,3/7/2024,5:00:00,Chennai,Veg Extravaganza,Non-Veg,S,4,486,32,Cash,4,1944
1591,3/7/2024,6:00:00,Mumbai,Pepper Barbecue,Non-Veg,M,3,337,48,UPI,3,1011
1592,3/7/2024,7:00:00,Pune,Chicken Dominator,Veg,M,2,478,35,Card,2,956
1593,3/7/2024,8:00:00,Chennai,Chicken Dominator,Non-Veg,M,3,413,57,Card,5,1239
1594,3/7/2024,9:00:00,Pune,Peppy Paneer,Veg,M,1,438,46,Cash,5,438
1595,3/7/2024,10:00:00,Hyderabad,Peppy Paneer,Non-Veg,M,4,484,45,Card,5,1936
1596,3/7/2024,11:00:00,Mumbai,Farmhouse,Veg,S,1,230,30,Cash,3,230
1597,3/7/2024,12:00:00,Hyderabad,Veg Extravaganza,Veg,S,3,405,56,Wallet,2,1215
1598,3/7/2024,13:00:00,Mumbai,Veg Extravaganza,Non-Veg,M,1,473,22,Card,5,473
1599,3/7/2024,14:00:00,Delhi,Peppy Paneer,Non-Veg,M,4,210,45,Cash,4,840
1600,3/7/2024,15:00:00,Chennai,Chicken Dominator,Non-Veg,L,1,558,53,UPI,2,558
1601,3/7/2024,16:00:00,Mumbai,Peppy Paneer,Veg,M,3,246,52,Cash,5,738
1602,3/7/2024,17:00:00,Hyderabad,Chicken Dominator,Veg,L,4,202,34,UPI,2,808
1603,3/7/2024,18:00:00,Pune,Chicken Dominator,Non-Veg,L,2,329,21,Wallet,4,658
1604,3/7/2024,19:00:00,Mumbai,Peppy Paneer,Veg,L,3,271,47,UPI,1,813
1605,3/7/2024,20:00:00,Chennai,Margherita,Veg,S,4,358,39,UPI,5,1432
1606,3/7/2024,21:00:00,Mumbai,Veg Extravaganza,Veg,L,2,591,57,UPI,4,1182
1607,3/7/2024,22:00:00,Bangalore,Pepper Barbecue,Veg,S,1,329,35,UPI,3,329
1608,3/7/2024,23:00:00,Pune,Chicken Dominator,Veg,S,1,221,23,UPI,5,221
1609,3/8/2024,0:00:00,Chennai,Chicken Dominator,Veg,M,1,579,27,Card,1,579
1610,3/8/2024,1:00:00,Chennai,Margherita,Veg,S,4,588,39,Wallet,4,2352
1611,3/8/2024,2:00:00,Delhi,Pepper Barbecue,Non-Veg,S,1,334,45,UPI,4,334
1612,3/8/2024,3:00:00,Hyderabad,Farmhouse,Veg,S,1,219,51,UPI,2,219
1613,3/8/2024,4:00:00,Delhi,Margherita,Veg,S,2,419,32,Card,5,838
1614,3/8/2024,5:00:00,Chennai,Pepper Barbecue,Veg,M,2,532,24,UPI,1,1064
1615,3/8/2024,6:00:00,Pune,Margherita,Non-Veg,S,2,329,32,Cash,3,658
1616,3/8/2024,7:00:00,Mumbai,Chicken Dominator,Veg,M,4,231,30,UPI,2,924
1617,3/8/2024,8:00:00,Mumbai,Veg Extravaganza,Non-Veg,L,3,289,56,Card,5,867
1618,3/8/2024,9:00:00,Pune,Margherita,Veg,M,1,458,51,UPI,1,458
1619,3/8/2024,10:00:00,Chennai,Farmhouse,Non-Veg,M,1,497,37,UPI,2,497
1620,3/8/2024,11:00:00,Mumbai,Peppy Paneer,Veg,L,4,532,48,Cash,1,2128
1621,3/8/2024,12:00:00,Mumbai,Pepper Barbecue,Veg,S,1,448,34,UPI,1,448
1622,3/8/2024,13:00:00,Mumbai,Margherita,Non-Veg,M,4,372,39,Wallet,2,1488
1623,3/8/2024,14:00:00,Hyderabad,Margherita,Non-Veg,L,4,556,55,Card,2,2224
1624,3/8/2024,15:00:00,Hyderabad,Farmhouse,Veg,L,4,583,24,Cash,5,2332
1625,3/8/2024,16:00:00,Bangalore,Veg Extravaganza,Veg,M,3,246,59,Wallet,2,738
1626,3/8/2024,17:00:00,Delhi,Margherita,Veg,S,4,396,56,UPI,5,1584
1627,3/8/2024,18:00:00,Pune,Margherita,Non-Veg,L,3,578,52,Cash,1,1734
1628,3/8/2024,19:00:00,Pune,Veg Extravaganza,Veg,S,3,233,37,UPI,2,699
1629,3/8/2024,20:00:00,Pune,Farmhouse,Veg,M,1,453,38,Card,5,453
1630,3/8/2024,21:00:00,Bangalore,Pepper Barbecue,Veg,M,2,447,51,Card,5,894
1631,3/8/2024,22:00:00,Hyderabad,Pepper Barbecue,Non-Veg,M,3,241,41,Card,3,723
1632,3/8/2024,23:00:00,Chennai,Margherita,Non-Veg,L,3,488,20,UPI,5,1464
1633,3/9/2024,0:00:00,Chennai,Veg Extravaganza,Non-Veg,L,2,322,44,Card,5,644
1634,3/9/2024,1:00:00,Bangalore,Margherita,Veg,L,3,226,39,Cash,3,678
1635,3/9/2024,2:00:00,Chennai,Peppy Paneer,Non-Veg,S,2,258,54,Wallet,4,516
1636,3/9/2024,3:00:00,Pune,Pepper Barbecue,Non-Veg,M,1,346,25,Card,2,346
1637,3/9/2024,4:00:00,Delhi,Chicken Dominator,Non-Veg,L,4,314,25,UPI,3,1256
1638,3/9/2024,5:00:00,Mumbai,Peppy Paneer,Veg,M,2,586,56,Cash,5,1172
1639,3/9/2024,6:00:00,Hyderabad,Margherita,Veg,L,4,398,22,Cash,5,1592
1640,3/9/2024,7:00:00,Hyderabad,Farmhouse,Non-Veg,L,2,327,56,UPI,2,654
1641,3/9/2024,8:00:00,Bangalore,Pepper Barbecue,Veg,M,4,575,50,UPI,1,2300
1642,3/9/2024,9:00:00,Hyderabad,Chicken Dominator,Veg,S,1,352,54,Cash,3,352
1643,3/9/2024,10:00:00,Pune,Peppy Paneer,Non-Veg,M,3,568,34,Cash,4,1704
1644,3/9/2024,11:00:00,Chennai,Pepper Barbecue,Non-Veg,L,1,470,36,UPI,2,470
1645,3/9/2024,12:00:00,Pune,Veg Extravaganza,Non-Veg,M,3,538,34,Wallet,2,1614
1646,3/9/2024,13:00:00,Bangalore,Farmhouse,Non-Veg,L,4,282,24,Card,3,1128
1647,3/9/2024,14:00:00,Pune,Peppy Paneer,Veg,M,4,222,41,Wallet,5,888
1648,3/9/2024,15:00:00,Chennai,Veg Extravaganza,Veg,M,3,210,30,UPI,5,630
1649,3/9/2024,16:00:00,Delhi,Margherita,Veg,M,2,386,47,Card,4,772
1650,3/9/2024,17:00:00,Bangalore,Veg Extravaganza,Veg,M,1,315,33,UPI,3,315
1651,3/9/2024,18:00:00,Delhi,Peppy Paneer,Veg,L,2,361,58,Cash,2,722
1652,3/9/2024,19:00:00,Mumbai,Peppy Paneer,Veg,S,4,302,22,UPI,3,1208
1653,3/9/2024,20:00:00,Delhi,Margherita,Veg,S,1,442,30,Cash,1,442
1654,3/9/2024,21:00:00,Mumbai,Veg Extravaganza,Non-Veg,L,1,206,49,UPI,2,206
1655,3/9/2024,22:00:00,Mumbai,Veg Extravaganza,Non-Veg,S,2,561,57,Cash,4,1122
1656,3/9/2024,23:00:00,Delhi,Margherita,Non-Veg,M,3,371,24,Card,4,1113
1657,3/10/2024,0:00:00,Bangalore,Veg Extravaganza,Non-Veg,S,3,455,41,UPI,2,1365
1658,3/10/2024,1:00:00,Chennai,Pepper Barbecue,Non-Veg,S,1,446,32,UPI,5,446
1659,3/10/2024,2:00:00,Pune,Margherita,Non-Veg,M,3,391,40,UPI,2,1173
1660,3/10/2024,3:00:00,Pune,Farmhouse,Non-Veg,L,4,313,56,Cash,2,1252
1661,3/10/2024,4:00:00,Chennai,Peppy Paneer,Non-Veg,S,2,222,44,Card,1,444
1662,3/10/2024,5:00:00,Mumbai,Farmhouse,Non-Veg,S,2,557,40,UPI,2,1114
1663,3/10/2024,6:00:00,Mumbai,Pepper Barbecue,Non-Veg,S,2,513,47,UPI,3,1026
1664,3/10/2024,7:00:00,Bangalore,Pepper Barbecue,Veg,M,1,475,23,Card,3,475
1665,3/10/2024,8:00:00,Hyderabad,Chicken Dominator,Veg,S,1,572,48,UPI,4,572
1666,3/10/2024,9:00:00,Delhi,Chicken Dominator,Veg,M,3,335,54,UPI,5,1005
1667,3/10/2024,10:00:00,Mumbai,Chicken Dominator,Veg,L,2,556,42,Card,4,1112
1668,3/10/2024,11:00:00,Pune,Margherita,Veg,M,4,394,26,Card,1,1576
1669,3/10/2024,12:00:00,Bangalore,Veg Extravaganza,Veg,S,4,457,28,Card,2,1828
1670,3/10/2024,13:00:00,Delhi,Pepper Barbecue,Veg,M,2,477,42,UPI,4,954
1671,3/10/2024,14:00:00,Bangalore,Farmhouse,Veg,L,1,269,22,UPI,2,269
1672,3/10/2024,15:00:00,Delhi,Farmhouse,Non-Veg,M,1,558,28,Cash,4,558
1673,3/10/2024,16:00:00,Delhi,Farmhouse,Veg,M,1,559,23,Wallet,2,559
1674,3/10/2024,17:00:00,Chennai,Farmhouse,Non-Veg,M,4,235,44,Card,4,940
1675,3/10/2024,18:00:00,Mumbai,Chicken Dominator,Non-Veg,S,2,307,25,UPI,3,614
1676,3/10/2024,19:00:00,Bangalore,Farmhouse,Veg,M,4,223,37,Card,1,892
1677,3/10/2024,20:00:00,Bangalore,Veg Extravaganza,Non-Veg,L,2,339,26,Cash,4,678
1678,3/10/2024,21:00:00,Chennai,Chicken Dominator,Veg,M,4,221,54,Card,3,884
1679,3/10/2024,22:00:00,Pune,Farmhouse,Veg,M,4,538,50,Cash,5,2152
1680,3/10/2024,23:00:00,Pune,Margherita,Veg,M,3,528,57,UPI,4,1584
1681,3/11/2024,0:00:00,Mumbai,Peppy Paneer,Veg,S,4,403,51,Card,2,1612
1682,3/11/2024,1:00:00,Mumbai,Peppy Paneer,Veg,S,2,579,54,Card,1,1158
1683,3/11/2024,2:00:00,Hyderabad,Peppy Paneer,Veg,L,4,423,47,Card,3,1692
1684,3/11/2024,3:00:00,Chennai,Chicken Dominator,Veg,L,3,422,24,Card,3,1266
1685,3/11/2024,4:00:00,Pune,Farmhouse,Veg,L,3,280,49,Card,1,840
1686,3/11/2024,5:00:00,Delhi,Pepper Barbecue,Veg,L,2,529,41,Cash,4,1058
1687,3/11/2024,6:00:00,Bangalore,Pepper Barbecue,Non-Veg,M,3,390,36,Wallet,2,1170
1688,3/11/2024,7:00:00,Mumbai,Pepper Barbecue,Veg,S,3,485,29,UPI,5,1455
1689,3/11/2024,8:00:00,Bangalore,Chicken Dominator,Veg,M,1,346,26,Card,4,346
1690,3/11/2024,9:00:00,Bangalore,Veg Extravaganza,Veg,S,2,481,23,Wallet,1,962
1691,3/11/2024,10:00:00,Hyderabad,Margherita,Veg,L,3,583,46,UPI,4,1749
1692,3/11/2024,11:00:00,Pune,Margherita,Veg,L,3,210,26,UPI,4,630
1693,3/11/2024,12:00:00,Mumbai,Peppy Paneer,Non-Veg,L,3,475,42,UPI,1,1425
1694,3/11/2024,13:00:00,Bangalore,Peppy Paneer,Veg,M,2,573,30,UPI,1,1146
1695,3/11/2024,14:00:00,Mumbai,Pepper Barbecue,Non-Veg,S,1,255,27,Wallet,5,255
1696,3/11/2024,15:00:00,Delhi,Pepper Barbecue,Non-Veg,S,4,372,27,UPI,1,1488
1697,3/11/2024,16:00:00,Hyderabad,Peppy Paneer,Veg,M,1,502,56,Card,1,502
1698,3/11/2024,17:00:00,Delhi,Farmhouse,Veg,M,2,403,24,UPI,1,806
1699,3/11/2024,18:00:00,Mumbai,Veg Extravaganza,Non-Veg,M,2,544,26,UPI,3,1088
1700,3/11/2024,19:00:00,Mumbai,Veg Extravaganza,Non-Veg,L,2,447,41,Cash,1,894
1701,3/11/2024,20:00:00,Pune,Veg Extravaganza,Veg,L,4,513,55,Card,1,2052
1702,3/11/2024,21:00:00,Bangalore,Veg Extravaganza,Non-Veg,S,2,465,21,UPI,1,930
1703,3/11/2024,22:00:00,Bangalore,Peppy Paneer,Non-Veg,S,1,221,43,Wallet,5,221
1704,3/11/2024,23:00:00,Delhi,Margherita,Veg,M,3,526,21,Card,4,1578
1705,3/12/2024,0:00:00,Hyderabad,Peppy Paneer,Non-Veg,S,3,223,31,Card,1,669
1706,3/12/2024,1:00:00,Chennai,Veg Extravaganza,Veg,L,2,393,45,Card,1,786
1707,3/12/2024,2:00:00,Bangalore,Peppy Paneer,Veg,M,2,295,57,UPI,5,590
1708,3/12/2024,3:00:00,Pune,Veg Extravaganza,Non-Veg,S,4,462,25,Card,4,1848
1709,3/12/2024,4:00:00,Delhi,Chicken Dominator,Non-Veg,M,3,271,42,Card,5,813
1710,3/12/2024,5:00:00,Delhi,Pepper Barbecue,Veg,M,4,442,21,UPI,2,1768
1711,3/12/2024,6:00:00,Chennai,Margherita,Veg,L,4,582,45,Card,2,2328
1712,3/12/2024,7:00:00,Pune,Chicken Dominator,Non-Veg,S,4,237,33,UPI,2,948
1713,3/12/2024,8:00:00,Hyderabad,Farmhouse,Non-Veg,L,4,591,37,Card,1,2364
1714,3/12/2024,9:00:00,Pune,Peppy Paneer,Non-Veg,M,1,576,57,UPI,5,576
1715,3/12/2024,10:00:00,Hyderabad,Farmhouse,Non-Veg,L,2,288,51,Wallet,1,576
1716,3/12/2024,11:00:00,Pune,Peppy Paneer,Non-Veg,S,2,227,33,Cash,2,454
1717,3/12/2024,12:00:00,Pune,Pepper Barbecue,Veg,M,4,291,49,UPI,4,1164
1718,3/12/2024,13:00:00,Mumbai,Chicken Dominator,Veg,M,4,253,32,Wallet,4,1012
1719,3/12/2024,14:00:00,Delhi,Pepper Barbecue,Veg,M,1,358,59,Card,5,358
1720,3/12/2024,15:00:00,Pune,Veg Extravaganza,Non-Veg,L,4,571,50,Card,4,2284
1721,3/12/2024,16:00:00,Chennai,Pepper Barbecue,Non-Veg,M,1,427,56,Cash,2,427
1722,3/12/2024,17:00:00,Pune,Pepper Barbecue,Veg,L,1,571,57,UPI,5,571
1723,3/12/2024,18:00:00,Bangalore,Veg Extravaganza,Veg,S,4,575,41,UPI,5,2300
1724,3/12/2024,19:00:00,Delhi,Peppy Paneer,Veg,L,2,240,47,UPI,2,480
1725,3/12/2024,20:00:00,Bangalore,Veg Extravaganza,Veg,S,1,236,38,Card,2,236
1726,3/12/2024,21:00:00,Delhi,Chicken Dominator,Veg,L,2,324,35,UPI,2,648
1727,3/12/2024,22:00:00,Bangalore,Pepper Barbecue,Veg,L,2,378,24,Card,2,756
1728,3/12/2024,23:00:00,Pune,Veg Extravaganza,Veg,M,1,531,21,UPI,5,531
1729,3/13/2024,0:00:00,Pune,Pepper Barbecue,Veg,M,3,236,29,Card,4,708
1730,3/13/2024,1:00:00,Mumbai,Chicken Dominator,Veg,M,1,300,38,UPI,2,300
1731,3/13/2024,2:00:00,Chennai,Farmhouse,Veg,S,3,230,39,UPI,3,690
1732,3/13/2024,3:00:00,Bangalore,Chicken Dominator,Non-Veg,M,1,389,48,UPI,5,389
1733,3/13/2024,4:00:00,Hyderabad,Margherita,Veg,M,1,345,44,Card,1,345
1734,3/13/2024,5:00:00,Mumbai,Margherita,Non-Veg,L,2,289,36,Cash,4,578
1735,3/13/2024,6:00:00,Bangalore,Margherita,Non-Veg,L,2,205,32,UPI,5,410
1736,3/13/2024,7:00:00,Bangalore,Pepper Barbecue,Veg,L,4,592,35,Cash,2,2368
1737,3/13/2024,8:00:00,Mumbai,Peppy Paneer,Veg,M,2,338,54,Cash,3,676
1738,3/13/2024,9:00:00,Pune,Peppy Paneer,Non-Veg,L,2,294,55,Wallet,1,588
1739,3/13/2024,10:00:00,Bangalore,Peppy Paneer,Non-Veg,M,2,318,58,Card,4,636
1740,3/13/2024,11:00:00,Pune,Pepper Barbecue,Non-Veg,M,2,565,22,UPI,2,1130
1741,3/13/2024,12:00:00,Mumbai,Chicken Dominator,Non-Veg,M,4,319,28,UPI,5,1276
1742,3/13/2024,13:00:00,Pune,Peppy Paneer,Veg,L,2,585,59,UPI,5,1170
1743,3/13/2024,14:00:00,Delhi,Farmhouse,Veg,L,3,322,48,Card,4,966
1744,3/13/2024,15:00:00,Hyderabad,Margherita,Veg,M,3,484,24,Card,3,1452
1745,3/13/2024,16:00:00,Bangalore,Chicken Dominator,Veg,L,4,565,22,Card,2,2260
1746,3/13/2024,17:00:00,Chennai,Margherita,Veg,M,2,576,29,UPI,4,1152
1747,3/13/2024,18:00:00,Hyderabad,Peppy Paneer,Non-Veg,L,3,378,50,UPI,4,1134
1748,3/13/2024,19:00:00,Pune,Chicken Dominator,Veg,M,1,524,30,Wallet,5,524
1749,3/13/2024,20:00:00,Bangalore,Veg Extravaganza,Veg,S,3,206,36,Wallet,4,618
1750,3/13/2024,21:00:00,Pune,Farmhouse,Non-Veg,M,2,583,59,Card,1,1166
1751,3/13/2024,22:00:00,Delhi,Peppy Paneer,Non-Veg,M,3,511,27,UPI,1,1533
1752,3/13/2024,23:00:00,Mumbai,Peppy Paneer,Veg,M,1,326,21,Wallet,2,326
1753,3/14/2024,0:00:00,Bangalore,Farmhouse,Non-Veg,M,3,276,23,UPI,4,828
1754,3/14/2024,1:00:00,Delhi,Farmhouse,Non-Veg,M,2,433,35,Card,5,866
1755,3/14/2024,2:00:00,Delhi,Veg Extravaganza,Veg,L,1,517,40,UPI,2,517
1756,3/14/2024,3:00:00,Bangalore,Peppy Paneer,Veg,L,4,273,24,Card,3,1092
1757,3/14/2024,4:00:00,Pune,Pepper Barbecue,Veg,M,1,470,54,Cash,5,470
1758,3/14/2024,5:00:00,Chennai,Peppy Paneer,Veg,L,3,508,33,Cash,3,1524
1759,3/14/2024,6:00:00,Delhi,Margherita,Veg,M,4,319,34,Card,2,1276
1760,3/14/2024,7:00:00,Hyderabad,Chicken Dominator,Non-Veg,L,1,234,25,Wallet,1,234
1761,3/14/2024,8:00:00,Delhi,Chicken Dominator,Non-Veg,M,1,406,35,Card,5,406
1762,3/14/2024,9:00:00,Chennai,Margherita,Non-Veg,S,1,469,42,Card,5,469
1763,3/14/2024,10:00:00,Pune,Chicken Dominator,Non-Veg,S,2,292,50,UPI,2,584
1764,3/14/2024,11:00:00,Pune,Farmhouse,Non-Veg,L,4,577,31,UPI,5,2308
1765,3/14/2024,12:00:00,Hyderabad,Chicken Dominator,Veg,M,4,376,38,Cash,5,1504
1766,3/14/2024,13:00:00,Delhi,Chicken Dominator,Veg,L,1,473,31,Cash,2,473
1767,3/14/2024,14:00:00,Pune,Margherita,Non-Veg,M,4,378,32,UPI,4,1512
1768,3/14/2024,15:00:00,Chennai,Veg Extravaganza,Veg,M,3,328,21,UPI,2,984
1769,3/14/2024,16:00:00,Bangalore,Chicken Dominator,Veg,S,3,324,39,UPI,5,972
1770,3/14/2024,17:00:00,Mumbai,Pepper Barbecue,Non-Veg,L,1,226,50,Cash,2,226
1771,3/14/2024,18:00:00,Mumbai,Chicken Dominator,Non-Veg,S,3,263,28,UPI,5,789
1772,3/14/2024,19:00:00,Mumbai,Veg Extravaganza,Veg,L,1,259,40,UPI,3,259
1773,3/14/2024,20:00:00,Delhi,Margherita,Non-Veg,M,3,418,27,UPI,3,1254
1774,3/14/2024,21:00:00,Hyderabad,Veg Extravaganza,Veg,L,1,416,58,UPI,1,416
1775,3/14/2024,22:00:00,Pune,Margherita,Non-Veg,S,1,368,56,Card,2,368
1776,3/14/2024,23:00:00,Bangalore,Farmhouse,Veg,S,4,348,48,Wallet,2,1392
1777,3/15/2024,0:00:00,Chennai,Margherita,Non-Veg,M,4,469,38,UPI,3,1876
1778,3/15/2024,1:00:00,Bangalore,Farmhouse,Veg,M,1,315,54,UPI,3,315
1779,3/15/2024,2:00:00,Chennai,Farmhouse,Non-Veg,S,4,444,57,Cash,3,1776
1780,3/15/2024,3:00:00,Delhi,Margherita,Veg,L,4,347,45,Cash,1,1388
1781,3/15/2024,4:00:00,Mumbai,Pepper Barbecue,Veg,S,2,291,30,UPI,1,582
1782,3/15/2024,5:00:00,Delhi,Peppy Paneer,Veg,M,3,284,55,UPI,4,852
1783,3/15/2024,6:00:00,Hyderabad,Margherita,Veg,S,4,286,54,Wallet,2,1144
1784,3/15/2024,7:00:00,Hyderabad,Chicken Dominator,Veg,M,1,594,23,Card,1,594
1785,3/15/2024,8:00:00,Chennai,Pepper Barbecue,Veg,M,2,319,22,Wallet,5,638
1786,3/15/2024,9:00:00,Pune,Pepper Barbecue,Non-Veg,S,2,539,31,UPI,2,1078
1787,3/15/2024,10:00:00,Pune,Chicken Dominator,Non-Veg,L,4,223,51,Card,4,892
1788,3/15/2024,11:00:00,Chennai,Peppy Paneer,Veg,M,1,574,45,Card,3,574
1789,3/15/2024,12:00:00,Hyderabad,Pepper Barbecue,Non-Veg,L,1,288,32,Cash,4,288
1790,3/15/2024,13:00:00,Hyderabad,Farmhouse,Veg,S,1,236,57,Wallet,2,236
1791,3/15/2024,14:00:00,Hyderabad,Peppy Paneer,Veg,M,1,541,48,UPI,3,541
1792,3/15/2024,15:00:00,Delhi,Chicken Dominator,Veg,S,1,582,38,Card,4,582
1793,3/15/2024,16:00:00,Hyderabad,Peppy Paneer,Veg,L,3,470,54,UPI,4,1410
1794,3/15/2024,17:00:00,Bangalore,Margherita,Veg,M,1,211,46,Cash,2,211
1795,3/15/2024,18:00:00,Mumbai,Peppy Paneer,Non-Veg,L,1,294,50,Cash,1,294
1796,3/15/2024,19:00:00,Hyderabad,Farmhouse,Veg,M,3,230,22,Cash,5,690
1797,3/15/2024,20:00:00,Chennai,Margherita,Veg,L,4,549,54,UPI,4,2196
1798,3/15/2024,21:00:00,Mumbai,Veg Extravaganza,Veg,M,2,432,43,UPI,5,864
1799,3/15/2024,22:00:00,Delhi,Chicken Dominator,Non-Veg,S,3,539,26,UPI,2,1617
1800,3/15/2024,23:00:00,Chennai,Chicken Dominator,Non-Veg,S,2,527,54,UPI,2,1054
1801,3/16/2024,0:00:00,Mumbai,Peppy Paneer,Non-Veg,M,2,499,40,UPI,1,998
1802,3/16/2024,1:00:00,Chennai,Pepper Barbecue,Non-Veg,M,3,485,20,Wallet,3,1455
1803,3/16/2024,2:00:00,Delhi,Margherita,Non-Veg,S,1,234,25,Card,5,234
1804,3/16/2024,3:00:00,Bangalore,Veg Extravaganza,Non-Veg,L,2,220,58,Card,4,440
1805,3/16/2024,4:00:00,Delhi,Margherita,Veg,M,1,310,53,Cash,3,310
1806,3/16/2024,5:00:00,Delhi,Chicken Dominator,Non-Veg,M,4,518,37,Cash,5,2072
1807,3/16/2024,6:00:00,Chennai,Margherita,Veg,S,3,547,44,Card,5,1641
1808,3/16/2024,7:00:00,Pune,Veg Extravaganza,Non-Veg,M,2,344,34,UPI,3,688
1809,3/16/2024,8:00:00,Hyderabad,Pepper Barbecue,Non-Veg,S,1,211,51,UPI,3,211
1810,3/16/2024,9:00:00,Hyderabad,Peppy Paneer,Non-Veg,S,2,443,37,Card,1,886
1811,3/16/2024,10:00:00,Bangalore,Farmhouse,Veg,L,4,345,50,Cash,4,1380
1812,3/16/2024,11:00:00,Bangalore,Margherita,Non-Veg,M,4,438,48,Card,4,1752
1813,3/16/2024,12:00:00,Hyderabad,Farmhouse,Non-Veg,M,2,291,34,Card,4,582
1814,3/16/2024,13:00:00,Pune,Chicken Dominator,Veg,S,3,515,42,Cash,3,1545
1815,3/16/2024,14:00:00,Hyderabad,Peppy Paneer,Veg,M,4,522,57,Cash,1,2088
1816,3/16/2024,15:00:00,Pune,Peppy Paneer,Non-Veg,S,1,314,30,Wallet,2,314
1817,3/16/2024,16:00:00,Bangalore,Margherita,Non-Veg,M,4,214,34,Cash,1,856
1818,3/16/2024,17:00:00,Mumbai,Pepper Barbecue,Veg,M,1,471,42,UPI,3,471
1819,3/16/2024,18:00:00,Chennai,Peppy Paneer,Veg,M,2,221,22,UPI,1,442
1820,3/16/2024,19:00:00,Bangalore,Margherita,Veg,L,1,317,38,UPI,3,317
1821,3/16/2024,20:00:00,Bangalore,Margherita,Veg,M,2,568,20,Card,5,1136
1822,3/16/2024,21:00:00,Delhi,Farmhouse,Non-Veg,M,4,294,43,Card,5,1176
1823,3/16/2024,22:00:00,Delhi,Peppy Paneer,Non-Veg,M,3,456,30,UPI,2,1368
1824,3/16/2024,23:00:00,Delhi,Margherita,Non-Veg,S,4,530,49,Cash,5,2120
1825,3/17/2024,0:00:00,Chennai,Farmhouse,Veg,L,4,461,30,UPI,2,1844
1826,3/17/2024,1:00:00,Delhi,Veg Extravaganza,Non-Veg,M,4,286,58,Wallet,4,1144
1827,3/17/2024,2:00:00,Pune,Farmhouse,Veg,S,4,592,20,Card,3,2368
1828,3/17/2024,3:00:00,Hyderabad,Farmhouse,Veg,L,3,517,31,UPI,4,1551
1829,3/17/2024,4:00:00,Mumbai,Margherita,Veg,S,4,257,23,UPI,4,1028
1830,3/17/2024,5:00:00,Bangalore,Chicken Dominator,Veg,L,1,429,44,UPI,2,429
1831,3/17/2024,6:00:00,Pune,Chicken Dominator,Veg,L,3,307,27,UPI,3,921
1832,3/17/2024,7:00:00,Mumbai,Pepper Barbecue,Veg,M,3,218,34,Card,2,654
1833,3/17/2024,8:00:00,Pune,Chicken Dominator,Veg,S,1,564,49,UPI,1,564
1834,3/17/2024,9:00:00,Pune,Farmhouse,Veg,S,2,340,59,Cash,4,680
1835,3/17/2024,10:00:00,Bangalore,Pepper Barbecue,Non-Veg,S,4,578,51,UPI,3,2312
1836,3/17/2024,11:00:00,Hyderabad,Margherita,Veg,S,3,359,54,UPI,4,1077
1837,3/17/2024,12:00:00,Delhi,Peppy Paneer,Non-Veg,M,4,299,40,Cash,1,1196
1838,3/17/2024,13:00:00,Chennai,Farmhouse,Veg,L,4,464,50,Card,1,1856
1839,3/17/2024,14:00:00,Hyderabad,Farmhouse,Non-Veg,M,1,437,55,Card,3,437
1840,3/17/2024,15:00:00,Chennai,Pepper Barbecue,Non-Veg,M,1,437,46,UPI,3,437
1841,3/17/2024,16:00:00,Bangalore,Margherita,Non-Veg,M,1,248,27,UPI,1,248
1842,3/17/2024,17:00:00,Bangalore,Veg Extravaganza,Non-Veg,L,4,364,42,UPI,4,1456
1843,3/17/2024,18:00:00,Bangalore,Farmhouse,Veg,S,3,486,42,Card,5,1458
1844,3/17/2024,19:00:00,Mumbai,Veg Extravaganza,Veg,M,3,258,52,UPI,4,774
1845,3/17/2024,20:00:00,Chennai,Veg Extravaganza,Veg,L,2,382,32,Card,5,764
1846,3/17/2024,21:00:00,Hyderabad,Chicken Dominator,Veg,L,4,346,58,Cash,2,1384
1847,3/17/2024,22:00:00,Hyderabad,Margherita,Veg,L,2,585,54,UPI,3,1170
1848,3/17/2024,23:00:00,Pune,Veg Extravaganza,Non-Veg,L,2,500,35,Wallet,1,1000
1849,3/18/2024,0:00:00,Pune,Margherita,Veg,S,2,295,31,UPI,2,590
1850,3/18/2024,1:00:00,Pune,Chicken Dominator,Non-Veg,M,2,242,50,Cash,4,484
1851,3/18/2024,2:00:00,Bangalore,Margherita,Non-Veg,S,2,553,24,Cash,5,1106
1852,3/18/2024,3:00:00,Hyderabad,Farmhouse,Non-Veg,M,4,456,59,UPI,3,1824
1853,3/18/2024,4:00:00,Chennai,Veg Extravaganza,Non-Veg,M,1,412,44,Wallet,5,412
1854,3/18/2024,5:00:00,Bangalore,Margherita,Non-Veg,M,2,388,40,UPI,4,776
1855,3/18/2024,6:00:00,Mumbai,Peppy Paneer,Veg,L,3,330,22,UPI,4,990
1856,3/18/2024,7:00:00,Pune,Margherita,Veg,M,4,546,29,Card,1,2184
1857,3/18/2024,8:00:00,Bangalore,Veg Extravaganza,Non-Veg,M,2,499,42,Wallet,2,998
1858,3/18/2024,9:00:00,Bangalore,Chicken Dominator,Non-Veg,S,3,590,36,Cash,3,1770
1859,3/18/2024,10:00:00,Mumbai,Chicken Dominator,Non-Veg,L,2,488,54,UPI,1,976
1860,3/18/2024,11:00:00,Delhi,Veg Extravaganza,Veg,S,1,336,44,Card,5,336
1861,3/18/2024,12:00:00,Hyderabad,Farmhouse,Non-Veg,S,4,229,21,UPI,2,916
1862,3/18/2024,13:00:00,Chennai,Farmhouse,Veg,S,1,345,46,Card,3,345
1863,3/18/2024,14:00:00,Delhi,Chicken Dominator,Veg,M,3,511,28,Card,5,1533
1864,3/18/2024,15:00:00,Pune,Chicken Dominator,Veg,S,2,304,23,UPI,3,608
1865,3/18/2024,16:00:00,Bangalore,Veg Extravaganza,Veg,L,1,486,45,Card,3,486
1866,3/18/2024,17:00:00,Mumbai,Farmhouse,Veg,L,1,390,51,Wallet,2,390
1867,3/18/2024,18:00:00,Mumbai,Chicken Dominator,Veg,L,2,377,48,Card,5,754
1868,3/18/2024,19:00:00,Hyderabad,Farmhouse,Veg,S,4,544,41,Cash,1,2176
1869,3/18/2024,20:00:00,Delhi,Chicken Dominator,Veg,L,3,438,32,UPI,1,1314
1870,3/18/2024,21:00:00,Hyderabad,Margherita,Non-Veg,L,4,200,42,Wallet,1,800
1871,3/18/2024,22:00:00,Bangalore,Peppy Paneer,Non-Veg,L,3,309,50,UPI,3,927
1872,3/18/2024,23:00:00,Hyderabad,Pepper Barbecue,Veg,M,3,537,55,Card,4,1611
1873,3/19/2024,0:00:00,Chennai,Margherita,Veg,L,1,474,59,Cash,2,474
1874,3/19/2024,1:00:00,Mumbai,Pepper Barbecue,Non-Veg,S,2,570,50,Cash,1,1140
1875,3/19/2024,2:00:00,Mumbai,Chicken Dominator,Veg,L,4,581,34,UPI,2,2324
1876,3/19/2024,3:00:00,Pune,Peppy Paneer,Veg,S,1,433,33,UPI,3,433
1877,3/19/2024,4:00:00,Pune,Peppy Paneer,Non-Veg,M,1,263,54,Card,2,263
1878,3/19/2024,5:00:00,Bangalore,Chicken Dominator,Non-Veg,L,1,443,43,UPI,1,443
1879,3/19/2024,6:00:00,Chennai,Chicken Dominator,Veg,M,4,252,49,Card,1,1008
1880,3/19/2024,7:00:00,Delhi,Farmhouse,Veg,S,1,461,49,UPI,3,461
1881,3/19/2024,8:00:00,Hyderabad,Chicken Dominator,Veg,L,2,216,46,UPI,3,432
1882,3/19/2024,9:00:00,Bangalore,Veg Extravaganza,Veg,L,1,501,59,UPI,5,501
1883,3/19/2024,10:00:00,Pune,Chicken Dominator,Veg,S,1,573,33,UPI,3,573
1884,3/19/2024,11:00:00,Hyderabad,Veg Extravaganza,Veg,L,3,433,30,Cash,4,1299
1885,3/19/2024,12:00:00,Pune,Chicken Dominator,Veg,M,1,272,45,Card,4,272
1886,3/19/2024,13:00:00,Hyderabad,Farmhouse,Non-Veg,M,4,556,40,Card,1,2224
1887,3/19/2024,14:00:00,Delhi,Veg Extravaganza,Non-Veg,S,4,290,28,UPI,3,1160
1888,3/19/2024,15:00:00,Bangalore,Margherita,Non-Veg,S,2,205,20,UPI,4,410
1889,3/19/2024,16:00:00,Hyderabad,Veg Extravaganza,Non-Veg,S,4,397,25,UPI,4,1588
1890,3/19/2024,17:00:00,Chennai,Farmhouse,Veg,S,4,564,20,UPI,5,2256
1891,3/19/2024,18:00:00,Mumbai,Pepper Barbecue,Non-Veg,L,1,395,41,Cash,3,395
1892,3/19/2024,19:00:00,Chennai,Veg Extravaganza,Veg,M,2,495,32,Wallet,5,990
1893,3/19/2024,20:00:00,Chennai,Chicken Dominator,Veg,L,4,546,57,Cash,2,2184
1894,3/19/2024,21:00:00,Mumbai,Chicken Dominator,Non-Veg,L,2,521,59,Card,5,1042
1895,3/19/2024,22:00:00,Chennai,Pepper Barbecue,Non-Veg,S,2,336,50,Card,2,672
1896,3/19/2024,23:00:00,Hyderabad,Farmhouse,Non-Veg,L,3,466,34,Wallet,2,1398
1897,3/20/2024,0:00:00,Hyderabad,Peppy Paneer,Veg,L,3,315,21,Card,3,945
1898,3/20/2024,1:00:00,Hyderabad,Chicken Dominator,Non-Veg,M,1,242,50,Card,2,242
1899,3/20/2024,2:00:00,Mumbai,Margherita,Non-Veg,S,4,430,45,Card,2,1720
1900,3/20/2024,3:00:00,Chennai,Farmhouse,Veg,L,1,257,21,Card,5,257
1901,3/20/2024,4:00:00,Mumbai,Veg Extravaganza,Veg,L,1,405,30,Card,3,405
1902,3/20/2024,5:00:00,Hyderabad,Veg Extravaganza,Veg,L,2,493,52,Card,3,986
1903,3/20/2024,6:00:00,Chennai,Margherita,Non-Veg,S,2,293,37,Card,2,586
1904,3/20/2024,7:00:00,Chennai,Chicken Dominator,Veg,S,2,235,40,Cash,5,470
1905,3/20/2024,8:00:00,Pune,Farmhouse,Veg,M,1,429,50,UPI,5,429
1906,3/20/2024,9:00:00,Pune,Margherita,Veg,M,4,426,45,Card,5,1704
1907,3/20/2024,10:00:00,Delhi,Chicken Dominator,Veg,S,1,382,49,UPI,5,382
1908,3/20/2024,11:00:00,Bangalore,Farmhouse,Non-Veg,M,1,461,58,Cash,1,461
1909,3/20/2024,12:00:00,Pune,Veg Extravaganza,Veg,M,1,330,40,UPI,2,330
1910,3/20/2024,13:00:00,Mumbai,Farmhouse,Non-Veg,L,3,264,35,UPI,2,792
1911,3/20/2024,14:00:00,Pune,Pepper Barbecue,Non-Veg,M,3,579,26,Cash,2,1737
1912,3/20/2024,15:00:00,Delhi,Peppy Paneer,Non-Veg,M,4,385,41,Card,3,1540
1913,3/20/2024,16:00:00,Chennai,Farmhouse,Veg,L,3,316,26,UPI,3,948
1914,3/20/2024,17:00:00,Delhi,Peppy Paneer,Veg,L,1,385,21,UPI,5,385
1915,3/20/2024,18:00:00,Chennai,Farmhouse,Veg,S,3,473,56,Wallet,3,1419
1916,3/20/2024,19:00:00,Chennai,Peppy Paneer,Veg,S,3,350,33,UPI,4,1050
1917,3/20/2024,20:00:00,Bangalore,Pepper Barbecue,Veg,L,1,551,27,UPI,2,551
1918,3/20/2024,21:00:00,Pune,Veg Extravaganza,Non-Veg,M,4,350,48,Card,2,1400
1919,3/20/2024,22:00:00,Mumbai,Chicken Dominator,Veg,L,3,583,26,Card,1,1749
1920,3/20/2024,23:00:00,Mumbai,Peppy Paneer,Veg,M,1,235,57,Card,1,235
1921,3/21/2024,0:00:00,Hyderabad,Pepper Barbecue,Veg,S,1,525,41,Card,4,525
1922,3/21/2024,1:00:00,Chennai,Peppy Paneer,Veg,M,1,294,36,Cash,1,294
1923,3/21/2024,2:00:00,Mumbai,Veg Extravaganza,Non-Veg,M,2,333,35,Wallet,5,666
1924,3/21/2024,3:00:00,Bangalore,Peppy Paneer,Veg,M,1,361,52,Cash,5,361
1925,3/21/2024,4:00:00,Chennai,Pepper Barbecue,Veg,S,3,243,58,UPI,2,729
1926,3/21/2024,5:00:00,Bangalore,Pepper Barbecue,Non-Veg,L,3,499,54,Card,5,1497
1927,3/21/2024,6:00:00,Mumbai,Margherita,Veg,M,1,482,57,Card,1,482
1928,3/21/2024,7:00:00,Mumbai,Veg Extravaganza,Veg,M,2,555,51,Card,4,1110
1929,3/21/2024,8:00:00,Hyderabad,Margherita,Veg,L,2,439,22,UPI,5,878
1930,3/21/2024,9:00:00,Mumbai,Veg Extravaganza,Veg,M,2,251,22,Card,2,502
1931,3/21/2024,10:00:00,Chennai,Peppy Paneer,Veg,L,3,480,27,Cash,2,1440
1932,3/21/2024,11:00:00,Chennai,Pepper Barbecue,Veg,L,2,273,50,UPI,1,546
1933,3/21/2024,12:00:00,Chennai,Margherita,Non-Veg,M,4,494,28,Card,5,1976
1934,3/21/2024,13:00:00,Hyderabad,Peppy Paneer,Veg,M,4,437,24,Card,1,1748
1935,3/21/2024,14:00:00,Hyderabad,Pepper Barbecue,Non-Veg,L,2,366,47,UPI,2,732
1936,3/21/2024,15:00:00,Mumbai,Veg Extravaganza,Non-Veg,S,4,339,34,Card,4,1356
1937,3/21/2024,16:00:00,Delhi,Pepper Barbecue,Veg,S,1,338,46,UPI,5,338
1938,3/21/2024,17:00:00,Delhi,Peppy Paneer,Veg,L,2,568,50,Card,4,1136
1939,3/21/2024,18:00:00,Hyderabad,Margherita,Veg,L,2,434,59,Cash,5,868
1940,3/21/2024,19:00:00,Mumbai,Margherita,Non-Veg,L,2,202,37,Cash,2,404
1941,3/21/2024,20:00:00,Delhi,Pepper Barbecue,Non-Veg,S,1,455,57,UPI,5,455
1942,3/21/2024,21:00:00,Mumbai,Peppy Paneer,Non-Veg,S,1,570,23,UPI,2,570
1943,3/21/2024,22:00:00,Mumbai,Farmhouse,Veg,S,2,477,40,Cash,3,954
1944,3/21/2024,23:00:00,Mumbai,Veg Extravaganza,Non-Veg,M,3,203,42,UPI,2,609
1945,3/22/2024,0:00:00,Pune,Veg Extravaganza,Veg,M,3,591,41,UPI,2,1773
1946,3/22/2024,1:00:00,Chennai,Peppy Paneer,Veg,M,4,469,20,UPI,5,1876
1947,3/22/2024,2:00:00,Mumbai,Farmhouse,Veg,S,1,411,44,Card,4,411
1948,3/22/2024,3:00:00,Pune,Margherita,Veg,M,4,415,47,Cash,2,1660
1949,3/22/2024,4:00:00,Hyderabad,Chicken Dominator,Veg,M,4,469,56,Wallet,5,1876
1950,3/22/2024,5:00:00,Delhi,Chicken Dominator,Non-Veg,S,2,215,30,UPI,2,430
1951,3/22/2024,6:00:00,Chennai,Peppy Paneer,Non-Veg,L,3,263,41,UPI,1,789
1952,3/22/2024,7:00:00,Delhi,Farmhouse,Non-Veg,S,4,438,44,Card,1,1752
1953,3/22/2024,8:00:00,Chennai,Farmhouse,Veg,L,2,215,40,Cash,1,430
1954,3/22/2024,9:00:00,Delhi,Veg Extravaganza,Non-Veg,L,1,251,55,UPI,1,251
1955,3/22/2024,10:00:00,Chennai,Margherita,Veg,M,4,218,39,UPI,4,872
1956,3/22/2024,11:00:00,Delhi,Pepper Barbecue,Veg,S,3,524,35,UPI,2,1572
1957,3/22/2024,12:00:00,Delhi,Farmhouse,Veg,M,1,595,47,Cash,1,595
1958,3/22/2024,13:00:00,Delhi,Pepper Barbecue,Veg,L,2,292,48,UPI,5,584
1959,3/22/2024,14:00:00,Delhi,Chicken Dominator,Veg,S,1,460,45,Wallet,1,460
1960,3/22/2024,15:00:00,Hyderabad,Pepper Barbecue,Veg,L,4,497,59,Card,3,1988
1961,3/22/2024,16:00:00,Mumbai,Margherita,Veg,L,1,216,21,UPI,3,216
1962,3/22/2024,17:00:00,Bangalore,Margherita,Non-Veg,L,1,310,29,UPI,4,310
1963,3/22/2024,18:00:00,Pune,Pepper Barbecue,Veg,M,1,527,32,UPI,3,527
1964,3/22/2024,19:00:00,Bangalore,Peppy Paneer,Non-Veg,L,3,559,34,Card,5,1677
1965,3/22/2024,20:00:00,Bangalore,Farmhouse,Non-Veg,L,4,293,28,Cash,1,1172
1966,3/22/2024,21:00:00,Chennai,Peppy Paneer,Veg,M,2,209,46,UPI,3,418
1967,3/22/2024,22:00:00,Mumbai,Pepper Barbecue,Non-Veg,S,3,411,27,Card,3,1233
1968,3/22/2024,23:00:00,Chennai,Farmhouse,Veg,S,4,436,25,Cash,4,1744
1969,3/23/2024,0:00:00,Mumbai,Veg Extravaganza,Non-Veg,S,2,453,55,UPI,3,906
1970,3/23/2024,1:00:00,Mumbai,Peppy Paneer,Veg,L,2,215,43,UPI,1,430
1971,3/23/2024,2:00:00,Delhi,Peppy Paneer,Non-Veg,M,2,343,22,UPI,2,686
1972,3/23/2024,3:00:00,Hyderabad,Pepper Barbecue,Non-Veg,L,4,241,45,UPI,1,964
1973,3/23/2024,4:00:00,Delhi,Chicken Dominator,Non-Veg,L,2,202,55,Card,3,404
1974,3/23/2024,5:00:00,Hyderabad,Pepper Barbecue,Non-Veg,M,2,576,40,UPI,3,1152
1975,3/23/2024,6:00:00,Chennai,Peppy Paneer,Veg,M,3,355,32,UPI,3,1065
1976,3/23/2024,7:00:00,Hyderabad,Farmhouse,Veg,S,2,372,30,Wallet,4,744
1977,3/23/2024,8:00:00,Chennai,Chicken Dominator,Veg,L,1,223,27,UPI,5,223
1978,3/23/2024,9:00:00,Bangalore,Pepper Barbecue,Veg,M,3,474,33,UPI,1,1422
1979,3/23/2024,10:00:00,Bangalore,Pepper Barbecue,Veg,M,3,274,52,Cash,3,822
1980,3/23/2024,11:00:00,Hyderabad,Peppy Paneer,Non-Veg,S,4,239,21,UPI,2,956
1981,3/23/2024,12:00:00,Hyderabad,Peppy Paneer,Veg,L,2,501,20,UPI,4,1002
1982,3/23/2024,13:00:00,Chennai,Veg Extravaganza,Non-Veg,L,1,239,30,Card,5,239
1983,3/23/2024,14:00:00,Delhi,Pepper Barbecue,Non-Veg,M,1,261,25,Wallet,3,261
1984,3/23/2024,15:00:00,Chennai,Peppy Paneer,Veg,M,2,437,51,UPI,1,874
1985,3/23/2024,16:00:00,Delhi,Margherita,Non-Veg,L,2,444,34,Wallet,2,888
1986,3/23/2024,17:00:00,Bangalore,Chicken Dominator,Veg,S,4,217,31,Card,4,868
1987,3/23/2024,18:00:00,Mumbai,Margherita,Non-Veg,S,1,339,56,Card,1,339
1988,3/23/2024,19:00:00,Hyderabad,Chicken Dominator,Veg,M,3,597,48,Card,1,1791
1989,3/23/2024,20:00:00,Delhi,Pepper Barbecue,Veg,S,4,281,41,UPI,4,1124
1990,3/23/2024,21:00:00,Chennai,Veg Extravaganza,Veg,M,4,388,33,UPI,1,1552
1991,3/23/2024,22:00:00,Bangalore,Peppy Paneer,Veg,M,3,307,38,UPI,2,921
1992,3/23/2024,23:00:00,Delhi,Peppy Paneer,Veg,M,4,433,24,UPI,2,1732
1993,3/24/2024,0:00:00,Chennai,Peppy Paneer,Veg,S,2,467,54,Wallet,1,934
1994,3/24/2024,1:00:00,Hyderabad,Pepper Barbecue,Veg,M,3,303,44,Card,3,909
1995,3/24/2024,2:00:00,Hyderabad,Chicken Dominator,Non-Veg,M,3,333,57,Card,1,999
1996,3/24/2024,3:00:00,Pune,Peppy Paneer,Veg,M,1,543,28,Cash,3,543
1997,3/24/2024,4:00:00,Mumbai,Margherita,Veg,M,3,570,26,Wallet,1,1710
1998,3/24/2024,5:00:00,Pune,Peppy Paneer,Non-Veg,L,4,232,37,Wallet,5,928
1999,3/24/2024,6:00:00,Bangalore,Pepper Barbecue,Non-Veg,S,1,436,21,Cash,2,436
2000,3/24/2024,7:00:00,Delhi,Veg Extravaganza,Non-Veg,L,4,573,29,UPI,1,2292
2001,3/24/2024,8:00:00,Bangalore,Margherita,Veg,S,2,535,21,UPI,2,1070
2002,3/24/2024,9:00:00,Chennai,Peppy Paneer,Veg,M,2,377,27,UPI,4,754
2003,3/24/2024,10:00:00,Hyderabad,Peppy Paneer,Veg,M,1,211,26,UPI,5,211
2004,3/24/2024,11:00:00,Pune,Farmhouse,Veg,M,1,550,54,UPI,3,550
2005,3/24/2024,12:00:00,Pune,Chicken Dominator,Non-Veg,L,4,428,42,Wallet,4,1712
2006,3/24/2024,13:00:00,Pune,Margherita,Veg,M,2,508,27,Wallet,5,1016
2007,3/24/2024,14:00:00,Bangalore,Farmhouse,Non-Veg,M,1,468,40,Card,4,468
2008,3/24/2024,15:00:00,Hyderabad,Veg Extravaganza,Veg,L,2,577,52,Card,2,1154
2009,3/24/2024,16:00:00,Delhi,Chicken Dominator,Non-Veg,S,2,557,20,Card,5,1114
2010,3/24/2024,17:00:00,Chennai,Margherita,Veg,S,2,330,31,UPI,4,660
2011,3/24/2024,18:00:00,Delhi,Peppy Paneer,Non-Veg,S,4,448,30,Wallet,3,1792
2012,3/24/2024,19:00:00,Bangalore,Margherita,Non-Veg,S,4,257,49,UPI,5,1028
2013,3/24/2024,20:00:00,Chennai,Peppy Paneer,Non-Veg,M,2,203,23,Card,5,406
2014,3/24/2024,21:00:00,Pune,Chicken Dominator,Veg,M,2,435,53,UPI,4,870
2015,3/24/2024,22:00:00,Mumbai,Peppy Paneer,Veg,S,2,372,42,Cash,1,744
2016,3/24/2024,23:00:00,Bangalore,Veg Extravaganza,Non-Veg,S,3,521,51,Card,3,1563
2017,3/25/2024,0:00:00,Bangalore,Pepper Barbecue,Veg,L,3,570,22,Card,3,1710
2018,3/25/2024,1:00:00,Hyderabad,Peppy Paneer,Veg,L,4,235,47,UPI,4,940
2019,3/25/2024,2:00:00,Delhi,Veg Extravaganza,Veg,L,2,478,23,UPI,2,956
2020,3/25/2024,3:00:00,Bangalore,Pepper Barbecue,Veg,L,3,436,31,Card,2,1308
2021,3/25/2024,4:00:00,Bangalore,Chicken Dominator,Veg,L,1,474,43,UPI,1,474
2022,3/25/2024,5:00:00,Pune,Chicken Dominator,Veg,L,1,495,52,Cash,1,495
2023,3/25/2024,6:00:00,Pune,Margherita,Veg,M,2,527,22,Cash,4,1054
2024,3/25/2024,7:00:00,Chennai,Veg Extravaganza,Veg,S,3,599,23,Card,2,1797
2025,3/25/2024,8:00:00,Mumbai,Veg Extravaganza,Veg,M,1,257,49,UPI,3,257
2026,3/25/2024,9:00:00,Hyderabad,Farmhouse,Veg,S,4,562,25,Cash,2,2248
2027,3/25/2024,10:00:00,Mumbai,Farmhouse,Veg,L,1,217,49,UPI,4,217
2028,3/25/2024,11:00:00,Chennai,Pepper Barbecue,Non-Veg,M,4,235,27,UPI,2,940
2029,3/25/2024,12:00:00,Pune,Pepper Barbecue,Non-Veg,M,1,328,37,UPI,5,328
2030,3/25/2024,13:00:00,Delhi,Farmhouse,Non-Veg,S,1,200,35,UPI,4,200
2031,3/25/2024,14:00:00,Pune,Pepper Barbecue,Non-Veg,M,3,263,25,Card,5,789
2032,3/25/2024,15:00:00,Hyderabad,Peppy Paneer,Veg,M,1,261,43,UPI,4,261
2033,3/25/2024,16:00:00,Pune,Farmhouse,Non-Veg,S,1,565,47,Card,3,565
2034,3/25/2024,17:00:00,Hyderabad,Veg Extravaganza,Veg,M,4,530,51,Card,4,2120
2035,3/25/2024,18:00:00,Hyderabad,Peppy Paneer,Non-Veg,S,4,345,44,Card,4,1380
2036,3/25/2024,19:00:00,Hyderabad,Pepper Barbecue,Veg,M,1,471,47,UPI,4,471
2037,3/25/2024,20:00:00,Chennai,Chicken Dominator,Non-Veg,M,2,216,40,Cash,4,432
2038,3/25/2024,21:00:00,Hyderabad,Margherita,Veg,L,1,479,27,Card,1,479
2039,3/25/2024,22:00:00,Hyderabad,Farmhouse,Veg,M,1,297,55,UPI,5,297
2040,3/25/2024,23:00:00,Delhi,Chicken Dominator,Non-Veg,M,3,426,28,Card,4,1278
2041,3/26/2024,0:00:00,Mumbai,Pepper Barbecue,Veg,L,1,585,59,UPI,4,585
2042,3/26/2024,1:00:00,Bangalore,Veg Extravaganza,Veg,M,1,442,40,UPI,1,442
2043,3/26/2024,2:00:00,Mumbai,Margherita,Veg,M,4,400,20,Wallet,2,1600
2044,3/26/2024,3:00:00,Hyderabad,Chicken Dominator,Veg,M,4,593,23,UPI,1,2372
2045,3/26/2024,4:00:00,Delhi,Margherita,Veg,L,4,378,29,Card,1,1512
2046,3/26/2024,5:00:00,Pune,Farmhouse,Non-Veg,M,4,469,45,UPI,1,1876
2047,3/26/2024,6:00:00,Delhi,Pepper Barbecue,Veg,M,1,433,59,Wallet,4,433
2048,3/26/2024,7:00:00,Hyderabad,Veg Extravaganza,Veg,L,2,311,22,UPI,1,622
2049,3/26/2024,8:00:00,Delhi,Pepper Barbecue,Veg,S,3,265,28,UPI,1,795
2050,3/26/2024,9:00:00,Delhi,Margherita,Non-Veg,L,3,537,51,Card,1,1611
2051,3/26/2024,10:00:00,Hyderabad,Chicken Dominator,Non-Veg,M,2,548,22,Card,4,1096
2052,3/26/2024,11:00:00,Chennai,Farmhouse,Non-Veg,M,2,444,23,Card,3,888
2053,3/26/2024,12:00:00,Delhi,Farmhouse,Non-Veg,L,3,444,25,Card,3,1332
2054,3/26/2024,13:00:00,Bangalore,Pepper Barbecue,Non-Veg,S,1,271,28,UPI,2,271
2055,3/26/2024,14:00:00,Bangalore,Chicken Dominator,Non-Veg,L,3,556,45,UPI,4,1668
2056,3/26/2024,15:00:00,Delhi,Chicken Dominator,Non-Veg,L,2,248,21,Card,1,496
2057,3/26/2024,16:00:00,Chennai,Margherita,Veg,M,1,545,21,Card,1,545
2058,3/26/2024,17:00:00,Pune,Pepper Barbecue,Non-Veg,L,3,389,40,UPI,1,1167
2059,3/26/2024,18:00:00,Hyderabad,Pepper Barbecue,Veg,S,1,492,41,Card,3,492
2060,3/26/2024,19:00:00,Bangalore,Peppy Paneer,Non-Veg,L,1,376,22,Wallet,1,376
2061,3/26/2024,20:00:00,Pune,Pepper Barbecue,Non-Veg,M,2,360,54,Cash,1,720
2062,3/26/2024,21:00:00,Delhi,Farmhouse,Non-Veg,M,4,349,57,UPI,3,1396
2063,3/26/2024,22:00:00,Pune,Margherita,Non-Veg,S,3,269,52,Card,1,807
2064,3/26/2024,23:00:00,Mumbai,Chicken Dominator,Veg,M,2,232,34,UPI,2,464
2065,3/27/2024,0:00:00,Bangalore,Pepper Barbecue,Veg,S,3,483,30,UPI,5,1449
2066,3/27/2024,1:00:00,Delhi,Margherita,Veg,L,4,543,29,Card,2,2172
2067,3/27/2024,2:00:00,Hyderabad,Pepper Barbecue,Non-Veg,L,4,459,55,UPI,4,1836
2068,3/27/2024,3:00:00,Chennai,Chicken Dominator,Non-Veg,S,4,521,33,UPI,2,2084
2069,3/27/2024,4:00:00,Delhi,Veg Extravaganza,Non-Veg,S,4,276,21,UPI,2,1104
2070,3/27/2024,5:00:00,Hyderabad,Chicken Dominator,Non-Veg,L,3,309,56,UPI,3,927
2071,3/27/2024,6:00:00,Chennai,Chicken Dominator,Non-Veg,M,1,504,48,UPI,4,504
2072,3/27/2024,7:00:00,Chennai,Chicken Dominator,Non-Veg,S,1,583,54,UPI,2,583
2073,3/27/2024,8:00:00,Delhi,Pepper Barbecue,Non-Veg,M,4,338,39,UPI,5,1352
2074,3/27/2024,9:00:00,Pune,Peppy Paneer,Non-Veg,M,4,234,40,UPI,2,936
2075,3/27/2024,10:00:00,Pune,Chicken Dominator,Non-Veg,S,1,593,53,Cash,1,593
2076,3/27/2024,11:00:00,Chennai,Farmhouse,Veg,L,2,434,52,Cash,3,868
2077,3/27/2024,12:00:00,Pune,Farmhouse,Non-Veg,M,4,529,38,UPI,1,2116
2078,3/27/2024,13:00:00,Mumbai,Margherita,Veg,S,1,399,27,Cash,4,399
2079,3/27/2024,14:00:00,Chennai,Peppy Paneer,Veg,L,2,524,50,UPI,4,1048
2080,3/27/2024,15:00:00,Chennai,Margherita,Non-Veg,M,1,350,30,Card,3,350
2081,3/27/2024,16:00:00,Hyderabad,Farmhouse,Veg,S,2,233,27,UPI,2,466
2082,3/27/2024,17:00:00,Pune,Farmhouse,Non-Veg,S,3,323,44,Cash,4,969
2083,3/27/2024,18:00:00,Chennai,Veg Extravaganza,Veg,S,2,566,39,UPI,5,1132
2084,3/27/2024,19:00:00,Mumbai,Chicken Dominator,Veg,M,4,231,57,UPI,3,924
2085,3/27/2024,20:00:00,Hyderabad,Farmhouse,Veg,S,2,471,26,UPI,1,942
2086,3/27/2024,21:00:00,Delhi,Pepper Barbecue,Veg,M,2,523,32,Wallet,5,1046
2087,3/27/2024,22:00:00,Chennai,Pepper Barbecue,Veg,S,4,509,58,UPI,3,2036
2088,3/27/2024,23:00:00,Mumbai,Margherita,Veg,M,3,323,29,UPI,5,969
2089,3/28/2024,0:00:00,Bangalore,Margherita,Veg,L,2,567,27,UPI,3,1134
2090,3/28/2024,1:00:00,Mumbai,Chicken Dominator,Veg,M,3,515,39,Cash,1,1545
2091,3/28/2024,2:00:00,Mumbai,Chicken Dominator,Veg,M,1,277,36,UPI,2,277
2092,3/28/2024,3:00:00,Hyderabad,Veg Extravaganza,Non-Veg,L,1,275,30,Card,3,275
2093,3/28/2024,4:00:00,Delhi,Peppy Paneer,Veg,M,4,259,35,UPI,4,1036
2094,3/28/2024,5:00:00,Bangalore,Margherita,Non-Veg,M,3,284,56,Card,1,852
2095,3/28/2024,6:00:00,Pune,Chicken Dominator,Non-Veg,M,4,567,51,UPI,1,2268
2096,3/28/2024,7:00:00,Pune,Margherita,Veg,L,4,279,45,UPI,5,1116
2097,3/28/2024,8:00:00,Mumbai,Chicken Dominator,Non-Veg,S,2,573,56,Cash,4,1146
2098,3/28/2024,9:00:00,Hyderabad,Farmhouse,Non-Veg,M,1,371,28,Card,5,371
2099,3/28/2024,10:00:00,Hyderabad,Margherita,Non-Veg,M,4,457,54,Wallet,1,1828
2100,3/28/2024,11:00:00,Pune,Farmhouse,Veg,M,2,478,22,Cash,3,956
2101,3/28/2024,12:00:00,Bangalore,Margherita,Non-Veg,L,2,420,50,Card,4,840
2102,3/28/2024,13:00:00,Delhi,Peppy Paneer,Non-Veg,M,3,245,26,Card,1,735
2103,3/28/2024,14:00:00,Bangalore,Veg Extravaganza,Veg,S,1,272,21,Cash,4,272
2104,3/28/2024,15:00:00,Chennai,Pepper Barbecue,Veg,L,3,253,44,UPI,3,759
2105,3/28/2024,16:00:00,Chennai,Pepper Barbecue,Veg,S,3,526,59,UPI,2,1578
2106,3/28/2024,17:00:00,Delhi,Pepper Barbecue,Non-Veg,S,4,420,31,UPI,5,1680
2107,3/28/2024,18:00:00,Pune,Farmhouse,Veg,M,3,580,49,UPI,5,1740
2108,3/28/2024,19:00:00,Delhi,Chicken Dominator,Non-Veg,L,4,536,49,UPI,1,2144
2109,3/28/2024,20:00:00,Hyderabad,Pepper Barbecue,Veg,L,3,208,48,Wallet,1,624
2110,3/28/2024,21:00:00,Chennai,Peppy Paneer,Non-Veg,L,2,525,30,Cash,3,1050
2111,3/28/2024,22:00:00,Mumbai,Pepper Barbecue,Veg,S,1,371,42,Card,1,371
2112,3/28/2024,23:00:00,Mumbai,Margherita,Veg,M,1,283,36,UPI,1,283
2113,3/29/2024,0:00:00,Pune,Farmhouse,Veg,S,1,529,32,UPI,1,529
2114,3/29/2024,1:00:00,Hyderabad,Margherita,Veg,L,2,528,52,Card,4,1056
2115,3/29/2024,2:00:00,Bangalore,Margherita,Veg,M,2,211,20,Card,4,422
2116,3/29/2024,3:00:00,Hyderabad,Margherita,Veg,S,3,231,59,Cash,2,693
2117,3/29/2024,4:00:00,Mumbai,Veg Extravaganza,Veg,L,3,538,32,Wallet,4,1614
2118,3/29/2024,5:00:00,Mumbai,Veg Extravaganza,Non-Veg,M,3,488,57,UPI,5,1464
2119,3/29/2024,6:00:00,Chennai,Chicken Dominator,Non-Veg,M,3,519,22,UPI,2,1557
2120,3/29/2024,7:00:00,Hyderabad,Farmhouse,Veg,L,1,503,35,UPI,1,503
2121,3/29/2024,8:00:00,Hyderabad,Peppy Paneer,Veg,S,3,471,26,UPI,5,1413
2122,3/29/2024,9:00:00,Mumbai,Peppy Paneer,Veg,S,2,377,22,UPI,2,754
2123,3/29/2024,10:00:00,Bangalore,Peppy Paneer,Non-Veg,S,2,313,33,Cash,2,626
2124,3/29/2024,11:00:00,Pune,Margherita,Veg,M,2,225,35,Wallet,5,450
2125,3/29/2024,12:00:00,Pune,Veg Extravaganza,Veg,S,4,436,23,Wallet,2,1744
2126,3/29/2024,13:00:00,Hyderabad,Farmhouse,Veg,M,4,509,50,Cash,5,2036
2127,3/29/2024,14:00:00,Pune,Margherita,Non-Veg,S,4,371,32,Wallet,2,1484
2128,3/29/2024,15:00:00,Mumbai,Veg Extravaganza,Veg,L,3,432,46,Wallet,2,1296
2129,3/29/2024,16:00:00,Mumbai,Veg Extravaganza,Non-Veg,S,1,236,20,Card,2,236
2130,3/29/2024,17:00:00,Hyderabad,Pepper Barbecue,Veg,S,1,464,44,UPI,5,464
2131,3/29/2024,18:00:00,Hyderabad,Pepper Barbecue,Veg,S,3,212,56,UPI,2,636
2132,3/29/2024,19:00:00,Chennai,Farmhouse,Veg,L,3,515,30,UPI,4,1545
2133,3/29/2024,20:00:00,Hyderabad,Farmhouse,Veg,M,4,305,28,UPI,4,1220
2134,3/29/2024,21:00:00,Bangalore,Farmhouse,Veg,L,2,325,26,Cash,4,650
2135,3/29/2024,22:00:00,Pune,Margherita,Veg,L,2,535,33,Card,4,1070
2136,3/29/2024,23:00:00,Hyderabad,Chicken Dominator,Veg,L,4,583,49,UPI,4,2332
2137,3/30/2024,0:00:00,Delhi,Farmhouse,Veg,L,4,329,43,UPI,1,1316
2138,3/30/2024,1:00:00,Chennai,Pepper Barbecue,Veg,S,1,515,22,UPI,2,515
2139,3/30/2024,2:00:00,Delhi,Chicken Dominator,Non-Veg,L,4,455,58,UPI,3,1820
2140,3/30/2024,3:00:00,Mumbai,Margherita,Veg,L,2,314,46,UPI,1,628
2141,3/30/2024,4:00:00,Pune,Chicken Dominator,Non-Veg,L,2,498,20,UPI,5,996
2142,3/30/2024,5:00:00,Hyderabad,Peppy Paneer,Veg,S,3,323,57,UPI,1,969
2143,3/30/2024,6:00:00,Delhi,Chicken Dominator,Veg,M,1,455,45,Card,3,455
2144,3/30/2024,7:00:00,Pune,Farmhouse,Veg,S,3,338,25,UPI,1,1014
2145,3/30/2024,8:00:00,Mumbai,Margherita,Veg,S,1,405,31,Card,2,405
2146,3/30/2024,9:00:00,Bangalore,Farmhouse,Veg,L,3,246,57,UPI,4,738
2147,3/30/2024,10:00:00,Chennai,Pepper Barbecue,Veg,L,1,416,54,UPI,2,416
2148,3/30/2024,11:00:00,Pune,Peppy Paneer,Non-Veg,M,4,518,29,Card,1,2072
2149,3/30/2024,12:00:00,Pune,Pepper Barbecue,Veg,L,2,590,28,UPI,3,1180
2150,3/30/2024,13:00:00,Bangalore,Farmhouse,Veg,S,4,549,42,UPI,5,2196
2151,3/30/2024,14:00:00,Pune,Farmhouse,Veg,S,1,322,49,Wallet,2,322
2152,3/30/2024,15:00:00,Mumbai,Farmhouse,Veg,M,1,230,41,Card,3,230
2153,3/30/2024,16:00:00,Mumbai,Veg Extravaganza,Non-Veg,M,3,254,28,Card,5,762
2154,3/30/2024,17:00:00,Bangalore,Peppy Paneer,Veg,L,1,352,38,Cash,4,352
2155,3/30/2024,18:00:00,Chennai,Farmhouse,Veg,M,4,485,27,Wallet,2,1940
2156,3/30/2024,19:00:00,Hyderabad,Farmhouse,Veg,M,1,235,23,UPI,2,235
2157,3/30/2024,20:00:00,Delhi,Pepper Barbecue,Veg,M,1,505,24,Cash,4,505
2158,3/30/2024,21:00:00,Hyderabad,Pepper Barbecue,Non-Veg,S,3,597,38,Cash,4,1791
2159,3/30/2024,22:00:00,Pune,Farmhouse,Non-Veg,L,1,484,37,UPI,1,484
2160,3/30/2024,23:00:00,Delhi,Margherita,Veg,M,3,572,48,Card,5,1716
2161,3/31/2024,0:00:00,Bangalore,Veg Extravaganza,Veg,M,2,455,38,UPI,3,910
2162,3/31/2024,1:00:00,Bangalore,Pepper Barbecue,Non-Veg,L,3,377,25,Card,4,1131
2163,3/31/2024,2:00:00,Chennai,Margherita,Veg,M,1,235,24,Card,1,235
2164,3/31/2024,3:00:00,Delhi,Veg Extravaganza,Veg,L,2,453,24,UPI,5,906
2165,3/31/2024,4:00:00,Mumbai,Farmhouse,Non-Veg,S,1,361,27,Cash,5,361
2166,3/31/2024,5:00:00,Delhi,Peppy Paneer,Veg,S,3,220,46,Cash,2,660
2167,3/31/2024,6:00:00,Pune,Chicken Dominator,Veg,L,4,493,56,Wallet,1,1972
2168,3/31/2024,7:00:00,Mumbai,Chicken Dominator,Veg,L,2,274,57,UPI,1,548
2169,3/31/2024,8:00:00,Bangalore,Farmhouse,Non-Veg,M,4,406,56,UPI,2,1624
2170,3/31/2024,9:00:00,Delhi,Pepper Barbecue,Veg,M,4,377,37,Cash,3,1508
2171,3/31/2024,10:00:00,Hyderabad,Margherita,Non-Veg,L,2,581,45,UPI,4,1162
2172,3/31/2024,11:00:00,Chennai,Peppy Paneer,Non-Veg,S,4,236,35,Card,2,944
2173,3/31/2024,12:00:00,Hyderabad,Veg Extravaganza,Veg,S,4,319,41,Cash,4,1276
2174,3/31/2024,13:00:00,Chennai,Farmhouse,Veg,M,4,317,42,UPI,1,1268
2175,3/31/2024,14:00:00,Pune,Peppy Paneer,Veg,S,4,200,22,UPI,2,800
2176,3/31/2024,15:00:00,Hyderabad,Peppy Paneer,Veg,S,2,408,22,UPI,3,816
2177,3/31/2024,16:00:00,Delhi,Pepper Barbecue,Non-Veg,L,1,510,31,UPI,4,510
2178,3/31/2024,17:00:00,Delhi,Veg Extravaganza,Veg,S,4,407,42,Card,4,1628
2179,3/31/2024,18:00:00,Hyderabad,Peppy Paneer,Veg,L,2,353,30,UPI,4,706
2180,3/31/2024,19:00:00,Delhi,Pepper Barbecue,Non-Veg,M,2,449,48,UPI,1,898
2181,3/31/2024,20:00:00,Pune,Margherita,Veg,M,2,370,25,Cash,4,740
2182,3/31/2024,21:00:00,Mumbai,Pepper Barbecue,Non-Veg,M,2,514,35,UPI,5,1028
2183,3/31/2024,22:00:00,Pune,Margherita,Non-Veg,M,3,506,53,Card,4,1518
2184,3/31/2024,23:00:00,Chennai,Margherita,Veg,S,1,306,56,UPI,1,306
2185,4/1/2024,0:00:00,Pune,Peppy Paneer,Veg,S,1,342,30,Card,2,342
2186,4/1/2024,1:00:00,Chennai,Pepper Barbecue,Non-Veg,L,4,207,30,Wallet,4,828
2187,4/1/2024,2:00:00,Delhi,Margherita,Non-Veg,S,2,293,44,Card,4,586
2188,4/1/2024,3:00:00,Mumbai,Veg Extravaganza,Veg,S,3,597,38,Card,2,1791
2189,4/1/2024,4:00:00,Delhi,Peppy Paneer,Veg,L,2,296,51,UPI,5,592
2190,4/1/2024,5:00:00,Bangalore,Pepper Barbecue,Veg,L,4,206,27,UPI,1,824
2191,4/1/2024,6:00:00,Delhi,Pepper Barbecue,Veg,M,1,473,31,Cash,2,473
2192,4/1/2024,7:00:00,Chennai,Chicken Dominator,Veg,S,4,211,54,Cash,1,844
2193,4/1/2024,8:00:00,Delhi,Pepper Barbecue,Veg,L,4,201,25,Card,2,804
2194,4/1/2024,9:00:00,Delhi,Peppy Paneer,Veg,L,4,548,40,Wallet,3,2192
2195,4/1/2024,10:00:00,Mumbai,Veg Extravaganza,Veg,S,4,206,45,UPI,5,824
2196,4/1/2024,11:00:00,Delhi,Pepper Barbecue,Non-Veg,S,4,211,20,Card,3,844
2197,4/1/2024,12:00:00,Mumbai,Chicken Dominator,Non-Veg,L,4,539,36,UPI,2,2156
2198,4/1/2024,13:00:00,Hyderabad,Peppy Paneer,Veg,L,4,256,54,Card,2,1024
2199,4/1/2024,14:00:00,Bangalore,Margherita,Veg,L,1,277,46,UPI,1,277
2200,4/1/2024,15:00:00,Mumbai,Farmhouse,Veg,S,1,273,21,Wallet,2,273
2201,4/1/2024,16:00:00,Chennai,Farmhouse,Veg,M,2,432,55,Cash,1,864
2202,4/1/2024,17:00:00,Hyderabad,Margherita,Non-Veg,M,2,478,20,UPI,1,956
2203,4/1/2024,18:00:00,Mumbai,Pepper Barbecue,Veg,S,3,229,29,Card,2,687
2204,4/1/2024,19:00:00,Mumbai,Farmhouse,Non-Veg,S,3,566,50,Cash,1,1698
2205,4/1/2024,20:00:00,Bangalore,Farmhouse,Veg,S,1,513,56,UPI,5,513
2206,4/1/2024,21:00:00,Chennai,Margherita,Non-Veg,M,1,294,24,UPI,3,294
2207,4/1/2024,22:00:00,Pune,Pepper Barbecue,Veg,M,3,507,32,UPI,2,1521
2208,4/1/2024,23:00:00,Pune,Pepper Barbecue,Veg,L,1,255,43,UPI,1,255
2209,4/2/2024,0:00:00,Mumbai,Margherita,Veg,L,3,209,46,Card,1,627
2210,4/2/2024,1:00:00,Delhi,Pepper Barbecue,Non-Veg,L,2,346,20,UPI,1,692
2211,4/2/2024,2:00:00,Chennai,Pepper Barbecue,Non-Veg,L,1,563,39,Card,1,563
2212,4/2/2024,3:00:00,Hyderabad,Peppy Paneer,Non-Veg,S,1,286,27,Card,5,286
2213,4/2/2024,4:00:00,Delhi,Peppy Paneer,Non-Veg,M,3,452,22,Wallet,2,1356
2214,4/2/2024,5:00:00,Delhi,Margherita,Non-Veg,M,4,386,51,Cash,2,1544
2215,4/2/2024,6:00:00,Chennai,Veg Extravaganza,Veg,S,4,432,44,Card,5,1728
2216,4/2/2024,7:00:00,Mumbai,Farmhouse,Veg,L,2,452,44,UPI,5,904
2217,4/2/2024,8:00:00,Mumbai,Peppy Paneer,Non-Veg,S,1,423,33,UPI,5,423
2218,4/2/2024,9:00:00,Mumbai,Farmhouse,Non-Veg,M,1,539,46,UPI,2,539
2219,4/2/2024,10:00:00,Mumbai,Chicken Dominator,Non-Veg,M,3,203,51,Card,4,609
2220,4/2/2024,11:00:00,Pune,Margherita,Veg,M,4,552,46,UPI,3,2208
2221,4/2/2024,12:00:00,Mumbai,Veg Extravaganza,Veg,M,4,311,23,UPI,5,1244
2222,4/2/2024,13:00:00,Pune,Chicken Dominator,Non-Veg,M,2,392,58,Cash,5,784
2223,4/2/2024,14:00:00,Pune,Chicken Dominator,Veg,S,4,340,30,Card,2,1360
2224,4/2/2024,15:00:00,Mumbai,Pepper Barbecue,Veg,S,4,522,22,Cash,2,2088
2225,4/2/2024,16:00:00,Bangalore,Chicken Dominator,Non-Veg,L,4,339,44,Cash,3,1356
2226,4/2/2024,17:00:00,Hyderabad,Margherita,Non-Veg,S,3,548,43,UPI,1,1644
2227,4/2/2024,18:00:00,Delhi,Peppy Paneer,Veg,S,4,294,28,Wallet,2,1176
2228,4/2/2024,19:00:00,Pune,Margherita,Non-Veg,M,2,240,27,UPI,3,480
2229,4/2/2024,20:00:00,Chennai,Peppy Paneer,Non-Veg,S,4,201,58,Wallet,2,804
2230,4/2/2024,21:00:00,Chennai,Chicken Dominator,Non-Veg,M,2,477,50,Card,2,954
2231,4/2/2024,22:00:00,Hyderabad,Chicken Dominator,Non-Veg,M,3,349,36,Cash,2,1047
2232,4/2/2024,23:00:00,Chennai,Veg Extravaganza,Veg,L,3,240,50,Card,4,720
2233,4/3/2024,0:00:00,Bangalore,Peppy Paneer,Veg,L,2,550,23,Card,4,1100
2234,4/3/2024,1:00:00,Chennai,Chicken Dominator,Veg,S,3,315,23,Card,5,945
2235,4/3/2024,2:00:00,Delhi,Pepper Barbecue,Veg,M,1,319,56,Wallet,4,319
2236,4/3/2024,3:00:00,Delhi,Farmhouse,Veg,S,1,436,27,Wallet,3,436
2237,4/3/2024,4:00:00,Pune,Veg Extravaganza,Veg,S,1,469,25,Card,2,469
2238,4/3/2024,5:00:00,Mumbai,Margherita,Veg,M,1,548,28,Card,4,548
2239,4/3/2024,6:00:00,Bangalore,Veg Extravaganza,Veg,S,1,490,27,UPI,2,490
2240,4/3/2024,7:00:00,Pune,Farmhouse,Veg,M,3,208,51,Cash,1,624
2241,4/3/2024,8:00:00,Bangalore,Peppy Paneer,Non-Veg,L,2,438,34,Card,5,876
2242,4/3/2024,9:00:00,Mumbai,Margherita,Veg,L,3,317,37,Cash,4,951
2243,4/3/2024,10:00:00,Chennai,Margherita,Veg,L,4,551,42,Card,2,2204
2244,4/3/2024,11:00:00,Chennai,Peppy Paneer,Veg,S,1,514,24,UPI,1,514
2245,4/3/2024,12:00:00,Mumbai,Veg Extravaganza,Veg,M,1,511,46,UPI,5,511
2246,4/3/2024,13:00:00,Pune,Chicken Dominator,Non-Veg,S,3,209,52,UPI,5,627
2247,4/3/2024,14:00:00,Mumbai,Veg Extravaganza,Veg,M,4,224,21,Card,1,896
2248,4/3/2024,15:00:00,Hyderabad,Farmhouse,Veg,S,3,372,57,UPI,4,1116
2249,4/3/2024,16:00:00,Delhi,Pepper Barbecue,Veg,S,2,424,47,Card,4,848
2250,4/3/2024,17:00:00,Pune,Chicken Dominator,Veg,M,1,210,43,UPI,2,210
2251,4/3/2024,18:00:00,Bangalore,Veg Extravaganza,Veg,L,3,300,40,UPI,3,900
2252,4/3/2024,19:00:00,Hyderabad,Pepper Barbecue,Veg,L,2,464,50,UPI,2,928
2253,4/3/2024,20:00:00,Pune,Pepper Barbecue,Veg,M,1,590,30,UPI,2,590
2254,4/3/2024,21:00:00,Mumbai,Peppy Paneer,Non-Veg,M,1,526,47,UPI,2,526
2255,4/3/2024,22:00:00,Mumbai,Farmhouse,Non-Veg,M,1,282,59,Card,1,282
2256,4/3/2024,23:00:00,Mumbai,Farmhouse,Veg,M,4,475,23,UPI,5,1900
2257,4/4/2024,0:00:00,Mumbai,Farmhouse,Veg,S,3,569,35,UPI,5,1707
2258,4/4/2024,1:00:00,Bangalore,Chicken Dominator,Veg,L,1,544,31,Wallet,3,544
2259,4/4/2024,2:00:00,Hyderabad,Margherita,Veg,M,1,460,41,UPI,4,460
2260,4/4/2024,3:00:00,Chennai,Chicken Dominator,Veg,S,2,567,54,Cash,2,1134
2261,4/4/2024,4:00:00,Delhi,Veg Extravaganza,Non-Veg,S,3,420,35,Wallet,1,1260
2262,4/4/2024,5:00:00,Bangalore,Pepper Barbecue,Veg,S,2,510,43,Card,1,1020
2263,4/4/2024,6:00:00,Bangalore,Pepper Barbecue,Non-Veg,M,3,418,54,Card,2,1254
2264,4/4/2024,7:00:00,Chennai,Margherita,Veg,L,1,288,47,UPI,1,288
2265,4/4/2024,8:00:00,Chennai,Veg Extravaganza,Non-Veg,M,4,214,48,UPI,1,856
2266,4/4/2024,9:00:00,Delhi,Margherita,Non-Veg,M,2,445,40,Card,2,890
2267,4/4/2024,10:00:00,Delhi,Pepper Barbecue,Non-Veg,L,4,375,44,UPI,3,1500
2268,4/4/2024,11:00:00,Chennai,Chicken Dominator,Veg,S,4,203,58,UPI,1,812
2269,4/4/2024,12:00:00,Mumbai,Farmhouse,Non-Veg,S,4,533,50,Cash,5,2132
2270,4/4/2024,13:00:00,Bangalore,Pepper Barbecue,Non-Veg,M,3,575,34,UPI,5,1725
2271,4/4/2024,14:00:00,Pune,Peppy Paneer,Non-Veg,L,3,568,54,Card,5,1704
2272,4/4/2024,15:00:00,Delhi,Farmhouse,Veg,M,4,220,57,Card,2,880
2273,4/4/2024,16:00:00,Delhi,Pepper Barbecue,Non-Veg,M,1,407,41,UPI,5,407
2274,4/4/2024,17:00:00,Chennai,Chicken Dominator,Veg,L,1,336,24,UPI,4,336
2275,4/4/2024,18:00:00,Hyderabad,Margherita,Veg,L,4,521,32,UPI,1,2084
2276,4/4/2024,19:00:00,Pune,Farmhouse,Non-Veg,S,2,562,51,Card,3,1124
2277,4/4/2024,20:00:00,Pune,Chicken Dominator,Veg,L,2,415,22,UPI,5,830
2278,4/4/2024,21:00:00,Delhi,Veg Extravaganza,Veg,S,3,567,34,Card,2,1701
2279,4/4/2024,22:00:00,Mumbai,Peppy Paneer,Veg,M,2,316,46,Card,3,632
2280,4/4/2024,23:00:00,Hyderabad,Farmhouse,Non-Veg,S,1,378,46,Cash,2,378
2281,4/5/2024,0:00:00,Pune,Margherita,Veg,M,4,445,49,UPI,3,1780
2282,4/5/2024,1:00:00,Delhi,Veg Extravaganza,Veg,M,2,327,25,Card,3,654
2283,4/5/2024,2:00:00,Pune,Chicken Dominator,Veg,L,4,557,44,UPI,1,2228
2284,4/5/2024,3:00:00,Hyderabad,Peppy Paneer,Non-Veg,M,2,277,47,UPI,3,554
2285,4/5/2024,4:00:00,Hyderabad,Margherita,Veg,M,3,428,41,UPI,4,1284
2286,4/5/2024,5:00:00,Bangalore,Chicken Dominator,Non-Veg,S,1,492,23,Card,4,492
2287,4/5/2024,6:00:00,Chennai,Chicken Dominator,Veg,L,3,461,34,Wallet,4,1383
2288,4/5/2024,7:00:00,Chennai,Farmhouse,Non-Veg,L,4,281,45,UPI,2,1124
2289,4/5/2024,8:00:00,Delhi,Farmhouse,Non-Veg,S,1,541,37,Card,1,541
2290,4/5/2024,9:00:00,Hyderabad,Margherita,Veg,L,1,537,28,UPI,2,537
2291,4/5/2024,10:00:00,Bangalore,Pepper Barbecue,Veg,M,3,506,23,Card,5,1518
2292,4/5/2024,11:00:00,Bangalore,Pepper Barbecue,Non-Veg,M,2,265,24,UPI,4,530
2293,4/5/2024,12:00:00,Pune,Chicken Dominator,Veg,L,3,295,25,Card,1,885
2294,4/5/2024,13:00:00,Pune,Farmhouse,Veg,S,4,344,31,Card,4,1376
2295,4/5/2024,14:00:00,Bangalore,Peppy Paneer,Non-Veg,L,2,264,50,Card,1,528
2296,4/5/2024,15:00:00,Pune,Peppy Paneer,Non-Veg,M,3,208,28,UPI,2,624
2297,4/5/2024,16:00:00,Hyderabad,Chicken Dominator,Veg,S,3,596,26,Card,2,1788
2298,4/5/2024,17:00:00,Mumbai,Farmhouse,Veg,L,2,556,48,UPI,4,1112
2299,4/5/2024,18:00:00,Hyderabad,Margherita,Veg,L,2,385,33,UPI,3,770
2300,4/5/2024,19:00:00,Bangalore,Margherita,Veg,S,2,357,39,UPI,1,714
2301,4/5/2024,20:00:00,Bangalore,Margherita,Non-Veg,S,3,230,51,Cash,5,690
2302,4/5/2024,21:00:00,Hyderabad,Peppy Paneer,Non-Veg,L,2,350,41,Cash,3,700
2303,4/5/2024,22:00:00,Pune,Farmhouse,Non-Veg,S,2,518,55,UPI,2,1036
2304,4/5/2024,23:00:00,Pune,Farmhouse,Veg,L,2,441,37,Card,1,882
2305,4/6/2024,0:00:00,Chennai,Peppy Paneer,Veg,L,1,355,59,Card,3,355
2306,4/6/2024,1:00:00,Bangalore,Margherita,Veg,M,4,258,44,Wallet,5,1032
2307,4/6/2024,2:00:00,Delhi,Margherita,Veg,M,2,209,50,Wallet,3,418
2308,4/6/2024,3:00:00,Chennai,Chicken Dominator,Non-Veg,M,4,544,54,Card,5,2176
2309,4/6/2024,4:00:00,Pune,Pepper Barbecue,Veg,M,2,323,45,UPI,2,646
2310,4/6/2024,5:00:00,Hyderabad,Veg Extravaganza,Non-Veg,L,2,555,23,Card,1,1110
2311,4/6/2024,6:00:00,Pune,Pepper Barbecue,Non-Veg,L,1,545,39,Card,2,545
2312,4/6/2024,7:00:00,Hyderabad,Farmhouse,Non-Veg,M,1,481,53,Wallet,1,481
2313,4/6/2024,8:00:00,Chennai,Farmhouse,Non-Veg,M,2,436,31,UPI,3,872
2314,4/6/2024,9:00:00,Bangalore,Farmhouse,Non-Veg,S,2,532,35,Cash,2,1064
2315,4/6/2024,10:00:00,Pune,Pepper Barbecue,Veg,M,2,216,24,Card,1,432
2316,4/6/2024,11:00:00,Hyderabad,Veg Extravaganza,Veg,M,4,523,54,UPI,5,2092
2317,4/6/2024,12:00:00,Bangalore,Chicken Dominator,Veg,M,2,222,46,Card,1,444
2318,4/6/2024,13:00:00,Delhi,Pepper Barbecue,Veg,S,4,208,20,UPI,2,832
2319,4/6/2024,14:00:00,Hyderabad,Veg Extravaganza,Non-Veg,L,1,406,53,Card,2,406
2320,4/6/2024,15:00:00,Chennai,Margherita,Non-Veg,M,4,244,51,Card,3,976
2321,4/6/2024,16:00:00,Delhi,Margherita,Veg,L,2,530,58,Wallet,5,1060
2322,4/6/2024,17:00:00,Delhi,Farmhouse,Veg,L,1,226,52,Wallet,1,226
2323,4/6/2024,18:00:00,Mumbai,Peppy Paneer,Veg,M,3,596,50,UPI,2,1788
2324,4/6/2024,19:00:00,Pune,Farmhouse,Non-Veg,M,1,387,32,UPI,1,387
2325,4/6/2024,20:00:00,Hyderabad,Peppy Paneer,Non-Veg,M,3,339,21,Cash,4,1017
2326,4/6/2024,21:00:00,Delhi,Veg Extravaganza,Non-Veg,S,4,208,49,Card,5,832
2327,4/6/2024,22:00:00,Mumbai,Margherita,Veg,L,1,433,29,Cash,5,433
2328,4/6/2024,23:00:00,Chennai,Pepper Barbecue,Veg,S,1,291,42,UPI,4,291
2329,4/7/2024,0:00:00,Bangalore,Peppy Paneer,Non-Veg,M,1,276,52,Cash,5,276
2330,4/7/2024,1:00:00,Hyderabad,Veg Extravaganza,Non-Veg,S,4,539,58,UPI,4,2156
2331,4/7/2024,2:00:00,Delhi,Margherita,Veg,L,2,443,48,UPI,1,886
2332,4/7/2024,3:00:00,Pune,Pepper Barbecue,Non-Veg,M,4,532,49,UPI,4,2128
2333,4/7/2024,4:00:00,Mumbai,Peppy Paneer,Veg,M,1,354,53,Cash,3,354
2334,4/7/2024,5:00:00,Delhi,Farmhouse,Non-Veg,M,2,417,58,Card,4,834
2335,4/7/2024,6:00:00,Pune,Farmhouse,Non-Veg,L,1,484,36,Wallet,1,484
2336,4/7/2024,7:00:00,Delhi,Farmhouse,Non-Veg,S,1,349,41,Card,5,349
2337,4/7/2024,8:00:00,Hyderabad,Veg Extravaganza,Veg,M,3,528,24,UPI,3,1584
2338,4/7/2024,9:00:00,Hyderabad,Farmhouse,Veg,M,1,287,30,Card,4,287
2339,4/7/2024,10:00:00,Hyderabad,Chicken Dominator,Non-Veg,S,4,305,41,UPI,1,1220
2340,4/7/2024,11:00:00,Chennai,Margherita,Non-Veg,S,4,493,51,Card,3,1972
2341,4/7/2024,12:00:00,Chennai,Veg Extravaganza,Veg,S,4,294,43,UPI,3,1176
2342,4/7/2024,13:00:00,Mumbai,Pepper Barbecue,Non-Veg,S,2,452,30,Card,3,904
2343,4/7/2024,14:00:00,Hyderabad,Farmhouse,Veg,M,3,238,30,Card,4,714
2344,4/7/2024,15:00:00,Pune,Margherita,Non-Veg,S,3,598,36,UPI,1,1794
2345,4/7/2024,16:00:00,Delhi,Peppy Paneer,Non-Veg,M,1,454,51,UPI,1,454
2346,4/7/2024,17:00:00,Bangalore,Farmhouse,Veg,S,1,253,38,UPI,1,253
2347,4/7/2024,18:00:00,Pune,Margherita,Veg,S,3,442,46,Wallet,2,1326
2348,4/7/2024,19:00:00,Chennai,Chicken Dominator,Veg,L,2,309,51,UPI,5,618
2349,4/7/2024,20:00:00,Chennai,Peppy Paneer,Veg,M,4,453,44,Card,1,1812
2350,4/7/2024,21:00:00,Pune,Chicken Dominator,Veg,S,1,311,47,UPI,2,311
2351,4/7/2024,22:00:00,Chennai,Pepper Barbecue,Non-Veg,M,3,373,59,UPI,2,1119
2352,4/7/2024,23:00:00,Hyderabad,Margherita,Non-Veg,S,2,388,46,Card,3,776
2353,4/8/2024,0:00:00,Mumbai,Chicken Dominator,Veg,S,4,420,33,Cash,5,1680
2354,4/8/2024,1:00:00,Delhi,Pepper Barbecue,Veg,S,1,448,58,Card,3,448
2355,4/8/2024,2:00:00,Mumbai,Margherita,Veg,L,4,251,21,Card,5,1004
2356,4/8/2024,3:00:00,Delhi,Margherita,Veg,L,4,361,36,Cash,3,1444
2357,4/8/2024,4:00:00,Delhi,Chicken Dominator,Veg,L,3,234,20,UPI,4,702
2358,4/8/2024,5:00:00,Mumbai,Margherita,Non-Veg,L,3,236,51,UPI,5,708
2359,4/8/2024,6:00:00,Pune,Farmhouse,Non-Veg,L,4,533,38,UPI,2,2132
2360,4/8/2024,7:00:00,Delhi,Margherita,Veg,L,4,516,33,UPI,2,2064
2361,4/8/2024,8:00:00,Mumbai,Veg Extravaganza,Non-Veg,M,1,310,50,Wallet,5,310
2362,4/8/2024,9:00:00,Delhi,Pepper Barbecue,Non-Veg,M,2,569,37,Card,3,1138
2363,4/8/2024,10:00:00,Bangalore,Margherita,Veg,S,2,376,33,UPI,4,752
2364,4/8/2024,11:00:00,Pune,Veg Extravaganza,Non-Veg,M,4,208,33,Wallet,4,832
2365,4/8/2024,12:00:00,Hyderabad,Margherita,Non-Veg,M,3,474,43,Wallet,1,1422
2366,4/8/2024,13:00:00,Delhi,Margherita,Veg,L,2,320,24,UPI,5,640
2367,4/8/2024,14:00:00,Bangalore,Chicken Dominator,Veg,M,4,304,35,Cash,4,1216
2368,4/8/2024,15:00:00,Hyderabad,Farmhouse,Non-Veg,M,3,355,24,UPI,3,1065
2369,4/8/2024,16:00:00,Hyderabad,Pepper Barbecue,Non-Veg,M,1,535,32,Cash,3,535
2370,4/8/2024,17:00:00,Delhi,Farmhouse,Veg,S,2,225,35,UPI,2,450
2371,4/8/2024,18:00:00,Mumbai,Peppy Paneer,Veg,M,1,495,34,Card,4,495
2372,4/8/2024,19:00:00,Delhi,Chicken Dominator,Veg,M,3,224,50,UPI,4,672
2373,4/8/2024,20:00:00,Bangalore,Chicken Dominator,Non-Veg,M,4,554,24,Wallet,3,2216
2374,4/8/2024,21:00:00,Hyderabad,Farmhouse,Veg,M,1,573,40,UPI,2,573
2375,4/8/2024,22:00:00,Delhi,Chicken Dominator,Non-Veg,S,4,268,49,UPI,4,1072
2376,4/8/2024,23:00:00,Mumbai,Farmhouse,Veg,M,2,526,42,Card,3,1052
2377,4/9/2024,0:00:00,Delhi,Chicken Dominator,Veg,M,1,350,57,Card,2,350
2378,4/9/2024,1:00:00,Pune,Margherita,Veg,M,2,544,48,Card,2,1088
2379,4/9/2024,2:00:00,Mumbai,Farmhouse,Veg,M,2,264,32,Card,3,528
2380,4/9/2024,3:00:00,Bangalore,Farmhouse,Veg,S,2,349,51,Cash,2,698
2381,4/9/2024,4:00:00,Hyderabad,Veg Extravaganza,Veg,S,2,519,46,UPI,2,1038
2382,4/9/2024,5:00:00,Delhi,Chicken Dominator,Veg,M,2,444,53,UPI,1,888
2383,4/9/2024,6:00:00,Mumbai,Chicken Dominator,Veg,M,3,257,52,UPI,2,771
2384,4/9/2024,7:00:00,Pune,Farmhouse,Veg,M,1,355,23,Wallet,4,355
2385,4/9/2024,8:00:00,Mumbai,Margherita,Veg,L,4,311,37,UPI,2,1244
2386,4/9/2024,9:00:00,Chennai,Margherita,Non-Veg,S,4,322,25,UPI,4,1288
2387,4/9/2024,10:00:00,Pune,Pepper Barbecue,Non-Veg,S,3,552,47,Card,3,1656
2388,4/9/2024,11:00:00,Bangalore,Margherita,Non-Veg,M,4,561,46,UPI,2,2244
2389,4/9/2024,12:00:00,Hyderabad,Chicken Dominator,Veg,M,4,402,45,UPI,3,1608
2390,4/9/2024,13:00:00,Bangalore,Veg Extravaganza,Veg,M,4,203,39,Card,5,812
2391,4/9/2024,14:00:00,Delhi,Farmhouse,Veg,L,1,328,32,UPI,2,328
2392,4/9/2024,15:00:00,Mumbai,Peppy Paneer,Veg,L,4,225,47,Card,3,900
2393,4/9/2024,16:00:00,Chennai,Veg Extravaganza,Non-Veg,S,1,488,53,UPI,5,488
2394,4/9/2024,17:00:00,Pune,Peppy Paneer,Veg,L,4,226,42,UPI,4,904
2395,4/9/2024,18:00:00,Pune,Veg Extravaganza,Veg,S,4,241,29,Wallet,4,964
2396,4/9/2024,19:00:00,Mumbai,Margherita,Veg,M,1,270,49,UPI,4,270
2397,4/9/2024,20:00:00,Chennai,Chicken Dominator,Non-Veg,M,3,263,41,UPI,4,789
2398,4/9/2024,21:00:00,Mumbai,Peppy Paneer,Non-Veg,M,4,224,24,Cash,4,896
2399,4/9/2024,22:00:00,Delhi,Veg Extravaganza,Veg,S,2,271,28,UPI,1,542
2400,4/9/2024,23:00:00,Bangalore,Chicken Dominator,Veg,M,2,560,23,UPI,3,1120
2401,4/10/2024,0:00:00,Pune,Peppy Paneer,Non-Veg,M,3,587,20,UPI,5,1761
2402,4/10/2024,1:00:00,Delhi,Farmhouse,Non-Veg,S,2,467,53,Card,5,934
2403,4/10/2024,2:00:00,Bangalore,Veg Extravaganza,Veg,S,1,513,45,UPI,2,513
2404,4/10/2024,3:00:00,Delhi,Farmhouse,Veg,M,4,294,37,Card,3,1176
2405,4/10/2024,4:00:00,Chennai,Margherita,Non-Veg,M,4,594,35,UPI,1,2376
2406,4/10/2024,5:00:00,Pune,Farmhouse,Non-Veg,M,4,556,42,UPI,1,2224
2407,4/10/2024,6:00:00,Mumbai,Farmhouse,Veg,S,4,563,55,Card,3,2252
2408,4/10/2024,7:00:00,Mumbai,Pepper Barbecue,Veg,L,2,514,45,UPI,4,1028
2409,4/10/2024,8:00:00,Bangalore,Veg Extravaganza,Non-Veg,S,2,316,21,UPI,4,632
2410,4/10/2024,9:00:00,Hyderabad,Margherita,Non-Veg,L,2,363,24,Card,3,726
2411,4/10/2024,10:00:00,Chennai,Farmhouse,Non-Veg,M,1,564,48,Wallet,5,564
2412,4/10/2024,11:00:00,Bangalore,Chicken Dominator,Non-Veg,M,2,477,23,UPI,4,954
2413,4/10/2024,12:00:00,Hyderabad,Peppy Paneer,Veg,L,2,264,54,Card,2,528
2414,4/10/2024,13:00:00,Delhi,Farmhouse,Non-Veg,S,4,505,41,UPI,1,2020
2415,4/10/2024,14:00:00,Chennai,Margherita,Veg,S,2,459,27,Cash,4,918
2416,4/10/2024,15:00:00,Delhi,Farmhouse,Non-Veg,M,3,427,40,Wallet,5,1281
2417,4/10/2024,16:00:00,Pune,Peppy Paneer,Veg,S,3,399,27,Wallet,4,1197
2418,4/10/2024,17:00:00,Chennai,Margherita,Non-Veg,M,4,419,24,UPI,4,1676
2419,4/10/2024,18:00:00,Hyderabad,Veg Extravaganza,Veg,S,2,379,40,UPI,1,758
2420,4/10/2024,19:00:00,Pune,Margherita,Veg,L,3,557,46,UPI,2,1671
2421,4/10/2024,20:00:00,Mumbai,Veg Extravaganza,Veg,M,3,427,57,UPI,2,1281
2422,4/10/2024,21:00:00,Hyderabad,Margherita,Non-Veg,S,1,451,24,Card,5,451
2423,4/10/2024,22:00:00,Bangalore,Peppy Paneer,Non-Veg,L,4,498,40,UPI,3,1992
2424,4/10/2024,23:00:00,Mumbai,Peppy Paneer,Non-Veg,M,3,560,27,Card,3,1680
2425,4/11/2024,0:00:00,Mumbai,Margherita,Veg,M,3,203,41,Wallet,3,609
2426,4/11/2024,1:00:00,Bangalore,Farmhouse,Veg,M,4,340,37,UPI,5,1360
2427,4/11/2024,2:00:00,Chennai,Peppy Paneer,Non-Veg,M,2,365,23,Card,4,730
2428,4/11/2024,3:00:00,Mumbai,Veg Extravaganza,Non-Veg,M,4,453,23,UPI,2,1812
2429,4/11/2024,4:00:00,Hyderabad,Veg Extravaganza,Non-Veg,M,1,352,56,UPI,2,352
2430,4/11/2024,5:00:00,Pune,Chicken Dominator,Non-Veg,S,1,266,34,UPI,4,266
2431,4/11/2024,6:00:00,Mumbai,Pepper Barbecue,Non-Veg,L,1,254,57,UPI,2,254
2432,4/11/2024,7:00:00,Hyderabad,Pepper Barbecue,Veg,L,3,295,46,UPI,2,885
2433,4/11/2024,8:00:00,Delhi,Pepper Barbecue,Non-Veg,S,2,366,40,Card,3,732
2434,4/11/2024,9:00:00,Hyderabad,Veg Extravaganza,Non-Veg,L,1,520,23,Cash,3,520
2435,4/11/2024,10:00:00,Pune,Chicken Dominator,Non-Veg,M,4,530,30,UPI,1,2120
2436,4/11/2024,11:00:00,Hyderabad,Pepper Barbecue,Non-Veg,S,1,585,38,Cash,1,585
2437,4/11/2024,12:00:00,Bangalore,Pepper Barbecue,Veg,S,3,575,38,Cash,2,1725
2438,4/11/2024,13:00:00,Pune,Margherita,Veg,S,1,541,46,Card,3,541
2439,4/11/2024,14:00:00,Chennai,Margherita,Veg,L,2,261,59,UPI,1,522
2440,4/11/2024,15:00:00,Delhi,Margherita,Veg,M,1,373,47,UPI,1,373
2441,4/11/2024,16:00:00,Bangalore,Farmhouse,Non-Veg,M,2,452,24,Card,3,904
2442,4/11/2024,17:00:00,Chennai,Pepper Barbecue,Non-Veg,S,2,311,44,Cash,1,622
2443,4/11/2024,18:00:00,Hyderabad,Farmhouse,Veg,M,4,414,22,UPI,4,1656
2444,4/11/2024,19:00:00,Pune,Chicken Dominator,Veg,M,2,438,45,Card,4,876
2445,4/11/2024,20:00:00,Delhi,Veg Extravaganza,Non-Veg,L,3,426,29,UPI,3,1278
2446,4/11/2024,21:00:00,Bangalore,Pepper Barbecue,Non-Veg,L,3,429,43,Card,3,1287
2447,4/11/2024,22:00:00,Chennai,Veg Extravaganza,Veg,M,2,432,48,UPI,1,864
2448,4/11/2024,23:00:00,Chennai,Margherita,Non-Veg,M,2,362,26,Card,2,724
2449,4/12/2024,0:00:00,Delhi,Pepper Barbecue,Veg,M,1,325,42,Card,5,325
2450,4/12/2024,1:00:00,Hyderabad,Peppy Paneer,Veg,L,1,452,46,UPI,4,452
2451,4/12/2024,2:00:00,Delhi,Farmhouse,Veg,S,4,532,28,UPI,4,2128
2452,4/12/2024,3:00:00,Chennai,Farmhouse,Veg,M,1,398,22,Wallet,3,398
2453,4/12/2024,4:00:00,Mumbai,Pepper Barbecue,Veg,L,3,396,32,Card,2,1188
2454,4/12/2024,5:00:00,Bangalore,Margherita,Non-Veg,S,1,321,25,Card,3,321
2455,4/12/2024,6:00:00,Delhi,Farmhouse,Non-Veg,S,4,463,57,Card,1,1852
2456,4/12/2024,7:00:00,Chennai,Margherita,Veg,M,4,253,40,Cash,2,1012
2457,4/12/2024,8:00:00,Hyderabad,Chicken Dominator,Veg,S,2,334,38,UPI,1,668
2458,4/12/2024,9:00:00,Chennai,Veg Extravaganza,Veg,M,4,538,44,Cash,4,2152
2459,4/12/2024,10:00:00,Hyderabad,Peppy Paneer,Non-Veg,M,2,558,58,UPI,3,1116
2460,4/12/2024,11:00:00,Delhi,Veg Extravaganza,Non-Veg,M,3,350,23,UPI,3,1050
2461,4/12/2024,12:00:00,Hyderabad,Veg Extravaganza,Veg,S,3,299,41,Card,5,897
2462,4/12/2024,13:00:00,Pune,Chicken Dominator,Veg,L,1,433,24,Wallet,2,433
2463,4/12/2024,14:00:00,Pune,Farmhouse,Non-Veg,S,4,231,20,UPI,4,924
2464,4/12/2024,15:00:00,Pune,Peppy Paneer,Veg,L,3,261,36,UPI,5,783
2465,4/12/2024,16:00:00,Mumbai,Farmhouse,Veg,S,2,395,28,Card,5,790
2466,4/12/2024,17:00:00,Delhi,Pepper Barbecue,Non-Veg,M,4,229,28,UPI,3,916
2467,4/12/2024,18:00:00,Chennai,Veg Extravaganza,Veg,S,4,442,43,Wallet,2,1768
2468,4/12/2024,19:00:00,Chennai,Pepper Barbecue,Veg,S,2,305,29,Card,3,610
2469,4/12/2024,20:00:00,Mumbai,Margherita,Veg,S,4,494,39,Cash,2,1976
2470,4/12/2024,21:00:00,Hyderabad,Veg Extravaganza,Veg,M,4,332,36,UPI,5,1328
2471,4/12/2024,22:00:00,Mumbai,Farmhouse,Non-Veg,M,3,221,32,UPI,1,663
2472,4/12/2024,23:00:00,Hyderabad,Veg Extravaganza,Non-Veg,S,2,355,48,Card,4,710
2473,4/13/2024,0:00:00,Hyderabad,Margherita,Non-Veg,L,3,583,55,UPI,5,1749
2474,4/13/2024,1:00:00,Bangalore,Chicken Dominator,Non-Veg,S,2,413,42,Card,3,826
2475,4/13/2024,2:00:00,Chennai,Pepper Barbecue,Veg,M,1,425,46,UPI,4,425
2476,4/13/2024,3:00:00,Pune,Pepper Barbecue,Non-Veg,S,4,484,37,UPI,5,1936
2477,4/13/2024,4:00:00,Hyderabad,Farmhouse,Non-Veg,M,4,370,37,Cash,2,1480
2478,4/13/2024,5:00:00,Bangalore,Veg Extravaganza,Veg,L,3,241,28,Cash,3,723
2479,4/13/2024,6:00:00,Chennai,Farmhouse,Veg,M,4,259,22,UPI,5,1036
2480,4/13/2024,7:00:00,Pune,Chicken Dominator,Non-Veg,S,4,574,26,Cash,2,2296
2481,4/13/2024,8:00:00,Hyderabad,Veg Extravaganza,Non-Veg,S,3,276,34,Card,2,828
2482,4/13/2024,9:00:00,Hyderabad,Veg Extravaganza,Veg,L,3,401,49,Card,2,1203
2483,4/13/2024,10:00:00,Mumbai,Farmhouse,Veg,S,2,419,28,UPI,4,838
2484,4/13/2024,11:00:00,Mumbai,Farmhouse,Non-Veg,M,1,386,46,UPI,3,386
2485,4/13/2024,12:00:00,Chennai,Margherita,Veg,S,3,295,55,Cash,2,885
2486,4/13/2024,13:00:00,Pune,Chicken Dominator,Non-Veg,S,2,541,37,UPI,5,1082
2487,4/13/2024,14:00:00,Hyderabad,Margherita,Veg,S,3,411,50,UPI,2,1233
2488,4/13/2024,15:00:00,Chennai,Pepper Barbecue,Non-Veg,L,2,567,36,UPI,3,1134
2489,4/13/2024,16:00:00,Chennai,Veg Extravaganza,Veg,L,1,539,25,UPI,4,539
2490,4/13/2024,17:00:00,Delhi,Farmhouse,Veg,M,2,461,58,Card,2,922
2491,4/13/2024,18:00:00,Mumbai,Veg Extravaganza,Veg,S,2,528,44,UPI,5,1056
2492,4/13/2024,19:00:00,Pune,Veg Extravaganza,Veg,M,4,276,57,UPI,3,1104
2493,4/13/2024,20:00:00,Hyderabad,Peppy Paneer,Non-Veg,M,3,230,57,Cash,2,690
2494,4/13/2024,21:00:00,Chennai,Pepper Barbecue,Veg,M,2,238,50,Card,4,476
2495,4/13/2024,22:00:00,Hyderabad,Peppy Paneer,Veg,S,3,505,48,UPI,1,1515
2496,4/13/2024,23:00:00,Delhi,Veg Extravaganza,Veg,L,2,533,59,Card,5,1066
2497,4/14/2024,0:00:00,Pune,Farmhouse,Non-Veg,M,4,413,28,UPI,2,1652
2498,4/14/2024,1:00:00,Chennai,Veg Extravaganza,Non-Veg,L,4,325,20,UPI,2,1300
2499,4/14/2024,2:00:00,Hyderabad,Pepper Barbecue,Veg,S,1,364,35,Card,1,364
2500,4/14/2024,3:00:00,Mumbai,Peppy Paneer,Non-Veg,S,2,445,57,Card,3,890
2501,4/14/2024,4:00:00,Delhi,Farmhouse,Non-Veg,S,4,308,42,Cash,1,1232
2502,4/14/2024,5:00:00,Pune,Veg Extravaganza,Non-Veg,L,3,287,27,Cash,3,861
2503,4/14/2024,6:00:00,Delhi,Chicken Dominator,Veg,M,2,399,31,Wallet,2,798
2504,4/14/2024,7:00:00,Mumbai,Pepper Barbecue,Non-Veg,L,2,470,29,Wallet,1,940
2505,4/14/2024,8:00:00,Pune,Pepper Barbecue,Veg,L,1,250,35,Card,2,250
2506,4/14/2024,9:00:00,Delhi,Chicken Dominator,Veg,M,3,397,43,Cash,1,1191
2507,4/14/2024,10:00:00,Bangalore,Veg Extravaganza,Veg,M,1,222,58,Card,2,222
2508,4/14/2024,11:00:00,Mumbai,Pepper Barbecue,Veg,L,2,352,27,UPI,2,704
2509,4/14/2024,12:00:00,Mumbai,Farmhouse,Veg,M,1,422,30,UPI,2,422
2510,4/14/2024,13:00:00,Mumbai,Veg Extravaganza,Non-Veg,M,2,420,45,UPI,4,840
2511,4/14/2024,14:00:00,Bangalore,Veg Extravaganza,Veg,M,2,350,26,Wallet,1,700
2512,4/14/2024,15:00:00,Bangalore,Peppy Paneer,Veg,L,1,465,34,Card,4,465
2513,4/14/2024,16:00:00,Hyderabad,Pepper Barbecue,Veg,M,1,272,34,Cash,2,272
2514,4/14/2024,17:00:00,Chennai,Pepper Barbecue,Veg,L,2,568,22,UPI,5,1136
2515,4/14/2024,18:00:00,Delhi,Chicken Dominator,Veg,S,1,276,35,Card,3,276
2516,4/14/2024,19:00:00,Hyderabad,Peppy Paneer,Veg,M,1,231,34,UPI,1,231
2517,4/14/2024,20:00:00,Delhi,Peppy Paneer,Veg,S,2,568,44,Cash,1,1136
2518,4/14/2024,21:00:00,Chennai,Pepper Barbecue,Veg,S,3,264,52,Cash,3,792
2519,4/14/2024,22:00:00,Bangalore,Veg Extravaganza,Veg,L,1,556,33,Cash,4,556
2520,4/14/2024,23:00:00,Chennai,Peppy Paneer,Veg,L,1,217,43,UPI,3,217
2521,4/15/2024,0:00:00,Bangalore,Chicken Dominator,Non-Veg,L,4,363,30,UPI,5,1452
2522,4/15/2024,1:00:00,Chennai,Peppy Paneer,Non-Veg,L,3,486,22,UPI,2,1458
2523,4/15/2024,2:00:00,Hyderabad,Chicken Dominator,Non-Veg,S,1,253,28,UPI,3,253
2524,4/15/2024,3:00:00,Pune,Peppy Paneer,Veg,S,2,262,25,Cash,3,524
2525,4/15/2024,4:00:00,Hyderabad,Chicken Dominator,Veg,M,4,456,50,UPI,2,1824
2526,4/15/2024,5:00:00,Delhi,Peppy Paneer,Non-Veg,L,4,438,35,Card,1,1752
2527,4/15/2024,6:00:00,Hyderabad,Peppy Paneer,Veg,S,4,208,30,Card,5,832
2528,4/15/2024,7:00:00,Mumbai,Farmhouse,Veg,L,1,319,36,UPI,3,319
2529,4/15/2024,8:00:00,Delhi,Chicken Dominator,Veg,M,2,547,22,UPI,3,1094
2530,4/15/2024,9:00:00,Chennai,Chicken Dominator,Veg,L,4,289,38,Wallet,1,1156
2531,4/15/2024,10:00:00,Delhi,Chicken Dominator,Veg,M,3,571,43,UPI,5,1713
2532,4/15/2024,11:00:00,Pune,Margherita,Non-Veg,M,4,511,27,Card,2,2044
2533,4/15/2024,12:00:00,Bangalore,Peppy Paneer,Veg,L,4,374,55,UPI,2,1496
2534,4/15/2024,13:00:00,Chennai,Chicken Dominator,Non-Veg,L,3,202,59,Cash,4,606
2535,4/15/2024,14:00:00,Delhi,Pepper Barbecue,Veg,S,4,329,21,UPI,5,1316
2536,4/15/2024,15:00:00,Chennai,Margherita,Veg,L,4,253,42,Card,5,1012
2537,4/15/2024,16:00:00,Chennai,Farmhouse,Non-Veg,L,3,492,59,Card,3,1476
2538,4/15/2024,17:00:00,Chennai,Chicken Dominator,Non-Veg,S,1,383,49,UPI,4,383
2539,4/15/2024,18:00:00,Bangalore,Chicken Dominator,Veg,S,3,552,44,UPI,2,1656
2540,4/15/2024,19:00:00,Hyderabad,Margherita,Veg,M,1,423,26,Wallet,5,423
2541,4/15/2024,20:00:00,Chennai,Peppy Paneer,Non-Veg,M,1,211,47,UPI,5,211
2542,4/15/2024,21:00:00,Mumbai,Pepper Barbecue,Veg,L,1,394,36,Card,1,394
2543,4/15/2024,22:00:00,Pune,Farmhouse,Veg,S,3,446,51,Card,2,1338
2544,4/15/2024,23:00:00,Bangalore,Chicken Dominator,Non-Veg,M,3,567,20,UPI,1,1701
2545,4/16/2024,0:00:00,Delhi,Peppy Paneer,Veg,M,1,353,46,UPI,4,353
2546,4/16/2024,1:00:00,Bangalore,Pepper Barbecue,Veg,S,3,277,55,UPI,5,831
2547,4/16/2024,2:00:00,Delhi,Pepper Barbecue,Veg,M,1,339,26,Card,4,339
2548,4/16/2024,3:00:00,Bangalore,Farmhouse,Veg,S,3,289,22,Card,1,867
2549,4/16/2024,4:00:00,Delhi,Veg Extravaganza,Non-Veg,S,2,343,49,Cash,2,686
2550,4/16/2024,5:00:00,Chennai,Pepper Barbecue,Veg,M,3,271,20,Card,5,813
2551,4/16/2024,6:00:00,Hyderabad,Veg Extravaganza,Non-Veg,L,3,376,53,Cash,2,1128
2552,4/16/2024,7:00:00,Delhi,Pepper Barbecue,Veg,S,3,547,57,UPI,4,1641
2553,4/16/2024,8:00:00,Delhi,Farmhouse,Veg,M,1,462,55,Card,3,462
2554,4/16/2024,9:00:00,Mumbai,Margherita,Veg,S,1,470,52,UPI,2,470
2555,4/16/2024,10:00:00,Delhi,Farmhouse,Non-Veg,S,2,304,35,UPI,2,608
2556,4/16/2024,11:00:00,Mumbai,Farmhouse,Non-Veg,M,2,271,57,Card,2,542
2557,4/16/2024,12:00:00,Pune,Margherita,Veg,L,4,273,30,Cash,5,1092
2558,4/16/2024,13:00:00,Chennai,Margherita,Veg,S,2,342,27,UPI,4,684
2559,4/16/2024,14:00:00,Mumbai,Peppy Paneer,Veg,L,1,261,20,Cash,4,261
2560,4/16/2024,15:00:00,Hyderabad,Pepper Barbecue,Non-Veg,S,2,345,33,UPI,5,690
2561,4/16/2024,16:00:00,Chennai,Peppy Paneer,Veg,L,2,245,49,Cash,2,490
2562,4/16/2024,17:00:00,Mumbai,Margherita,Non-Veg,L,3,428,40,UPI,2,1284
2563,4/16/2024,18:00:00,Chennai,Veg Extravaganza,Veg,M,2,304,40,UPI,3,608
2564,4/16/2024,19:00:00,Chennai,Veg Extravaganza,Veg,S,4,308,53,Cash,2,1232
2565,4/16/2024,20:00:00,Chennai,Farmhouse,Veg,M,3,516,57,Card,1,1548
2566,4/16/2024,21:00:00,Pune,Chicken Dominator,Veg,M,1,320,45,Card,2,320
2567,4/16/2024,22:00:00,Hyderabad,Farmhouse,Non-Veg,L,4,242,33,Card,3,968
2568,4/16/2024,23:00:00,Bangalore,Farmhouse,Non-Veg,M,1,298,59,Wallet,1,298
2569,4/17/2024,0:00:00,Bangalore,Chicken Dominator,Veg,M,4,393,54,Card,3,1572
2570,4/17/2024,1:00:00,Mumbai,Pepper Barbecue,Veg,L,3,510,37,Card,3,1530
2571,4/17/2024,2:00:00,Chennai,Margherita,Veg,L,4,413,39,Cash,4,1652
2572,4/17/2024,3:00:00,Mumbai,Veg Extravaganza,Non-Veg,M,4,428,28,Cash,5,1712
2573,4/17/2024,4:00:00,Pune,Farmhouse,Veg,L,2,588,52,UPI,3,1176
2574,4/17/2024,5:00:00,Pune,Chicken Dominator,Veg,M,1,384,23,Card,2,384
2575,4/17/2024,6:00:00,Delhi,Peppy Paneer,Veg,M,3,311,23,Card,4,933
2576,4/17/2024,7:00:00,Pune,Farmhouse,Veg,M,4,598,35,UPI,1,2392
2577,4/17/2024,8:00:00,Delhi,Veg Extravaganza,Veg,L,1,546,45,Card,5,546
2578,4/17/2024,9:00:00,Hyderabad,Margherita,Veg,M,1,471,25,UPI,4,471
2579,4/17/2024,10:00:00,Mumbai,Farmhouse,Veg,M,2,512,56,UPI,3,1024
2580,4/17/2024,11:00:00,Hyderabad,Farmhouse,Non-Veg,M,1,301,41,Wallet,4,301
2581,4/17/2024,12:00:00,Pune,Pepper Barbecue,Veg,M,3,409,58,UPI,2,1227
2582,4/17/2024,13:00:00,Hyderabad,Chicken Dominator,Veg,M,2,426,26,Card,2,852
2583,4/17/2024,14:00:00,Hyderabad,Peppy Paneer,Non-Veg,L,4,480,49,UPI,2,1920
2584,4/17/2024,15:00:00,Hyderabad,Peppy Paneer,Veg,M,3,221,29,Card,5,663
2585,4/17/2024,16:00:00,Pune,Margherita,Non-Veg,S,3,447,34,UPI,4,1341
2586,4/17/2024,17:00:00,Chennai,Veg Extravaganza,Veg,L,3,358,25,UPI,4,1074
2587,4/17/2024,18:00:00,Hyderabad,Margherita,Veg,L,2,578,43,Cash,3,1156
2588,4/17/2024,19:00:00,Delhi,Farmhouse,Veg,M,1,428,21,UPI,1,428
2589,4/17/2024,20:00:00,Pune,Farmhouse,Veg,S,3,542,59,UPI,2,1626
2590,4/17/2024,21:00:00,Hyderabad,Peppy Paneer,Non-Veg,L,1,599,34,UPI,1,599
2591,4/17/2024,22:00:00,Chennai,Veg Extravaganza,Veg,L,1,386,40,UPI,1,386
2592,4/17/2024,23:00:00,Pune,Chicken Dominator,Veg,S,3,342,37,UPI,2,1026
2593,4/18/2024,0:00:00,Bangalore,Veg Extravaganza,Veg,S,1,537,24,UPI,2,537
2594,4/18/2024,1:00:00,Chennai,Farmhouse,Veg,M,2,557,44,Card,3,1114
2595,4/18/2024,2:00:00,Delhi,Chicken Dominator,Veg,M,2,596,55,Cash,5,1192
2596,4/18/2024,3:00:00,Hyderabad,Veg Extravaganza,Veg,S,4,223,29,Card,2,892
2597,4/18/2024,4:00:00,Bangalore,Veg Extravaganza,Veg,M,1,340,42,Card,1,340
2598,4/18/2024,5:00:00,Bangalore,Chicken Dominator,Non-Veg,M,1,439,43,UPI,3,439
2599,4/18/2024,6:00:00,Pune,Farmhouse,Veg,L,4,491,29,Cash,4,1964
2600,4/18/2024,7:00:00,Bangalore,Veg Extravaganza,Non-Veg,M,2,504,25,UPI,3,1008
2601,4/18/2024,8:00:00,Delhi,Chicken Dominator,Non-Veg,M,4,281,32,Wallet,2,1124
2602,4/18/2024,9:00:00,Delhi,Pepper Barbecue,Veg,L,4,247,40,UPI,2,988
2603,4/18/2024,10:00:00,Mumbai,Pepper Barbecue,Non-Veg,S,4,552,51,Wallet,5,2208
2604,4/18/2024,11:00:00,Delhi,Farmhouse,Non-Veg,S,1,557,34,Card,3,557
2605,4/18/2024,12:00:00,Chennai,Chicken Dominator,Veg,L,1,370,21,UPI,2,370
2606,4/18/2024,13:00:00,Bangalore,Pepper Barbecue,Non-Veg,S,1,461,34,Wallet,1,461
2607,4/18/2024,14:00:00,Delhi,Chicken Dominator,Veg,L,1,267,36,UPI,1,267
2608,4/18/2024,15:00:00,Pune,Veg Extravaganza,Veg,S,3,213,39,Card,3,639
2609,4/18/2024,16:00:00,Mumbai,Farmhouse,Non-Veg,S,4,229,25,Cash,5,916
2610,4/18/2024,17:00:00,Bangalore,Pepper Barbecue,Veg,L,4,309,34,UPI,3,1236
2611,4/18/2024,18:00:00,Mumbai,Veg Extravaganza,Veg,M,1,411,36,UPI,5,411
2612,4/18/2024,19:00:00,Bangalore,Margherita,Veg,L,2,463,45,Card,1,926
2613,4/18/2024,20:00:00,Pune,Margherita,Non-Veg,S,3,521,41,Card,2,1563
2614,4/18/2024,21:00:00,Mumbai,Farmhouse,Non-Veg,S,3,587,28,Cash,4,1761
2615,4/18/2024,22:00:00,Hyderabad,Pepper Barbecue,Veg,L,2,401,31,Cash,2,802
2616,4/18/2024,23:00:00,Chennai,Pepper Barbecue,Non-Veg,M,1,283,41,UPI,1,283
2617,4/19/2024,0:00:00,Chennai,Pepper Barbecue,Veg,M,3,575,42,Cash,1,1725
2618,4/19/2024,1:00:00,Bangalore,Chicken Dominator,Veg,S,3,252,56,Wallet,2,756
2619,4/19/2024,2:00:00,Hyderabad,Veg Extravaganza,Non-Veg,M,4,554,33,UPI,2,2216
2620,4/19/2024,3:00:00,Mumbai,Pepper Barbecue,Non-Veg,L,4,455,43,UPI,1,1820
2621,4/19/2024,4:00:00,Hyderabad,Veg Extravaganza,Veg,L,1,273,27,UPI,2,273
2622,4/19/2024,5:00:00,Hyderabad,Farmhouse,Veg,M,1,419,45,Cash,4,419
2623,4/19/2024,6:00:00,Mumbai,Pepper Barbecue,Non-Veg,M,4,342,51,UPI,4,1368
2624,4/19/2024,7:00:00,Pune,Farmhouse,Non-Veg,M,4,299,47,Cash,3,1196
2625,4/19/2024,8:00:00,Hyderabad,Pepper Barbecue,Non-Veg,M,4,328,51,Wallet,4,1312
2626,4/19/2024,9:00:00,Hyderabad,Margherita,Veg,L,2,418,41,UPI,1,836
2627,4/19/2024,10:00:00,Pune,Peppy Paneer,Non-Veg,S,3,470,28,Card,1,1410
2628,4/19/2024,11:00:00,Hyderabad,Farmhouse,Non-Veg,S,1,221,22,UPI,3,221
2629,4/19/2024,12:00:00,Hyderabad,Pepper Barbecue,Veg,L,1,377,44,UPI,5,377
2630,4/19/2024,13:00:00,Hyderabad,Peppy Paneer,Non-Veg,S,2,247,58,Card,3,494
2631,4/19/2024,14:00:00,Chennai,Farmhouse,Non-Veg,S,4,316,31,Card,5,1264
2632,4/19/2024,15:00:00,Delhi,Chicken Dominator,Non-Veg,M,3,528,48,Card,5,1584
2633,4/19/2024,16:00:00,Pune,Pepper Barbecue,Non-Veg,L,4,575,22,Wallet,2,2300
2634,4/19/2024,17:00:00,Hyderabad,Chicken Dominator,Non-Veg,M,1,378,42,UPI,4,378
2635,4/19/2024,18:00:00,Chennai,Margherita,Non-Veg,M,2,472,42,Card,5,944
2636,4/19/2024,19:00:00,Pune,Pepper Barbecue,Veg,L,3,561,37,Cash,2,1683
2637,4/19/2024,20:00:00,Bangalore,Margherita,Non-Veg,L,3,538,30,UPI,3,1614
2638,4/19/2024,21:00:00,Bangalore,Peppy Paneer,Non-Veg,L,3,559,55,Card,3,1677
2639,4/19/2024,22:00:00,Hyderabad,Farmhouse,Non-Veg,S,3,546,45,Card,5,1638
2640,4/19/2024,23:00:00,Chennai,Veg Extravaganza,Veg,S,2,378,27,Cash,2,756
2641,4/20/2024,0:00:00,Chennai,Margherita,Veg,M,1,248,47,UPI,1,248
2642,4/20/2024,1:00:00,Pune,Veg Extravaganza,Veg,S,3,514,37,Card,4,1542
2643,4/20/2024,2:00:00,Pune,Veg Extravaganza,Non-Veg,S,3,593,32,Wallet,5,1779
2644,4/20/2024,3:00:00,Chennai,Farmhouse,Non-Veg,S,1,454,55,UPI,1,454
2645,4/20/2024,4:00:00,Pune,Peppy Paneer,Veg,M,4,229,59,UPI,4,916
2646,4/20/2024,5:00:00,Chennai,Farmhouse,Veg,M,3,284,31,Card,1,852
2647,4/20/2024,6:00:00,Delhi,Pepper Barbecue,Veg,L,3,476,41,UPI,2,1428
2648,4/20/2024,7:00:00,Chennai,Margherita,Veg,S,4,233,21,Card,5,932
2649,4/20/2024,8:00:00,Bangalore,Veg Extravaganza,Non-Veg,M,1,528,59,UPI,1,528
2650,4/20/2024,9:00:00,Pune,Farmhouse,Veg,S,1,297,47,Cash,1,297
2651,4/20/2024,10:00:00,Chennai,Farmhouse,Veg,M,3,275,32,Cash,1,825
2652,4/20/2024,11:00:00,Chennai,Farmhouse,Veg,M,1,374,52,UPI,5,374
2653,4/20/2024,12:00:00,Pune,Margherita,Veg,M,4,540,22,UPI,2,2160
2654,4/20/2024,13:00:00,Delhi,Peppy Paneer,Non-Veg,L,2,448,53,Cash,2,896
2655,4/20/2024,14:00:00,Delhi,Farmhouse,Veg,L,4,539,42,UPI,1,2156
2656,4/20/2024,15:00:00,Pune,Margherita,Non-Veg,M,4,333,51,Card,2,1332
2657,4/20/2024,16:00:00,Mumbai,Veg Extravaganza,Veg,L,2,377,39,UPI,4,754
2658,4/20/2024,17:00:00,Pune,Pepper Barbecue,Veg,M,4,564,47,UPI,2,2256
2659,4/20/2024,18:00:00,Pune,Chicken Dominator,Veg,L,3,427,27,UPI,1,1281
2660,4/20/2024,19:00:00,Delhi,Margherita,Non-Veg,M,3,262,22,UPI,4,786
2661,4/20/2024,20:00:00,Delhi,Chicken Dominator,Veg,M,1,467,49,UPI,5,467
2662,4/20/2024,21:00:00,Pune,Farmhouse,Non-Veg,L,1,457,44,Card,3,457
2663,4/20/2024,22:00:00,Pune,Farmhouse,Non-Veg,S,4,343,49,Card,2,1372
2664,4/20/2024,23:00:00,Pune,Margherita,Veg,M,3,584,48,Card,4,1752
2665,4/21/2024,0:00:00,Delhi,Chicken Dominator,Non-Veg,L,3,587,49,Card,3,1761
2666,4/21/2024,1:00:00,Pune,Farmhouse,Non-Veg,L,2,502,53,UPI,5,1004
2667,4/21/2024,2:00:00,Pune,Veg Extravaganza,Veg,S,1,251,44,UPI,3,251
2668,4/21/2024,3:00:00,Hyderabad,Peppy Paneer,Veg,M,3,502,36,UPI,5,1506
2669,4/21/2024,4:00:00,Mumbai,Peppy Paneer,Non-Veg,L,4,298,43,Card,1,1192
2670,4/21/2024,5:00:00,Bangalore,Farmhouse,Veg,L,3,505,57,Card,1,1515
2671,4/21/2024,6:00:00,Mumbai,Chicken Dominator,Non-Veg,M,1,244,47,Card,5,244
2672,4/21/2024,7:00:00,Hyderabad,Pepper Barbecue,Veg,L,4,241,52,Card,3,964
2673,4/21/2024,8:00:00,Bangalore,Farmhouse,Veg,L,1,526,55,UPI,2,526
2674,4/21/2024,9:00:00,Pune,Pepper Barbecue,Non-Veg,S,3,256,26,Cash,3,768
2675,4/21/2024,10:00:00,Hyderabad,Pepper Barbecue,Non-Veg,L,3,232,42,Cash,3,696
2676,4/21/2024,11:00:00,Pune,Chicken Dominator,Veg,M,3,313,45,UPI,2,939
2677,4/21/2024,12:00:00,Delhi,Pepper Barbecue,Non-Veg,M,1,499,33,Card,3,499
2678,4/21/2024,13:00:00,Chennai,Veg Extravaganza,Veg,M,4,313,47,Card,3,1252
2679,4/21/2024,14:00:00,Hyderabad,Chicken Dominator,Veg,M,3,255,43,Card,4,765
2680,4/21/2024,15:00:00,Delhi,Farmhouse,Non-Veg,L,3,243,26,Wallet,5,729
2681,4/21/2024,16:00:00,Hyderabad,Veg Extravaganza,Veg,M,3,411,55,Card,1,1233
2682,4/21/2024,17:00:00,Hyderabad,Margherita,Veg,L,2,551,58,Card,5,1102
2683,4/21/2024,18:00:00,Delhi,Peppy Paneer,Veg,L,2,528,34,Card,3,1056
2684,4/21/2024,19:00:00,Bangalore,Farmhouse,Non-Veg,L,4,233,22,UPI,2,932
2685,4/21/2024,20:00:00,Mumbai,Farmhouse,Veg,M,1,469,21,UPI,2,469
2686,4/21/2024,21:00:00,Pune,Farmhouse,Veg,S,3,395,26,UPI,1,1185
2687,4/21/2024,22:00:00,Hyderabad,Veg Extravaganza,Non-Veg,M,3,324,35,UPI,1,972
2688,4/21/2024,23:00:00,Pune,Margherita,Veg,L,1,278,40,Wallet,1,278
2689,4/22/2024,0:00:00,Chennai,Chicken Dominator,Non-Veg,S,1,454,28,UPI,2,454
2690,4/22/2024,1:00:00,Delhi,Margherita,Non-Veg,L,4,344,31,Cash,3,1376
2691,4/22/2024,2:00:00,Pune,Veg Extravaganza,Veg,L,1,282,48,Cash,1,282
2692,4/22/2024,3:00:00,Delhi,Farmhouse,Veg,L,3,429,43,Cash,1,1287
2693,4/22/2024,4:00:00,Pune,Peppy Paneer,Veg,M,4,336,52,UPI,2,1344
2694,4/22/2024,5:00:00,Mumbai,Farmhouse,Non-Veg,M,2,226,33,UPI,3,452
2695,4/22/2024,6:00:00,Mumbai,Chicken Dominator,Non-Veg,L,4,376,37,UPI,1,1504
2696,4/22/2024,7:00:00,Mumbai,Pepper Barbecue,Veg,M,4,406,24,Wallet,3,1624
2697,4/22/2024,8:00:00,Mumbai,Peppy Paneer,Veg,L,4,505,34,Cash,4,2020
2698,4/22/2024,9:00:00,Mumbai,Farmhouse,Veg,M,1,510,26,UPI,1,510
2699,4/22/2024,10:00:00,Mumbai,Peppy Paneer,Veg,L,3,587,44,UPI,1,1761
2700,4/22/2024,11:00:00,Delhi,Pepper Barbecue,Veg,L,1,412,33,Card,2,412
2701,4/22/2024,12:00:00,Hyderabad,Margherita,Non-Veg,S,3,553,59,UPI,4,1659
2702,4/22/2024,13:00:00,Pune,Veg Extravaganza,Veg,S,1,236,55,Cash,4,236
2703,4/22/2024,14:00:00,Mumbai,Farmhouse,Non-Veg,L,4,587,54,Cash,4,2348
2704,4/22/2024,15:00:00,Delhi,Chicken Dominator,Veg,S,3,492,43,Card,5,1476
2705,4/22/2024,16:00:00,Delhi,Margherita,Veg,M,1,378,34,Card,2,378
2706,4/22/2024,17:00:00,Delhi,Farmhouse,Veg,M,4,359,30,Card,2,1436
2707,4/22/2024,18:00:00,Hyderabad,Margherita,Non-Veg,S,2,567,43,UPI,1,1134
2708,4/22/2024,19:00:00,Pune,Chicken Dominator,Veg,S,1,211,30,Cash,2,211
2709,4/22/2024,20:00:00,Hyderabad,Farmhouse,Veg,L,1,368,36,Cash,1,368
2710,4/22/2024,21:00:00,Bangalore,Pepper Barbecue,Veg,M,2,511,25,UPI,1,1022
2711,4/22/2024,22:00:00,Delhi,Pepper Barbecue,Non-Veg,M,1,279,40,UPI,5,279
2712,4/22/2024,23:00:00,Bangalore,Chicken Dominator,Veg,L,2,213,27,UPI,2,426
2713,4/23/2024,0:00:00,Chennai,Peppy Paneer,Veg,S,3,253,34,Cash,2,759
2714,4/23/2024,1:00:00,Mumbai,Chicken Dominator,Non-Veg,S,2,453,51,UPI,5,906
2715,4/23/2024,2:00:00,Mumbai,Peppy Paneer,Non-Veg,L,4,264,29,Card,5,1056
2716,4/23/2024,3:00:00,Hyderabad,Farmhouse,Veg,L,2,571,47,UPI,2,1142
2717,4/23/2024,4:00:00,Pune,Peppy Paneer,Non-Veg,M,3,257,34,Cash,2,771
2718,4/23/2024,5:00:00,Bangalore,Farmhouse,Veg,L,2,295,31,Card,1,590
2719,4/23/2024,6:00:00,Pune,Farmhouse,Non-Veg,L,2,220,37,UPI,3,440
2720,4/23/2024,7:00:00,Hyderabad,Veg Extravaganza,Non-Veg,S,3,459,56,UPI,1,1377
2721,4/23/2024,8:00:00,Mumbai,Farmhouse,Veg,S,1,272,43,UPI,4,272
2722,4/23/2024,9:00:00,Pune,Peppy Paneer,Non-Veg,L,1,447,56,Cash,4,447
2723,4/23/2024,10:00:00,Pune,Veg Extravaganza,Veg,M,4,326,48,Card,3,1304
2724,4/23/2024,11:00:00,Mumbai,Veg Extravaganza,Veg,S,4,245,29,UPI,5,980
2725,4/23/2024,12:00:00,Bangalore,Farmhouse,Non-Veg,L,2,467,33,Card,4,934
2726,4/23/2024,13:00:00,Mumbai,Chicken Dominator,Non-Veg,M,1,327,35,UPI,5,327
2727,4/23/2024,14:00:00,Pune,Chicken Dominator,Veg,M,1,229,56,Cash,5,229
2728,4/23/2024,15:00:00,Bangalore,Pepper Barbecue,Veg,S,2,293,30,UPI,1,586
2729,4/23/2024,16:00:00,Bangalore,Veg Extravaganza,Veg,M,3,423,45,Cash,5,1269
2730,4/23/2024,17:00:00,Mumbai,Farmhouse,Non-Veg,M,1,515,59,Card,3,515
2731,4/23/2024,18:00:00,Pune,Chicken Dominator,Non-Veg,S,4,299,38,Card,1,1196
2732,4/23/2024,19:00:00,Hyderabad,Farmhouse,Non-Veg,M,2,270,37,UPI,3,540
2733,4/23/2024,20:00:00,Pune,Farmhouse,Veg,M,3,280,49,UPI,5,840
2734,4/23/2024,21:00:00,Delhi,Veg Extravaganza,Non-Veg,L,4,597,51,Card,4,2388
2735,4/23/2024,22:00:00,Chennai,Pepper Barbecue,Non-Veg,L,1,566,42,Card,5,566
2736,4/23/2024,23:00:00,Hyderabad,Veg Extravaganza,Non-Veg,S,3,499,31,UPI,3,1497
2737,4/24/2024,0:00:00,Bangalore,Margherita,Veg,L,4,307,32,Cash,2,1228
2738,4/24/2024,1:00:00,Hyderabad,Chicken Dominator,Veg,L,2,301,40,UPI,2,602
2739,4/24/2024,2:00:00,Bangalore,Chicken Dominator,Veg,L,3,290,40,UPI,4,870
2740,4/24/2024,3:00:00,Bangalore,Chicken Dominator,Non-Veg,M,3,564,48,Cash,3,1692
2741,4/24/2024,4:00:00,Hyderabad,Peppy Paneer,Veg,S,2,215,48,Wallet,4,430
2742,4/24/2024,5:00:00,Bangalore,Farmhouse,Non-Veg,L,1,309,46,UPI,1,309
2743,4/24/2024,6:00:00,Bangalore,Veg Extravaganza,Veg,S,1,462,48,Cash,5,462
2744,4/24/2024,7:00:00,Delhi,Chicken Dominator,Non-Veg,S,3,359,34,Card,1,1077
2745,4/24/2024,8:00:00,Pune,Margherita,Veg,M,3,452,31,Wallet,2,1356
2746,4/24/2024,9:00:00,Pune,Chicken Dominator,Veg,L,3,288,38,UPI,5,864
2747,4/24/2024,10:00:00,Chennai,Pepper Barbecue,Veg,S,4,294,31,Wallet,1,1176
2748,4/24/2024,11:00:00,Chennai,Farmhouse,Veg,M,3,471,42,UPI,2,1413
2749,4/24/2024,12:00:00,Delhi,Farmhouse,Veg,M,1,446,24,UPI,1,446
2750,4/24/2024,13:00:00,Chennai,Veg Extravaganza,Non-Veg,L,2,560,45,UPI,5,1120
2751,4/24/2024,14:00:00,Hyderabad,Peppy Paneer,Veg,M,2,577,29,UPI,1,1154
2752,4/24/2024,15:00:00,Mumbai,Veg Extravaganza,Veg,S,2,405,41,Card,5,810
2753,4/24/2024,16:00:00,Mumbai,Chicken Dominator,Veg,S,3,544,58,Card,1,1632
2754,4/24/2024,17:00:00,Mumbai,Pepper Barbecue,Veg,M,3,517,42,UPI,4,1551
2755,4/24/2024,18:00:00,Delhi,Margherita,Veg,S,2,485,30,UPI,1,970
2756,4/24/2024,19:00:00,Delhi,Veg Extravaganza,Veg,S,4,447,47,UPI,1,1788
2757,4/24/2024,20:00:00,Bangalore,Peppy Paneer,Veg,M,4,595,50,UPI,4,2380
2758,4/24/2024,21:00:00,Mumbai,Veg Extravaganza,Veg,M,4,266,27,UPI,2,1064
2759,4/24/2024,22:00:00,Hyderabad,Farmhouse,Non-Veg,L,4,245,58,UPI,5,980
2760,4/24/2024,23:00:00,Chennai,Chicken Dominator,Veg,S,1,242,47,UPI,3,242
2761,4/25/2024,0:00:00,Hyderabad,Chicken Dominator,Veg,M,2,428,35,Card,2,856
2762,4/25/2024,1:00:00,Chennai,Chicken Dominator,Veg,M,1,500,50,Cash,5,500
2763,4/25/2024,2:00:00,Mumbai,Chicken Dominator,Non-Veg,S,3,433,35,UPI,1,1299
2764,4/25/2024,3:00:00,Mumbai,Chicken Dominator,Non-Veg,M,4,398,24,UPI,2,1592
2765,4/25/2024,4:00:00,Mumbai,Chicken Dominator,Non-Veg,S,4,535,54,Card,1,2140
2766,4/25/2024,5:00:00,Delhi,Margherita,Veg,L,2,231,44,UPI,2,462
2767,4/25/2024,6:00:00,Chennai,Peppy Paneer,Non-Veg,M,4,463,32,Card,2,1852
2768,4/25/2024,7:00:00,Delhi,Chicken Dominator,Veg,M,2,312,48,Wallet,3,624
2769,4/25/2024,8:00:00,Delhi,Peppy Paneer,Veg,S,3,517,46,Cash,4,1551
2770,4/25/2024,9:00:00,Pune,Pepper Barbecue,Non-Veg,S,4,475,59,Card,2,1900
2771,4/25/2024,10:00:00,Hyderabad,Chicken Dominator,Veg,M,4,345,36,UPI,1,1380
2772,4/25/2024,11:00:00,Hyderabad,Veg Extravaganza,Non-Veg,M,1,556,56,UPI,3,556
2773,4/25/2024,12:00:00,Bangalore,Chicken Dominator,Veg,S,2,205,57,Card,2,410
2774,4/25/2024,13:00:00,Delhi,Farmhouse,Non-Veg,S,2,539,48,Cash,4,1078
2775,4/25/2024,14:00:00,Chennai,Margherita,Non-Veg,M,4,307,53,Cash,1,1228
2776,4/25/2024,15:00:00,Pune,Veg Extravaganza,Veg,M,1,459,49,UPI,3,459
2777,4/25/2024,16:00:00,Pune,Veg Extravaganza,Veg,S,4,270,50,UPI,5,1080
2778,4/25/2024,17:00:00,Hyderabad,Farmhouse,Veg,M,2,539,41,UPI,4,1078
2779,4/25/2024,18:00:00,Delhi,Chicken Dominator,Non-Veg,M,2,361,44,UPI,5,722
2780,4/25/2024,19:00:00,Bangalore,Margherita,Veg,M,4,299,23,Cash,5,1196
2781,4/25/2024,20:00:00,Delhi,Veg Extravaganza,Non-Veg,M,3,526,54,UPI,3,1578
2782,4/25/2024,21:00:00,Mumbai,Margherita,Non-Veg,M,4,232,28,UPI,3,928
2783,4/25/2024,22:00:00,Delhi,Veg Extravaganza,Veg,S,1,342,45,Cash,3,342
2784,4/25/2024,23:00:00,Mumbai,Chicken Dominator,Veg,S,2,443,46,UPI,5,886
2785,4/26/2024,0:00:00,Mumbai,Pepper Barbecue,Non-Veg,M,2,423,46,Card,1,846
2786,4/26/2024,1:00:00,Bangalore,Veg Extravaganza,Veg,M,4,413,37,UPI,3,1652
2787,4/26/2024,2:00:00,Chennai,Pepper Barbecue,Veg,M,3,319,49,UPI,4,957
2788,4/26/2024,3:00:00,Hyderabad,Veg Extravaganza,Veg,L,2,367,50,UPI,3,734
2789,4/26/2024,4:00:00,Delhi,Peppy Paneer,Veg,L,4,548,22,Card,3,2192
2790,4/26/2024,5:00:00,Mumbai,Chicken Dominator,Non-Veg,S,3,416,48,Cash,3,1248
2791,4/26/2024,6:00:00,Delhi,Farmhouse,Veg,L,4,588,26,Card,5,2352
2792,4/26/2024,7:00:00,Chennai,Pepper Barbecue,Non-Veg,M,4,554,37,Card,1,2216
2793,4/26/2024,8:00:00,Hyderabad,Farmhouse,Veg,S,4,521,35,Cash,3,2084
2794,4/26/2024,9:00:00,Chennai,Chicken Dominator,Non-Veg,L,2,416,51,UPI,5,832
2795,4/26/2024,10:00:00,Hyderabad,Farmhouse,Veg,L,3,253,57,Cash,4,759
2796,4/26/2024,11:00:00,Pune,Chicken Dominator,Veg,L,1,407,44,UPI,1,407
2797,4/26/2024,12:00:00,Hyderabad,Farmhouse,Veg,S,1,279,51,UPI,5,279
2798,4/26/2024,13:00:00,Bangalore,Pepper Barbecue,Non-Veg,S,2,594,38,UPI,2,1188
2799,4/26/2024,14:00:00,Chennai,Peppy Paneer,Non-Veg,M,2,579,22,UPI,4,1158
2800,4/26/2024,15:00:00,Mumbai,Farmhouse,Veg,M,4,350,54,Wallet,4,1400
2801,4/26/2024,16:00:00,Pune,Pepper Barbecue,Veg,S,4,254,48,UPI,2,1016
2802,4/26/2024,17:00:00,Bangalore,Veg Extravaganza,Veg,L,3,204,30,UPI,5,612
2803,4/26/2024,18:00:00,Delhi,Chicken Dominator,Veg,M,4,234,25,Card,5,936
2804,4/26/2024,19:00:00,Chennai,Margherita,Non-Veg,M,3,548,38,UPI,4,1644
2805,4/26/2024,20:00:00,Mumbai,Margherita,Non-Veg,M,4,318,56,Cash,5,1272
2806,4/26/2024,21:00:00,Hyderabad,Chicken Dominator,Veg,M,4,396,46,Wallet,2,1584
2807,4/26/2024,22:00:00,Mumbai,Peppy Paneer,Non-Veg,S,1,253,24,UPI,5,253
2808,4/26/2024,23:00:00,Delhi,Farmhouse,Veg,L,2,458,45,UPI,4,916
2809,4/27/2024,0:00:00,Pune,Peppy Paneer,Non-Veg,M,3,461,54,UPI,5,1383
2810,4/27/2024,1:00:00,Pune,Margherita,Veg,S,1,542,38,Card,1,542
2811,4/27/2024,2:00:00,Chennai,Pepper Barbecue,Veg,L,4,565,36,UPI,2,2260
2812,4/27/2024,3:00:00,Pune,Chicken Dominator,Veg,L,1,511,54,Card,2,511
2813,4/27/2024,4:00:00,Chennai,Chicken Dominator,Veg,L,3,201,32,Cash,3,603
2814,4/27/2024,5:00:00,Chennai,Peppy Paneer,Non-Veg,L,2,281,33,UPI,5,562
2815,4/27/2024,6:00:00,Chennai,Pepper Barbecue,Non-Veg,M,1,549,49,UPI,2,549
2816,4/27/2024,7:00:00,Hyderabad,Peppy Paneer,Veg,L,3,204,36,UPI,5,612
2817,4/27/2024,8:00:00,Bangalore,Farmhouse,Non-Veg,S,4,373,56,Card,1,1492
2818,4/27/2024,9:00:00,Chennai,Veg Extravaganza,Veg,L,1,338,34,UPI,4,338
2819,4/27/2024,10:00:00,Chennai,Pepper Barbecue,Non-Veg,M,2,392,37,UPI,4,784
2820,4/27/2024,11:00:00,Bangalore,Veg Extravaganza,Veg,S,3,337,33,UPI,3,1011
2821,4/27/2024,12:00:00,Mumbai,Farmhouse,Veg,M,2,496,33,Card,3,992
2822,4/27/2024,13:00:00,Chennai,Veg Extravaganza,Veg,M,4,315,52,UPI,2,1260
2823,4/27/2024,14:00:00,Hyderabad,Margherita,Veg,M,2,243,57,Wallet,2,486
2824,4/27/2024,15:00:00,Pune,Veg Extravaganza,Non-Veg,S,4,545,30,Cash,2,2180
2825,4/27/2024,16:00:00,Pune,Farmhouse,Veg,L,4,488,30,Card,1,1952
2826,4/27/2024,17:00:00,Delhi,Veg Extravaganza,Veg,S,1,418,45,Cash,3,418
2827,4/27/2024,18:00:00,Delhi,Chicken Dominator,Veg,M,4,255,22,Card,3,1020
2828,4/27/2024,19:00:00,Pune,Peppy Paneer,Non-Veg,L,2,441,44,Cash,4,882
2829,4/27/2024,20:00:00,Pune,Margherita,Non-Veg,M,1,595,36,UPI,3,595
2830,4/27/2024,21:00:00,Hyderabad,Chicken Dominator,Veg,M,4,457,41,Card,3,1828
2831,4/27/2024,22:00:00,Bangalore,Chicken Dominator,Veg,S,3,200,48,UPI,1,600
2832,4/27/2024,23:00:00,Delhi,Farmhouse,Non-Veg,M,3,576,45,UPI,2,1728
2833,4/28/2024,0:00:00,Bangalore,Peppy Paneer,Veg,L,4,580,53,UPI,1,2320
2834,4/28/2024,1:00:00,Hyderabad,Peppy Paneer,Veg,L,1,488,45,Card,5,488
2835,4/28/2024,2:00:00,Pune,Pepper Barbecue,Veg,L,1,302,28,Card,4,302
2836,4/28/2024,3:00:00,Chennai,Margherita,Veg,S,1,491,59,Card,4,491
2837,4/28/2024,4:00:00,Bangalore,Farmhouse,Veg,S,2,348,30,Card,4,696
2838,4/28/2024,5:00:00,Pune,Margherita,Non-Veg,S,3,283,26,UPI,2,849
2839,4/28/2024,6:00:00,Pune,Pepper Barbecue,Veg,M,4,225,49,UPI,2,900
2840,4/28/2024,7:00:00,Mumbai,Veg Extravaganza,Non-Veg,S,4,374,21,UPI,2,1496
2841,4/28/2024,8:00:00,Bangalore,Chicken Dominator,Veg,S,3,422,49,UPI,4,1266
2842,4/28/2024,9:00:00,Chennai,Margherita,Non-Veg,M,2,328,23,Card,4,656
2843,4/28/2024,10:00:00,Bangalore,Chicken Dominator,Veg,M,1,341,33,Card,4,341
2844,4/28/2024,11:00:00,Pune,Farmhouse,Veg,M,3,545,32,UPI,5,1635
2845,4/28/2024,12:00:00,Chennai,Veg Extravaganza,Veg,L,4,501,44,Cash,5,2004
2846,4/28/2024,13:00:00,Hyderabad,Farmhouse,Veg,M,2,497,32,Cash,4,994
2847,4/28/2024,14:00:00,Mumbai,Veg Extravaganza,Veg,L,4,334,32,UPI,2,1336
2848,4/28/2024,15:00:00,Pune,Veg Extravaganza,Non-Veg,L,1,254,56,Card,2,254
2849,4/28/2024,16:00:00,Delhi,Chicken Dominator,Veg,M,3,255,25,UPI,5,765
2850,4/28/2024,17:00:00,Delhi,Farmhouse,Non-Veg,S,1,573,45,Card,5,573
2851,4/28/2024,18:00:00,Mumbai,Farmhouse,Non-Veg,S,2,275,33,UPI,4,550
2852,4/28/2024,19:00:00,Hyderabad,Margherita,Veg,S,3,518,27,Card,4,1554
2853,4/28/2024,20:00:00,Pune,Farmhouse,Non-Veg,M,1,538,43,UPI,2,538
2854,4/28/2024,21:00:00,Bangalore,Margherita,Veg,L,1,554,41,Wallet,3,554
2855,4/28/2024,22:00:00,Mumbai,Peppy Paneer,Veg,L,1,331,59,Card,2,331
2856,4/28/2024,23:00:00,Hyderabad,Peppy Paneer,Veg,S,2,241,58,UPI,2,482
2857,4/29/2024,0:00:00,Bangalore,Peppy Paneer,Veg,L,1,551,40,Card,4,551
2858,4/29/2024,1:00:00,Delhi,Pepper Barbecue,Veg,M,4,309,45,Cash,3,1236
2859,4/29/2024,2:00:00,Delhi,Farmhouse,Non-Veg,L,3,269,29,Card,3,807
2860,4/29/2024,3:00:00,Bangalore,Pepper Barbecue,Veg,S,3,483,32,Wallet,4,1449
2861,4/29/2024,4:00:00,Mumbai,Farmhouse,Veg,S,1,325,33,Cash,1,325
2862,4/29/2024,5:00:00,Delhi,Margherita,Non-Veg,M,2,547,28,Card,4,1094
2863,4/29/2024,6:00:00,Pune,Pepper Barbecue,Veg,L,4,495,26,UPI,5,1980
2864,4/29/2024,7:00:00,Chennai,Pepper Barbecue,Veg,S,4,378,58,UPI,3,1512
2865,4/29/2024,8:00:00,Bangalore,Pepper Barbecue,Non-Veg,S,3,497,50,Wallet,4,1491
2866,4/29/2024,9:00:00,Bangalore,Veg Extravaganza,Veg,L,3,573,35,Wallet,2,1719
2867,4/29/2024,10:00:00,Delhi,Margherita,Veg,L,4,396,27,UPI,2,1584
2868,4/29/2024,11:00:00,Mumbai,Peppy Paneer,Veg,S,3,460,34,Card,2,1380
2869,4/29/2024,12:00:00,Pune,Margherita,Veg,L,1,300,44,Card,4,300
2870,4/29/2024,13:00:00,Mumbai,Veg Extravaganza,Non-Veg,M,4,260,57,Card,1,1040
2871,4/29/2024,14:00:00,Hyderabad,Farmhouse,Non-Veg,M,3,382,34,Cash,5,1146
2872,4/29/2024,15:00:00,Hyderabad,Margherita,Veg,M,1,496,44,UPI,2,496
2873,4/29/2024,16:00:00,Chennai,Pepper Barbecue,Veg,M,1,566,26,Cash,4,566
2874,4/29/2024,17:00:00,Delhi,Peppy Paneer,Veg,M,4,208,45,UPI,1,832
2875,4/29/2024,18:00:00,Delhi,Peppy Paneer,Non-Veg,M,1,405,27,Card,3,405
2876,4/29/2024,19:00:00,Delhi,Farmhouse,Veg,M,4,517,37,UPI,3,2068
2877,4/29/2024,20:00:00,Chennai,Margherita,Veg,L,1,253,40,Card,5,253
2878,4/29/2024,21:00:00,Hyderabad,Veg Extravaganza,Non-Veg,L,4,379,35,Card,4,1516
2879,4/29/2024,22:00:00,Mumbai,Farmhouse,Non-Veg,M,4,303,22,Card,4,1212
2880,4/29/2024,23:00:00,Chennai,Margherita,Veg,S,4,325,20,Card,2,1300
2881,4/30/2024,0:00:00,Chennai,Chicken Dominator,Veg,M,4,233,32,Card,1,932
2882,4/30/2024,1:00:00,Mumbai,Peppy Paneer,Veg,L,1,364,51,UPI,5,364
2883,4/30/2024,2:00:00,Delhi,Veg Extravaganza,Veg,M,4,497,31,Wallet,1,1988
2884,4/30/2024,3:00:00,Pune,Pepper Barbecue,Non-Veg,M,3,469,50,UPI,5,1407
2885,4/30/2024,4:00:00,Mumbai,Veg Extravaganza,Non-Veg,S,1,488,21,Card,4,488
2886,4/30/2024,5:00:00,Hyderabad,Pepper Barbecue,Non-Veg,M,4,317,27,UPI,4,1268
2887,4/30/2024,6:00:00,Bangalore,Veg Extravaganza,Veg,M,1,553,44,UPI,5,553
2888,4/30/2024,7:00:00,Bangalore,Peppy Paneer,Veg,L,1,291,24,UPI,1,291
2889,4/30/2024,8:00:00,Chennai,Pepper Barbecue,Veg,M,1,299,21,Wallet,3,299
2890,4/30/2024,9:00:00,Bangalore,Margherita,Veg,S,1,286,57,UPI,3,286
2891,4/30/2024,10:00:00,Pune,Pepper Barbecue,Non-Veg,M,4,433,58,UPI,2,1732
2892,4/30/2024,11:00:00,Delhi,Farmhouse,Veg,L,1,323,22,Cash,2,323
2893,4/30/2024,12:00:00,Hyderabad,Margherita,Veg,M,3,402,57,UPI,1,1206
2894,4/30/2024,13:00:00,Pune,Farmhouse,Veg,M,1,231,41,Cash,4,231
2895,4/30/2024,14:00:00,Hyderabad,Veg Extravaganza,Veg,M,1,556,59,Cash,1,556
2896,4/30/2024,15:00:00,Hyderabad,Margherita,Veg,L,3,238,52,Card,5,714
2897,4/30/2024,16:00:00,Delhi,Veg Extravaganza,Non-Veg,S,4,293,51,UPI,3,1172
2898,4/30/2024,17:00:00,Chennai,Chicken Dominator,Veg,M,3,209,36,UPI,2,627
2899,4/30/2024,18:00:00,Bangalore,Veg Extravaganza,Non-Veg,L,2,414,37,UPI,1,828
2900,4/30/2024,19:00:00,Delhi,Veg Extravaganza,Veg,L,3,299,22,UPI,1,897
2901,4/30/2024,20:00:00,Pune,Farmhouse,Veg,M,4,443,25,UPI,5,1772
2902,4/30/2024,21:00:00,Chennai,Pepper Barbecue,Non-Veg,L,3,257,32,Cash,4,771
2903,4/30/2024,22:00:00,Pune,Chicken Dominator,Veg,M,1,556,50,Card,4,556
2904,4/30/2024,23:00:00,Chennai,Veg Extravaganza,Non-Veg,M,4,519,36,UPI,3,2076
2905,5/1/2024,0:00:00,Pune,Veg Extravaganza,Veg,M,2,218,40,UPI,2,436
2906,5/1/2024,1:00:00,Delhi,Chicken Dominator,Veg,S,4,556,35,Card,4,2224
2907,5/1/2024,2:00:00,Chennai,Chicken Dominator,Non-Veg,M,1,316,36,UPI,4,316
2908,5/1/2024,3:00:00,Chennai,Margherita,Non-Veg,M,2,335,51,Cash,4,670
2909,5/1/2024,4:00:00,Hyderabad,Farmhouse,Non-Veg,L,4,526,20,UPI,1,2104
2910,5/1/2024,5:00:00,Hyderabad,Chicken Dominator,Veg,L,4,495,57,Cash,4,1980
2911,5/1/2024,6:00:00,Mumbai,Chicken Dominator,Veg,M,1,212,27,Card,5,212
2912,5/1/2024,7:00:00,Pune,Peppy Paneer,Non-Veg,M,3,300,20,Wallet,3,900
2913,5/1/2024,8:00:00,Hyderabad,Pepper Barbecue,Non-Veg,S,3,579,21,UPI,4,1737
2914,5/1/2024,9:00:00,Mumbai,Chicken Dominator,Veg,M,2,354,56,UPI,2,708
2915,5/1/2024,10:00:00,Hyderabad,Farmhouse,Veg,M,1,281,43,Card,1,281
2916,5/1/2024,11:00:00,Pune,Pepper Barbecue,Non-Veg,S,1,287,46,Wallet,5,287
2917,5/1/2024,12:00:00,Chennai,Pepper Barbecue,Veg,M,3,304,39,Card,3,912
2918,5/1/2024,13:00:00,Bangalore,Veg Extravaganza,Veg,M,3,329,40,Card,1,987
2919,5/1/2024,14:00:00,Pune,Veg Extravaganza,Non-Veg,L,2,471,56,UPI,5,942
2920,5/1/2024,15:00:00,Delhi,Veg Extravaganza,Veg,L,3,213,54,UPI,1,639
2921,5/1/2024,16:00:00,Hyderabad,Veg Extravaganza,Veg,M,2,327,57,UPI,3,654
2922,5/1/2024,17:00:00,Hyderabad,Peppy Paneer,Non-Veg,M,4,259,34,Card,3,1036
2923,5/1/2024,18:00:00,Chennai,Chicken Dominator,Veg,M,2,426,49,UPI,4,852
2924,5/1/2024,19:00:00,Delhi,Veg Extravaganza,Non-Veg,S,2,216,23,UPI,2,432
2925,5/1/2024,20:00:00,Chennai,Margherita,Veg,S,2,244,58,Card,4,488
2926,5/1/2024,21:00:00,Delhi,Veg Extravaganza,Veg,S,4,237,34,Wallet,1,948
2927,5/1/2024,22:00:00,Bangalore,Chicken Dominator,Veg,S,3,323,42,Card,4,969
2928,5/1/2024,23:00:00,Hyderabad,Veg Extravaganza,Non-Veg,S,2,559,34,Card,3,1118
2929,5/2/2024,0:00:00,Hyderabad,Peppy Paneer,Veg,S,3,263,45,Wallet,3,789
2930,5/2/2024,1:00:00,Bangalore,Farmhouse,Veg,S,2,576,31,UPI,3,1152
2931,5/2/2024,2:00:00,Mumbai,Farmhouse,Veg,M,3,452,37,UPI,4,1356
2932,5/2/2024,3:00:00,Chennai,Chicken Dominator,Veg,L,2,461,25,Card,5,922
2933,5/2/2024,4:00:00,Bangalore,Farmhouse,Veg,L,3,311,37,UPI,4,933
2934,5/2/2024,5:00:00,Chennai,Farmhouse,Veg,S,1,301,43,UPI,4,301
2935,5/2/2024,6:00:00,Pune,Margherita,Veg,M,4,248,57,UPI,4,992
2936,5/2/2024,7:00:00,Hyderabad,Chicken Dominator,Veg,L,2,476,47,Card,4,952
2937,5/2/2024,8:00:00,Chennai,Chicken Dominator,Non-Veg,S,4,426,34,UPI,3,1704
2938,5/2/2024,9:00:00,Delhi,Farmhouse,Non-Veg,L,2,222,38,UPI,2,444
2939,5/2/2024,10:00:00,Chennai,Farmhouse,Veg,M,1,531,24,UPI,4,531
2940,5/2/2024,11:00:00,Pune,Farmhouse,Veg,L,1,384,23,UPI,4,384
2941,5/2/2024,12:00:00,Hyderabad,Pepper Barbecue,Non-Veg,L,4,263,36,Wallet,2,1052
2942,5/2/2024,13:00:00,Bangalore,Peppy Paneer,Non-Veg,M,2,356,29,Wallet,4,712
2943,5/2/2024,14:00:00,Pune,Veg Extravaganza,Veg,M,3,482,31,Cash,2,1446
2944,5/2/2024,15:00:00,Hyderabad,Peppy Paneer,Non-Veg,S,2,589,24,Wallet,3,1178
2945,5/2/2024,16:00:00,Chennai,Chicken Dominator,Veg,S,3,348,26,UPI,5,1044
2946,5/2/2024,17:00:00,Mumbai,Margherita,Veg,M,4,526,42,Cash,4,2104
2947,5/2/2024,18:00:00,Mumbai,Veg Extravaganza,Veg,S,4,562,21,UPI,5,2248
2948,5/2/2024,19:00:00,Delhi,Margherita,Non-Veg,S,1,368,49,Card,4,368
2949,5/2/2024,20:00:00,Hyderabad,Pepper Barbecue,Veg,M,3,332,56,UPI,1,996
2950,5/2/2024,21:00:00,Mumbai,Chicken Dominator,Non-Veg,L,2,598,24,Cash,1,1196
2951,5/2/2024,22:00:00,Bangalore,Pepper Barbecue,Veg,S,1,513,39,UPI,3,513
2952,5/2/2024,23:00:00,Hyderabad,Chicken Dominator,Veg,S,4,331,45,UPI,5,1324
2953,5/3/2024,0:00:00,Bangalore,Margherita,Veg,M,1,396,58,Cash,5,396
2954,5/3/2024,1:00:00,Bangalore,Margherita,Non-Veg,M,2,334,25,Card,2,668
2955,5/3/2024,2:00:00,Mumbai,Margherita,Veg,S,2,234,48,Card,2,468
2956,5/3/2024,3:00:00,Hyderabad,Chicken Dominator,Veg,L,4,576,29,Card,4,2304
2957,5/3/2024,4:00:00,Chennai,Farmhouse,Veg,M,1,598,35,UPI,2,598
2958,5/3/2024,5:00:00,Pune,Margherita,Non-Veg,M,3,419,53,Card,2,1257
2959,5/3/2024,6:00:00,Mumbai,Pepper Barbecue,Veg,S,3,585,50,UPI,5,1755
2960,5/3/2024,7:00:00,Mumbai,Veg Extravaganza,Veg,M,3,575,55,Cash,1,1725
2961,5/3/2024,8:00:00,Chennai,Chicken Dominator,Veg,L,2,384,24,Card,5,768
2962,5/3/2024,9:00:00,Hyderabad,Pepper Barbecue,Non-Veg,S,1,204,52,Wallet,2,204
2963,5/3/2024,10:00:00,Hyderabad,Peppy Paneer,Non-Veg,M,3,270,38,Card,4,810
2964,5/3/2024,11:00:00,Bangalore,Peppy Paneer,Non-Veg,S,1,541,51,UPI,1,541
2965,5/3/2024,12:00:00,Chennai,Veg Extravaganza,Veg,L,4,440,42,Card,2,1760
2966,5/3/2024,13:00:00,Chennai,Farmhouse,Veg,S,3,550,22,UPI,2,1650
2967,5/3/2024,14:00:00,Hyderabad,Margherita,Non-Veg,L,1,496,20,UPI,4,496
2968,5/3/2024,15:00:00,Bangalore,Chicken Dominator,Veg,M,2,530,55,Cash,4,1060
2969,5/3/2024,16:00:00,Mumbai,Pepper Barbecue,Veg,M,4,392,47,UPI,2,1568
2970,5/3/2024,17:00:00,Delhi,Margherita,Veg,M,4,367,58,Card,2,1468
2971,5/3/2024,18:00:00,Pune,Pepper Barbecue,Non-Veg,S,4,538,24,UPI,5,2152
2972,5/3/2024,19:00:00,Mumbai,Chicken Dominator,Veg,M,4,435,32,UPI,3,1740
2973,5/3/2024,20:00:00,Hyderabad,Peppy Paneer,Veg,M,2,493,30,Card,4,986
2974,5/3/2024,21:00:00,Pune,Margherita,Non-Veg,S,2,497,41,Cash,4,994
2975,5/3/2024,22:00:00,Delhi,Veg Extravaganza,Veg,L,3,447,42,Card,5,1341
2976,5/3/2024,23:00:00,Delhi,Farmhouse,Veg,S,2,364,31,UPI,1,728
2977,5/4/2024,0:00:00,Bangalore,Veg Extravaganza,Non-Veg,M,2,511,40,UPI,1,1022
2978,5/4/2024,1:00:00,Pune,Farmhouse,Non-Veg,M,4,270,38,Cash,1,1080
2979,5/4/2024,2:00:00,Bangalore,Pepper Barbecue,Non-Veg,S,2,430,24,Card,4,860
2980,5/4/2024,3:00:00,Mumbai,Margherita,Non-Veg,M,4,254,43,Wallet,3,1016
2981,5/4/2024,4:00:00,Chennai,Margherita,Veg,M,1,381,49,UPI,3,381
2982,5/4/2024,5:00:00,Chennai,Farmhouse,Non-Veg,M,1,221,27,Wallet,5,221
2983,5/4/2024,6:00:00,Chennai,Peppy Paneer,Veg,M,1,482,21,Cash,1,482
2984,5/4/2024,7:00:00,Pune,Chicken Dominator,Non-Veg,S,1,304,53,Cash,1,304
2985,5/4/2024,8:00:00,Chennai,Veg Extravaganza,Non-Veg,L,1,374,42,UPI,2,374
2986,5/4/2024,9:00:00,Mumbai,Pepper Barbecue,Non-Veg,M,1,493,22,Card,5,493
2987,5/4/2024,10:00:00,Bangalore,Veg Extravaganza,Non-Veg,S,1,567,43,Card,5,567
2988,5/4/2024,11:00:00,Pune,Veg Extravaganza,Non-Veg,L,4,238,37,Card,4,952
2989,5/4/2024,12:00:00,Bangalore,Pepper Barbecue,Veg,S,4,598,56,Card,4,2392
2990,5/4/2024,13:00:00,Pune,Pepper Barbecue,Non-Veg,S,4,574,50,Card,5,2296
2991,5/4/2024,14:00:00,Bangalore,Margherita,Veg,M,4,259,33,Wallet,3,1036
2992,5/4/2024,15:00:00,Delhi,Veg Extravaganza,Veg,L,2,591,20,Card,5,1182
2993,5/4/2024,16:00:00,Bangalore,Chicken Dominator,Veg,L,2,499,33,Card,3,998
2994,5/4/2024,17:00:00,Chennai,Chicken Dominator,Veg,L,3,498,24,Card,4,1494
2995,5/4/2024,18:00:00,Delhi,Farmhouse,Non-Veg,M,2,589,50,Card,5,1178
2996,5/4/2024,19:00:00,Bangalore,Pepper Barbecue,Non-Veg,M,4,411,50,UPI,3,1644
2997,5/4/2024,20:00:00,Pune,Margherita,Veg,M,4,354,49,UPI,2,1416
2998,5/4/2024,21:00:00,Pune,Chicken Dominator,Veg,S,1,372,55,Cash,2,372
2999,5/4/2024,22:00:00,Pune,Peppy Paneer,Veg,L,1,222,20,UPI,5,222
3000,5/4/2024,23:00:00,Hyderabad,Margherita,Non-Veg,S,3,439,22,Cash,1,1317
3001,5/5/2024,0:00:00,Mumbai,Margherita,Veg,M,2,408,39,Cash,5,816
3002,5/5/2024,1:00:00,Pune,Chicken Dominator,Non-Veg,L,4,321,40,Card,4,1284
3003,5/5/2024,2:00:00,Delhi,Peppy Paneer,Non-Veg,L,2,452,49,Wallet,4,904
3004,5/5/2024,3:00:00,Pune,Farmhouse,Veg,S,3,340,49,Card,2,1020
3005,5/5/2024,4:00:00,Hyderabad,Chicken Dominator,Non-Veg,S,1,539,24,UPI,3,539
3006,5/5/2024,5:00:00,Chennai,Peppy Paneer,Non-Veg,M,4,561,29,UPI,2,2244
3007,5/5/2024,6:00:00,Delhi,Margherita,Non-Veg,M,1,519,43,Wallet,3,519
3008,5/5/2024,7:00:00,Hyderabad,Peppy Paneer,Veg,M,4,352,58,Wallet,5,1408
3009,5/5/2024,8:00:00,Chennai,Margherita,Veg,M,1,580,25,UPI,1,580
3010,5/5/2024,9:00:00,Delhi,Chicken Dominator,Non-Veg,L,1,413,29,UPI,4,413
3011,5/5/2024,10:00:00,Bangalore,Pepper Barbecue,Veg,S,3,507,29,UPI,5,1521
3012,5/5/2024,11:00:00,Mumbai,Chicken Dominator,Non-Veg,M,2,247,44,Card,2,494
3013,5/5/2024,12:00:00,Mumbai,Veg Extravaganza,Veg,M,1,516,33,Card,5,516
3014,5/5/2024,13:00:00,Hyderabad,Veg Extravaganza,Veg,S,4,216,58,Card,1,864
3015,5/5/2024,14:00:00,Chennai,Veg Extravaganza,Veg,S,2,495,32,Cash,3,990
3016,5/5/2024,15:00:00,Mumbai,Chicken Dominator,Veg,L,2,530,30,Card,1,1060
3017,5/5/2024,16:00:00,Chennai,Farmhouse,Veg,L,1,544,58,UPI,2,544
3018,5/5/2024,17:00:00,Chennai,Chicken Dominator,Veg,S,1,268,30,UPI,1,268
3019,5/5/2024,18:00:00,Hyderabad,Pepper Barbecue,Veg,L,1,284,35,Cash,4,284
3020,5/5/2024,19:00:00,Hyderabad,Peppy Paneer,Non-Veg,S,2,481,52,Card,1,962
3021,5/5/2024,20:00:00,Hyderabad,Chicken Dominator,Non-Veg,M,3,407,51,UPI,5,1221
3022,5/5/2024,21:00:00,Mumbai,Chicken Dominator,Veg,S,1,239,29,UPI,3,239
3023,5/5/2024,22:00:00,Hyderabad,Margherita,Veg,L,2,295,34,Cash,4,590
3024,5/5/2024,23:00:00,Mumbai,Margherita,Veg,S,2,449,35,UPI,4,898
3025,5/6/2024,0:00:00,Hyderabad,Margherita,Veg,M,4,572,46,Card,4,2288
3026,5/6/2024,1:00:00,Pune,Chicken Dominator,Veg,L,1,335,51,Card,2,335
3027,5/6/2024,2:00:00,Chennai,Farmhouse,Veg,S,3,272,25,UPI,2,816
3028,5/6/2024,3:00:00,Hyderabad,Peppy Paneer,Veg,M,4,500,55,Card,5,2000
3029,5/6/2024,4:00:00,Delhi,Peppy Paneer,Non-Veg,S,1,472,27,UPI,3,472
3030,5/6/2024,5:00:00,Chennai,Pepper Barbecue,Veg,M,4,368,44,UPI,1,1472
3031,5/6/2024,6:00:00,Chennai,Farmhouse,Non-Veg,M,1,532,26,UPI,5,532
3032,5/6/2024,7:00:00,Hyderabad,Farmhouse,Veg,M,4,592,36,Card,2,2368
3033,5/6/2024,8:00:00,Bangalore,Peppy Paneer,Non-Veg,L,3,397,49,Cash,5,1191
3034,5/6/2024,9:00:00,Hyderabad,Veg Extravaganza,Veg,M,4,546,21,UPI,3,2184
3035,5/6/2024,10:00:00,Chennai,Margherita,Veg,S,4,305,36,Cash,5,1220
3036,5/6/2024,11:00:00,Delhi,Margherita,Veg,M,4,300,23,UPI,4,1200
3037,5/6/2024,12:00:00,Chennai,Peppy Paneer,Veg,L,1,558,45,Card,1,558
3038,5/6/2024,13:00:00,Delhi,Farmhouse,Veg,L,1,434,33,Card,2,434
3039,5/6/2024,14:00:00,Mumbai,Pepper Barbecue,Veg,S,3,479,27,Card,2,1437
3040,5/6/2024,15:00:00,Pune,Veg Extravaganza,Non-Veg,M,4,528,24,UPI,3,2112
3041,5/6/2024,16:00:00,Chennai,Peppy Paneer,Veg,L,2,576,24,UPI,3,1152
3042,5/6/2024,17:00:00,Hyderabad,Margherita,Non-Veg,L,4,305,24,Card,3,1220
3043,5/6/2024,18:00:00,Mumbai,Chicken Dominator,Veg,M,2,594,46,UPI,2,1188
3044,5/6/2024,19:00:00,Pune,Farmhouse,Non-Veg,S,2,234,24,Cash,4,468
3045,5/6/2024,20:00:00,Hyderabad,Chicken Dominator,Veg,S,4,356,22,UPI,1,1424
3046,5/6/2024,21:00:00,Bangalore,Pepper Barbecue,Veg,S,2,591,57,UPI,3,1182
3047,5/6/2024,22:00:00,Hyderabad,Peppy Paneer,Veg,L,2,472,49,UPI,2,944
3048,5/6/2024,23:00:00,Delhi,Margherita,Veg,S,4,595,20,Card,4,2380
3049,5/7/2024,0:00:00,Delhi,Veg Extravaganza,Veg,M,1,439,27,Cash,3,439
3050,5/7/2024,1:00:00,Bangalore,Chicken Dominator,Veg,M,4,406,32,Card,3,1624
3051,5/7/2024,2:00:00,Mumbai,Veg Extravaganza,Non-Veg,M,3,444,39,UPI,1,1332
3052,5/7/2024,3:00:00,Pune,Pepper Barbecue,Non-Veg,M,2,292,25,Cash,1,584
3053,5/7/2024,4:00:00,Hyderabad,Margherita,Veg,M,3,308,27,UPI,5,924
3054,5/7/2024,5:00:00,Delhi,Chicken Dominator,Non-Veg,M,2,505,49,Card,3,1010
3055,5/7/2024,6:00:00,Mumbai,Pepper Barbecue,Non-Veg,S,1,313,59,Cash,5,313
3056,5/7/2024,7:00:00,Bangalore,Veg Extravaganza,Non-Veg,M,2,223,34,UPI,2,446
3057,5/7/2024,8:00:00,Chennai,Veg Extravaganza,Veg,L,4,492,29,UPI,1,1968
3058,5/7/2024,9:00:00,Delhi,Chicken Dominator,Veg,L,2,451,52,UPI,4,902
3059,5/7/2024,10:00:00,Bangalore,Margherita,Veg,M,3,466,28,Cash,3,1398
3060,5/7/2024,11:00:00,Hyderabad,Veg Extravaganza,Non-Veg,L,4,554,52,Card,3,2216
3061,5/7/2024,12:00:00,Pune,Peppy Paneer,Veg,M,3,408,28,UPI,5,1224
3062,5/7/2024,13:00:00,Delhi,Pepper Barbecue,Veg,M,1,254,33,UPI,1,254
3063,5/7/2024,14:00:00,Delhi,Chicken Dominator,Veg,L,3,226,51,Card,5,678
3064,5/7/2024,15:00:00,Hyderabad,Farmhouse,Veg,M,3,522,56,UPI,3,1566
3065,5/7/2024,16:00:00,Chennai,Farmhouse,Non-Veg,S,3,201,25,UPI,1,603
3066,5/7/2024,17:00:00,Mumbai,Margherita,Veg,L,4,267,24,Card,3,1068
3067,5/7/2024,18:00:00,Pune,Peppy Paneer,Non-Veg,L,1,347,23,Card,1,347
3068,5/7/2024,19:00:00,Delhi,Veg Extravaganza,Non-Veg,M,1,518,35,UPI,3,518
3069,5/7/2024,20:00:00,Pune,Farmhouse,Veg,L,1,527,29,UPI,4,527
3070,5/7/2024,21:00:00,Delhi,Margherita,Veg,M,3,329,50,Cash,5,987
3071,5/7/2024,22:00:00,Pune,Pepper Barbecue,Non-Veg,M,4,282,50,UPI,1,1128
3072,5/7/2024,23:00:00,Bangalore,Peppy Paneer,Veg,M,4,241,33,Card,5,964
3073,5/8/2024,0:00:00,Delhi,Peppy Paneer,Veg,S,4,355,32,Card,1,1420
3074,5/8/2024,1:00:00,Pune,Margherita,Veg,M,3,356,23,UPI,1,1068
3075,5/8/2024,2:00:00,Mumbai,Margherita,Veg,S,1,306,45,Card,1,306
3076,5/8/2024,3:00:00,Bangalore,Veg Extravaganza,Veg,S,3,483,43,Card,3,1449
3077,5/8/2024,4:00:00,Bangalore,Margherita,Veg,M,4,387,28,Card,2,1548
3078,5/8/2024,5:00:00,Mumbai,Veg Extravaganza,Veg,M,3,304,54,Card,3,912
3079,5/8/2024,6:00:00,Pune,Veg Extravaganza,Veg,S,2,311,34,Cash,2,622
3080,5/8/2024,7:00:00,Hyderabad,Chicken Dominator,Non-Veg,L,1,332,43,Card,3,332
3081,5/8/2024,8:00:00,Mumbai,Peppy Paneer,Veg,M,1,470,50,UPI,2,470
3082,5/8/2024,9:00:00,Pune,Pepper Barbecue,Non-Veg,S,4,309,38,UPI,1,1236
3083,5/8/2024,10:00:00,Mumbai,Peppy Paneer,Veg,M,3,272,21,UPI,1,816
3084,5/8/2024,11:00:00,Mumbai,Peppy Paneer,Non-Veg,L,4,545,21,Wallet,2,2180
3085,5/8/2024,12:00:00,Delhi,Chicken Dominator,Veg,M,3,492,55,Wallet,2,1476
3086,5/8/2024,13:00:00,Pune,Veg Extravaganza,Non-Veg,S,2,342,56,UPI,5,684
3087,5/8/2024,14:00:00,Hyderabad,Veg Extravaganza,Veg,S,1,459,53,Card,1,459
3088,5/8/2024,15:00:00,Delhi,Margherita,Non-Veg,M,1,444,58,UPI,3,444
3089,5/8/2024,16:00:00,Mumbai,Chicken Dominator,Veg,M,3,539,38,Wallet,5,1617
3090,5/8/2024,17:00:00,Chennai,Margherita,Veg,M,1,354,57,UPI,2,354
3091,5/8/2024,18:00:00,Mumbai,Chicken Dominator,Veg,L,3,348,42,Card,3,1044
3092,5/8/2024,19:00:00,Mumbai,Margherita,Non-Veg,S,4,259,35,UPI,4,1036
3093,5/8/2024,20:00:00,Pune,Farmhouse,Non-Veg,L,2,285,25,UPI,4,570
3094,5/8/2024,21:00:00,Pune,Peppy Paneer,Veg,L,3,391,45,UPI,4,1173
3095,5/8/2024,22:00:00,Delhi,Peppy Paneer,Non-Veg,L,2,526,41,Card,3,1052
3096,5/8/2024,23:00:00,Hyderabad,Pepper Barbecue,Non-Veg,L,4,381,43,UPI,2,1524
3097,5/9/2024,0:00:00,Delhi,Veg Extravaganza,Non-Veg,L,4,486,59,UPI,3,1944
3098,5/9/2024,1:00:00,Bangalore,Pepper Barbecue,Non-Veg,M,4,472,40,UPI,5,1888
3099,5/9/2024,2:00:00,Mumbai,Farmhouse,Non-Veg,M,3,454,49,Card,5,1362
3100,5/9/2024,3:00:00,Chennai,Pepper Barbecue,Veg,M,2,206,30,Cash,4,412
3101,5/9/2024,4:00:00,Mumbai,Peppy Paneer,Non-Veg,L,2,325,28,Card,2,650
3102,5/9/2024,5:00:00,Mumbai,Veg Extravaganza,Veg,M,1,282,31,Card,5,282
3103,5/9/2024,6:00:00,Delhi,Farmhouse,Non-Veg,S,3,227,45,UPI,1,681
3104,5/9/2024,7:00:00,Chennai,Peppy Paneer,Veg,S,1,465,57,Card,1,465
3105,5/9/2024,8:00:00,Chennai,Margherita,Veg,L,1,482,22,Card,4,482
3106,5/9/2024,9:00:00,Chennai,Chicken Dominator,Veg,L,3,596,52,UPI,4,1788
3107,5/9/2024,10:00:00,Delhi,Farmhouse,Non-Veg,M,1,450,34,UPI,4,450
3108,5/9/2024,11:00:00,Mumbai,Veg Extravaganza,Non-Veg,S,1,387,24,UPI,5,387
3109,5/9/2024,12:00:00,Delhi,Pepper Barbecue,Veg,M,1,582,43,UPI,2,582
3110,5/9/2024,13:00:00,Pune,Pepper Barbecue,Non-Veg,S,4,498,30,UPI,4,1992
3111,5/9/2024,14:00:00,Pune,Farmhouse,Non-Veg,M,3,268,52,UPI,3,804
3112,5/9/2024,15:00:00,Delhi,Veg Extravaganza,Non-Veg,M,4,518,42,UPI,4,2072
3113,5/9/2024,16:00:00,Chennai,Farmhouse,Veg,L,1,525,29,Card,5,525
3114,5/9/2024,17:00:00,Mumbai,Veg Extravaganza,Non-Veg,M,1,298,47,Card,2,298
3115,5/9/2024,18:00:00,Delhi,Pepper Barbecue,Veg,M,4,392,58,Cash,4,1568
3116,5/9/2024,19:00:00,Delhi,Peppy Paneer,Non-Veg,L,1,426,36,UPI,1,426
3117,5/9/2024,20:00:00,Delhi,Margherita,Veg,M,3,381,45,UPI,4,1143
3118,5/9/2024,21:00:00,Bangalore,Peppy Paneer,Veg,S,2,526,44,Wallet,4,1052
3119,5/9/2024,22:00:00,Pune,Margherita,Non-Veg,M,4,292,55,UPI,2,1168
3120,5/9/2024,23:00:00,Chennai,Pepper Barbecue,Veg,L,2,342,31,Cash,3,684
3121,5/10/2024,0:00:00,Hyderabad,Peppy Paneer,Veg,M,2,402,22,Card,4,804
3122,5/10/2024,1:00:00,Chennai,Peppy Paneer,Non-Veg,M,2,331,48,Card,4,662
3123,5/10/2024,2:00:00,Hyderabad,Farmhouse,Veg,L,4,466,43,UPI,5,1864
3124,5/10/2024,3:00:00,Bangalore,Chicken Dominator,Veg,L,1,333,38,Cash,2,333
3125,5/10/2024,4:00:00,Delhi,Pepper Barbecue,Veg,M,3,577,32,UPI,5,1731
3126,5/10/2024,5:00:00,Bangalore,Veg Extravaganza,Veg,L,1,378,35,UPI,4,378
3127,5/10/2024,6:00:00,Bangalore,Pepper Barbecue,Veg,L,3,385,59,Card,4,1155
3128,5/10/2024,7:00:00,Mumbai,Veg Extravaganza,Veg,L,1,217,46,Card,1,217
3129,5/10/2024,8:00:00,Pune,Veg Extravaganza,Non-Veg,L,2,522,25,Cash,5,1044
3130,5/10/2024,9:00:00,Hyderabad,Margherita,Veg,M,2,296,29,UPI,2,592
3131,5/10/2024,10:00:00,Delhi,Veg Extravaganza,Veg,M,3,233,57,Card,4,699
3132,5/10/2024,11:00:00,Hyderabad,Veg Extravaganza,Veg,S,4,592,27,Card,1,2368
3133,5/10/2024,12:00:00,Chennai,Farmhouse,Veg,M,1,499,37,UPI,1,499
3134,5/10/2024,13:00:00,Hyderabad,Peppy Paneer,Non-Veg,L,2,550,51,Card,3,1100
3135,5/10/2024,14:00:00,Chennai,Pepper Barbecue,Non-Veg,L,3,386,36,UPI,2,1158
3136,5/10/2024,15:00:00,Pune,Pepper Barbecue,Veg,M,1,546,21,Card,1,546
3137,5/10/2024,16:00:00,Chennai,Veg Extravaganza,Veg,M,3,310,39,Wallet,2,930
3138,5/10/2024,17:00:00,Hyderabad,Chicken Dominator,Veg,M,4,446,29,Card,4,1784
3139,5/10/2024,18:00:00,Hyderabad,Pepper Barbecue,Non-Veg,M,4,270,28,Cash,3,1080
3140,5/10/2024,19:00:00,Chennai,Veg Extravaganza,Veg,L,1,508,58,Cash,2,508
3141,5/10/2024,20:00:00,Bangalore,Margherita,Veg,M,4,526,44,Card,3,2104
3142,5/10/2024,21:00:00,Pune,Margherita,Veg,S,1,411,44,Cash,2,411
3143,5/10/2024,22:00:00,Mumbai,Margherita,Non-Veg,M,1,508,43,UPI,2,508
3144,5/10/2024,23:00:00,Delhi,Veg Extravaganza,Non-Veg,S,4,307,25,Cash,5,1228
3145,5/11/2024,0:00:00,Hyderabad,Farmhouse,Non-Veg,L,3,376,49,UPI,3,1128
3146,5/11/2024,1:00:00,Delhi,Chicken Dominator,Veg,M,3,427,29,Cash,2,1281
3147,5/11/2024,2:00:00,Mumbai,Veg Extravaganza,Veg,L,1,218,58,Card,5,218
3148,5/11/2024,3:00:00,Delhi,Farmhouse,Veg,S,2,521,50,Cash,5,1042
3149,5/11/2024,4:00:00,Mumbai,Farmhouse,Non-Veg,S,1,447,37,Cash,3,447
3150,5/11/2024,5:00:00,Chennai,Pepper Barbecue,Non-Veg,M,3,408,52,Card,4,1224
3151,5/11/2024,6:00:00,Bangalore,Veg Extravaganza,Veg,L,1,415,38,Card,3,415
3152,5/11/2024,7:00:00,Hyderabad,Veg Extravaganza,Veg,M,3,400,42,Cash,2,1200
3153,5/11/2024,8:00:00,Mumbai,Farmhouse,Veg,S,4,456,24,UPI,4,1824
3154,5/11/2024,9:00:00,Delhi,Farmhouse,Veg,S,1,305,45,UPI,3,305
3155,5/11/2024,10:00:00,Hyderabad,Farmhouse,Veg,M,1,510,48,UPI,3,510
3156,5/11/2024,11:00:00,Bangalore,Pepper Barbecue,Veg,S,4,470,43,Card,3,1880
3157,5/11/2024,12:00:00,Chennai,Veg Extravaganza,Veg,M,4,582,25,UPI,3,2328
3158,5/11/2024,13:00:00,Hyderabad,Farmhouse,Veg,M,2,470,58,UPI,4,940
3159,5/11/2024,14:00:00,Mumbai,Margherita,Non-Veg,S,4,320,23,UPI,2,1280
3160,5/11/2024,15:00:00,Bangalore,Veg Extravaganza,Veg,S,2,444,45,UPI,5,888
3161,5/11/2024,16:00:00,Delhi,Pepper Barbecue,Veg,S,4,265,34,UPI,3,1060
3162,5/11/2024,17:00:00,Bangalore,Margherita,Veg,L,3,427,32,UPI,5,1281
3163,5/11/2024,18:00:00,Bangalore,Peppy Paneer,Non-Veg,M,1,569,59,UPI,5,569
3164,5/11/2024,19:00:00,Pune,Veg Extravaganza,Non-Veg,L,4,336,41,Card,5,1344
3165,5/11/2024,20:00:00,Bangalore,Peppy Paneer,Veg,S,3,393,32,UPI,3,1179
3166,5/11/2024,21:00:00,Bangalore,Farmhouse,Veg,L,4,393,58,Wallet,3,1572
3167,5/11/2024,22:00:00,Hyderabad,Pepper Barbecue,Veg,S,1,345,36,Card,3,345
3168,5/11/2024,23:00:00,Delhi,Farmhouse,Non-Veg,M,4,344,55,UPI,3,1376
3169,5/12/2024,0:00:00,Hyderabad,Pepper Barbecue,Non-Veg,L,4,271,58,UPI,1,1084
3170,5/12/2024,1:00:00,Hyderabad,Chicken Dominator,Non-Veg,L,1,553,44,Card,2,553
3171,5/12/2024,2:00:00,Mumbai,Farmhouse,Veg,L,4,391,53,UPI,1,1564
3172,5/12/2024,3:00:00,Hyderabad,Peppy Paneer,Non-Veg,L,1,243,40,Wallet,4,243
3173,5/12/2024,4:00:00,Pune,Pepper Barbecue,Non-Veg,S,2,356,44,UPI,1,712
3174,5/12/2024,5:00:00,Pune,Farmhouse,Non-Veg,M,4,215,44,Card,1,860
3175,5/12/2024,6:00:00,Mumbai,Veg Extravaganza,Veg,M,3,277,41,Wallet,1,831
3176,5/12/2024,7:00:00,Chennai,Pepper Barbecue,Veg,L,4,251,42,Card,2,1004
3177,5/12/2024,8:00:00,Delhi,Pepper Barbecue,Veg,S,1,201,44,Wallet,5,201
3178,5/12/2024,9:00:00,Delhi,Farmhouse,Veg,L,1,431,33,Wallet,4,431
3179,5/12/2024,10:00:00,Hyderabad,Chicken Dominator,Veg,M,3,260,33,Wallet,4,780
3180,5/12/2024,11:00:00,Hyderabad,Farmhouse,Non-Veg,M,3,331,45,Cash,2,993
3181,5/12/2024,12:00:00,Chennai,Peppy Paneer,Non-Veg,S,1,581,59,UPI,1,581
3182,5/12/2024,13:00:00,Hyderabad,Peppy Paneer,Non-Veg,M,2,251,49,UPI,5,502
3183,5/12/2024,14:00:00,Delhi,Pepper Barbecue,Veg,L,2,496,45,UPI,3,992
3184,5/12/2024,15:00:00,Bangalore,Pepper Barbecue,Veg,M,1,379,57,Wallet,2,379
3185,5/12/2024,16:00:00,Pune,Farmhouse,Non-Veg,L,2,230,41,UPI,5,460
3186,5/12/2024,17:00:00,Bangalore,Peppy Paneer,Veg,L,3,354,58,UPI,2,1062
3187,5/12/2024,18:00:00,Bangalore,Peppy Paneer,Veg,M,2,320,58,Cash,2,640
3188,5/12/2024,19:00:00,Delhi,Chicken Dominator,Non-Veg,L,3,250,53,UPI,3,750
3189,5/12/2024,20:00:00,Bangalore,Veg Extravaganza,Non-Veg,M,4,294,44,Card,5,1176
3190,5/12/2024,21:00:00,Chennai,Chicken Dominator,Veg,M,3,375,55,Wallet,1,1125
3191,5/12/2024,22:00:00,Mumbai,Margherita,Non-Veg,S,4,210,32,Card,5,840
3192,5/12/2024,23:00:00,Hyderabad,Chicken Dominator,Non-Veg,M,3,591,48,Card,5,1773
3193,5/13/2024,0:00:00,Mumbai,Farmhouse,Non-Veg,M,3,211,28,Card,1,633
3194,5/13/2024,1:00:00,Pune,Veg Extravaganza,Non-Veg,L,2,554,34,Card,3,1108
3195,5/13/2024,2:00:00,Hyderabad,Farmhouse,Veg,M,3,244,50,UPI,5,732
3196,5/13/2024,3:00:00,Bangalore,Margherita,Non-Veg,S,1,489,46,Card,1,489
3197,5/13/2024,4:00:00,Pune,Veg Extravaganza,Veg,M,4,404,50,UPI,2,1616
3198,5/13/2024,5:00:00,Hyderabad,Pepper Barbecue,Veg,S,4,418,29,Card,2,1672
3199,5/13/2024,6:00:00,Chennai,Peppy Paneer,Non-Veg,L,3,527,56,Card,1,1581
3200,5/13/2024,7:00:00,Chennai,Chicken Dominator,Veg,L,1,455,26,UPI,2,455
3201,5/13/2024,8:00:00,Chennai,Farmhouse,Non-Veg,M,3,447,51,Card,5,1341
3202,5/13/2024,9:00:00,Chennai,Margherita,Non-Veg,L,3,220,30,Card,1,660
3203,5/13/2024,10:00:00,Bangalore,Peppy Paneer,Non-Veg,M,2,240,47,UPI,5,480
3204,5/13/2024,11:00:00,Mumbai,Chicken Dominator,Non-Veg,M,3,477,23,UPI,4,1431
3205,5/13/2024,12:00:00,Hyderabad,Peppy Paneer,Veg,S,3,476,50,Cash,3,1428
3206,5/13/2024,13:00:00,Bangalore,Chicken Dominator,Veg,M,2,394,48,Cash,3,788
3207,5/13/2024,14:00:00,Chennai,Pepper Barbecue,Veg,L,2,270,52,Card,3,540
3208,5/13/2024,15:00:00,Mumbai,Veg Extravaganza,Veg,S,1,469,23,Card,1,469
3209,5/13/2024,16:00:00,Pune,Peppy Paneer,Veg,M,2,534,45,Card,4,1068
3210,5/13/2024,17:00:00,Pune,Peppy Paneer,Veg,M,4,272,50,Cash,3,1088
3211,5/13/2024,18:00:00,Pune,Peppy Paneer,Non-Veg,S,4,507,50,UPI,5,2028
3212,5/13/2024,19:00:00,Chennai,Veg Extravaganza,Non-Veg,S,1,398,46,Wallet,3,398
3213,5/13/2024,20:00:00,Pune,Margherita,Non-Veg,S,3,275,44,Card,4,825
3214,5/13/2024,21:00:00,Delhi,Chicken Dominator,Non-Veg,L,1,474,55,Card,5,474
3215,5/13/2024,22:00:00,Hyderabad,Pepper Barbecue,Veg,L,2,482,50,Card,5,964
3216,5/13/2024,23:00:00,Hyderabad,Peppy Paneer,Veg,M,3,345,56,UPI,1,1035
3217,5/14/2024,0:00:00,Chennai,Veg Extravaganza,Veg,L,1,212,42,Card,1,212
3218,5/14/2024,1:00:00,Delhi,Margherita,Non-Veg,S,1,562,54,UPI,2,562
3219,5/14/2024,2:00:00,Bangalore,Chicken Dominator,Veg,M,4,328,23,UPI,4,1312
3220,5/14/2024,3:00:00,Bangalore,Veg Extravaganza,Non-Veg,S,1,429,47,Card,5,429
3221,5/14/2024,4:00:00,Pune,Pepper Barbecue,Veg,S,3,284,32,UPI,4,852
3222,5/14/2024,5:00:00,Mumbai,Pepper Barbecue,Veg,L,1,361,20,UPI,3,361
3223,5/14/2024,6:00:00,Bangalore,Chicken Dominator,Veg,S,1,596,31,Cash,3,596
3224,5/14/2024,7:00:00,Mumbai,Peppy Paneer,Veg,L,2,564,59,Wallet,2,1128
3225,5/14/2024,8:00:00,Hyderabad,Pepper Barbecue,Veg,M,1,570,45,Card,5,570
3226,5/14/2024,9:00:00,Mumbai,Margherita,Non-Veg,S,3,250,42,Cash,5,750
3227,5/14/2024,10:00:00,Hyderabad,Veg Extravaganza,Non-Veg,L,4,414,41,Wallet,2,1656
3228,5/14/2024,11:00:00,Delhi,Margherita,Veg,M,4,200,47,Card,3,800
3229,5/14/2024,12:00:00,Delhi,Peppy Paneer,Non-Veg,M,4,576,36,Wallet,5,2304
3230,5/14/2024,13:00:00,Chennai,Margherita,Veg,S,4,322,25,UPI,4,1288
3231,5/14/2024,14:00:00,Chennai,Margherita,Non-Veg,S,2,487,33,Card,5,974
3232,5/14/2024,15:00:00,Pune,Farmhouse,Veg,L,3,399,36,UPI,3,1197
3233,5/14/2024,16:00:00,Bangalore,Margherita,Non-Veg,M,2,382,57,Cash,5,764
3234,5/14/2024,17:00:00,Pune,Chicken Dominator,Veg,S,4,597,24,Cash,5,2388
3235,5/14/2024,18:00:00,Hyderabad,Veg Extravaganza,Veg,L,2,415,32,UPI,1,830
3236,5/14/2024,19:00:00,Pune,Farmhouse,Veg,S,1,439,28,Card,5,439
3237,5/14/2024,20:00:00,Mumbai,Veg Extravaganza,Veg,S,3,548,45,Cash,2,1644
3238,5/14/2024,21:00:00,Hyderabad,Veg Extravaganza,Veg,S,1,267,32,Cash,2,267
3239,5/14/2024,22:00:00,Chennai,Peppy Paneer,Veg,M,2,518,38,UPI,4,1036
3240,5/14/2024,23:00:00,Delhi,Peppy Paneer,Non-Veg,S,1,281,36,Cash,5,281
3241,5/15/2024,0:00:00,Chennai,Farmhouse,Non-Veg,M,2,341,35,UPI,4,682
3242,5/15/2024,1:00:00,Bangalore,Pepper Barbecue,Non-Veg,L,2,240,49,Card,3,480
3243,5/15/2024,2:00:00,Hyderabad,Peppy Paneer,Non-Veg,S,3,438,51,UPI,3,1314
3244,5/15/2024,3:00:00,Hyderabad,Peppy Paneer,Non-Veg,M,3,202,33,UPI,1,606
3245,5/15/2024,4:00:00,Mumbai,Peppy Paneer,Veg,M,3,293,34,UPI,1,879
3246,5/15/2024,5:00:00,Bangalore,Veg Extravaganza,Veg,M,4,258,31,UPI,5,1032
3247,5/15/2024,6:00:00,Delhi,Farmhouse,Non-Veg,L,3,427,56,Card,5,1281
3248,5/15/2024,7:00:00,Hyderabad,Veg Extravaganza,Non-Veg,M,1,217,30,UPI,4,217
3249,5/15/2024,8:00:00,Hyderabad,Chicken Dominator,Veg,S,3,438,24,Cash,4,1314
3250,5/15/2024,9:00:00,Mumbai,Veg Extravaganza,Veg,M,3,559,30,Wallet,5,1677
3251,5/15/2024,10:00:00,Pune,Chicken Dominator,Veg,S,3,273,53,Cash,5,819
3252,5/15/2024,11:00:00,Delhi,Margherita,Non-Veg,M,2,575,38,Card,1,1150
3253,5/15/2024,12:00:00,Chennai,Margherita,Veg,S,2,531,45,Card,1,1062
3254,5/15/2024,13:00:00,Bangalore,Chicken Dominator,Non-Veg,S,3,368,45,UPI,1,1104
3255,5/15/2024,14:00:00,Hyderabad,Chicken Dominator,Non-Veg,M,2,463,36,UPI,5,926
3256,5/15/2024,15:00:00,Hyderabad,Veg Extravaganza,Non-Veg,S,2,359,50,Cash,4,718
3257,5/15/2024,16:00:00,Chennai,Chicken Dominator,Veg,M,4,536,38,UPI,2,2144
3258,5/15/2024,17:00:00,Delhi,Farmhouse,Veg,S,1,368,39,Wallet,2,368
3259,5/15/2024,18:00:00,Pune,Margherita,Veg,L,2,405,42,UPI,4,810
3260,5/15/2024,19:00:00,Hyderabad,Margherita,Veg,S,1,556,44,UPI,4,556
3261,5/15/2024,20:00:00,Delhi,Pepper Barbecue,Non-Veg,L,2,208,47,UPI,4,416
3262,5/15/2024,21:00:00,Chennai,Chicken Dominator,Veg,M,3,545,56,Cash,1,1635
3263,5/15/2024,22:00:00,Mumbai,Peppy Paneer,Veg,L,2,503,31,Card,3,1006
3264,5/15/2024,23:00:00,Pune,Peppy Paneer,Veg,S,2,314,20,UPI,5,628
3265,5/16/2024,0:00:00,Bangalore,Chicken Dominator,Non-Veg,M,1,351,21,Card,1,351
3266,5/16/2024,1:00:00,Hyderabad,Farmhouse,Veg,M,3,286,29,Wallet,2,858
3267,5/16/2024,2:00:00,Delhi,Peppy Paneer,Non-Veg,M,4,294,53,Card,5,1176
3268,5/16/2024,3:00:00,Mumbai,Pepper Barbecue,Veg,M,1,430,51,UPI,4,430
3269,5/16/2024,4:00:00,Bangalore,Chicken Dominator,Veg,M,3,385,44,UPI,2,1155
3270,5/16/2024,5:00:00,Delhi,Farmhouse,Veg,M,3,313,29,Cash,4,939
3271,5/16/2024,6:00:00,Delhi,Farmhouse,Veg,S,1,473,20,Card,4,473
3272,5/16/2024,7:00:00,Bangalore,Veg Extravaganza,Non-Veg,S,2,228,51,Wallet,4,456
3273,5/16/2024,8:00:00,Mumbai,Farmhouse,Veg,M,3,402,56,Card,5,1206
3274,5/16/2024,9:00:00,Chennai,Peppy Paneer,Veg,S,4,201,31,UPI,2,804
3275,5/16/2024,10:00:00,Mumbai,Peppy Paneer,Non-Veg,S,2,277,37,UPI,2,554
3276,5/16/2024,11:00:00,Pune,Chicken Dominator,Non-Veg,S,1,523,49,Card,4,523
3277,5/16/2024,12:00:00,Hyderabad,Chicken Dominator,Non-Veg,S,1,430,32,UPI,1,430
3278,5/16/2024,13:00:00,Bangalore,Farmhouse,Veg,M,1,297,22,Wallet,3,297
3279,5/16/2024,14:00:00,Chennai,Pepper Barbecue,Veg,M,1,316,40,UPI,1,316
3280,5/16/2024,15:00:00,Bangalore,Margherita,Non-Veg,L,4,309,33,Card,5,1236
3281,5/16/2024,16:00:00,Bangalore,Veg Extravaganza,Non-Veg,M,4,366,59,UPI,3,1464
3282,5/16/2024,17:00:00,Mumbai,Margherita,Non-Veg,L,3,496,29,UPI,1,1488
3283,5/16/2024,18:00:00,Hyderabad,Farmhouse,Veg,M,4,570,21,Card,2,2280
3284,5/16/2024,19:00:00,Pune,Farmhouse,Non-Veg,L,1,536,56,Card,1,536
3285,5/16/2024,20:00:00,Delhi,Margherita,Non-Veg,L,4,577,30,UPI,4,2308
3286,5/16/2024,21:00:00,Delhi,Veg Extravaganza,Veg,M,2,286,20,UPI,5,572
3287,5/16/2024,22:00:00,Bangalore,Margherita,Non-Veg,M,2,221,45,Card,1,442
3288,5/16/2024,23:00:00,Hyderabad,Chicken Dominator,Non-Veg,S,3,409,32,Cash,1,1227
3289,5/17/2024,0:00:00,Chennai,Peppy Paneer,Veg,S,1,504,47,UPI,3,504
3290,5/17/2024,1:00:00,Mumbai,Pepper Barbecue,Veg,L,4,471,55,Card,4,1884
3291,5/17/2024,2:00:00,Hyderabad,Chicken Dominator,Non-Veg,L,3,523,40,UPI,3,1569
3292,5/17/2024,3:00:00,Hyderabad,Peppy Paneer,Veg,L,3,477,29,Card,5,1431
3293,5/17/2024,4:00:00,Mumbai,Pepper Barbecue,Veg,L,4,338,31,Card,5,1352
3294,5/17/2024,5:00:00,Bangalore,Pepper Barbecue,Veg,L,3,540,46,UPI,4,1620
3295,5/17/2024,6:00:00,Hyderabad,Pepper Barbecue,Veg,M,1,576,22,Card,3,576
3296,5/17/2024,7:00:00,Delhi,Farmhouse,Non-Veg,M,4,431,47,UPI,4,1724
3297,5/17/2024,8:00:00,Mumbai,Pepper Barbecue,Veg,M,2,432,21,UPI,3,864
3298,5/17/2024,9:00:00,Chennai,Veg Extravaganza,Veg,M,2,279,47,Card,2,558
3299,5/17/2024,10:00:00,Pune,Margherita,Non-Veg,S,4,254,50,Card,4,1016
3300,5/17/2024,11:00:00,Bangalore,Veg Extravaganza,Veg,M,3,490,40,Cash,5,1470
3301,5/17/2024,12:00:00,Mumbai,Margherita,Veg,M,3,233,26,UPI,3,699
3302,5/17/2024,13:00:00,Pune,Chicken Dominator,Non-Veg,M,2,528,50,Cash,2,1056
3303,5/17/2024,14:00:00,Pune,Chicken Dominator,Veg,L,2,532,33,UPI,5,1064
3304,5/17/2024,15:00:00,Chennai,Margherita,Veg,M,1,587,58,UPI,3,587
3305,5/17/2024,16:00:00,Hyderabad,Veg Extravaganza,Non-Veg,S,3,451,58,Card,2,1353
3306,5/17/2024,17:00:00,Chennai,Margherita,Non-Veg,L,1,324,28,Card,5,324
3307,5/17/2024,18:00:00,Hyderabad,Pepper Barbecue,Non-Veg,M,2,210,42,Wallet,5,420
3308,5/17/2024,19:00:00,Hyderabad,Farmhouse,Non-Veg,S,2,516,31,Card,2,1032
3309,5/17/2024,20:00:00,Mumbai,Chicken Dominator,Non-Veg,M,2,321,48,UPI,5,642
3310,5/17/2024,21:00:00,Mumbai,Farmhouse,Non-Veg,M,2,234,57,Wallet,3,468
3311,5/17/2024,22:00:00,Bangalore,Pepper Barbecue,Non-Veg,L,1,268,58,UPI,3,268
3312,5/17/2024,23:00:00,Hyderabad,Pepper Barbecue,Veg,M,2,512,41,UPI,5,1024
3313,5/18/2024,0:00:00,Pune,Chicken Dominator,Veg,S,4,338,23,Card,1,1352
3314,5/18/2024,1:00:00,Delhi,Chicken Dominator,Non-Veg,M,3,211,26,Wallet,2,633
3315,5/18/2024,2:00:00,Bangalore,Pepper Barbecue,Veg,L,2,324,59,Card,1,648
3316,5/18/2024,3:00:00,Mumbai,Peppy Paneer,Veg,M,3,498,27,Card,3,1494
3317,5/18/2024,4:00:00,Chennai,Farmhouse,Veg,L,2,346,54,Card,5,692
3318,5/18/2024,5:00:00,Bangalore,Farmhouse,Veg,S,1,276,28,Card,4,276
3319,5/18/2024,6:00:00,Bangalore,Peppy Paneer,Veg,L,3,267,32,Cash,4,801
3320,5/18/2024,7:00:00,Bangalore,Veg Extravaganza,Non-Veg,L,1,405,58,UPI,1,405
3321,5/18/2024,8:00:00,Bangalore,Farmhouse,Non-Veg,L,2,435,39,UPI,1,870
3322,5/18/2024,9:00:00,Delhi,Margherita,Non-Veg,M,4,258,40,UPI,1,1032
3323,5/18/2024,10:00:00,Chennai,Pepper Barbecue,Non-Veg,L,4,457,38,Cash,3,1828
3324,5/18/2024,11:00:00,Chennai,Pepper Barbecue,Veg,M,4,453,21,Card,3,1812
3325,5/18/2024,12:00:00,Chennai,Peppy Paneer,Veg,L,4,591,59,Card,5,2364
3326,5/18/2024,13:00:00,Hyderabad,Farmhouse,Veg,M,4,442,49,UPI,3,1768
3327,5/18/2024,14:00:00,Pune,Veg Extravaganza,Non-Veg,S,1,476,42,UPI,5,476
3328,5/18/2024,15:00:00,Chennai,Farmhouse,Veg,M,4,419,59,Cash,5,1676
3329,5/18/2024,16:00:00,Bangalore,Pepper Barbecue,Veg,M,2,424,32,UPI,1,848
3330,5/18/2024,17:00:00,Bangalore,Chicken Dominator,Non-Veg,M,1,300,52,Card,4,300
3331,5/18/2024,18:00:00,Chennai,Margherita,Veg,M,1,541,51,UPI,1,541
3332,5/18/2024,19:00:00,Chennai,Peppy Paneer,Non-Veg,M,4,321,47,Card,3,1284
3333,5/18/2024,20:00:00,Bangalore,Chicken Dominator,Non-Veg,L,3,417,43,Card,2,1251
3334,5/18/2024,21:00:00,Hyderabad,Veg Extravaganza,Veg,S,2,274,47,Cash,3,548
3335,5/18/2024,22:00:00,Mumbai,Chicken Dominator,Veg,M,1,530,49,UPI,4,530
3336,5/18/2024,23:00:00,Mumbai,Chicken Dominator,Non-Veg,L,2,436,48,Card,3,872
3337,5/19/2024,0:00:00,Chennai,Veg Extravaganza,Veg,M,3,538,53,Card,4,1614
3338,5/19/2024,1:00:00,Delhi,Chicken Dominator,Veg,M,1,439,41,Wallet,2,439
3339,5/19/2024,2:00:00,Chennai,Peppy Paneer,Veg,M,2,364,44,Card,2,728
3340,5/19/2024,3:00:00,Chennai,Pepper Barbecue,Non-Veg,M,4,533,33,UPI,5,2132
3341,5/19/2024,4:00:00,Mumbai,Farmhouse,Veg,S,1,356,29,Card,3,356
3342,5/19/2024,5:00:00,Bangalore,Chicken Dominator,Non-Veg,M,1,410,29,Card,5,410
3343,5/19/2024,6:00:00,Chennai,Peppy Paneer,Non-Veg,L,1,476,27,Cash,1,476
3344,5/19/2024,7:00:00,Bangalore,Farmhouse,Veg,M,1,415,33,UPI,1,415
3345,5/19/2024,8:00:00,Bangalore,Farmhouse,Non-Veg,S,4,417,57,UPI,1,1668
3346,5/19/2024,9:00:00,Delhi,Chicken Dominator,Veg,L,3,432,51,Wallet,1,1296
3347,5/19/2024,10:00:00,Bangalore,Peppy Paneer,Veg,M,3,575,51,Wallet,1,1725
3348,5/19/2024,11:00:00,Mumbai,Pepper Barbecue,Non-Veg,S,2,211,22,UPI,3,422
3349,5/19/2024,12:00:00,Hyderabad,Chicken Dominator,Non-Veg,L,4,282,39,UPI,5,1128
3350,5/19/2024,13:00:00,Hyderabad,Veg Extravaganza,Veg,S,4,312,32,UPI,5,1248
3351,5/19/2024,14:00:00,Pune,Farmhouse,Non-Veg,L,2,470,42,UPI,4,940
3352,5/19/2024,15:00:00,Chennai,Chicken Dominator,Non-Veg,M,4,394,38,UPI,1,1576
3353,5/19/2024,16:00:00,Mumbai,Farmhouse,Non-Veg,L,4,568,35,UPI,2,2272
3354,5/19/2024,17:00:00,Bangalore,Peppy Paneer,Veg,M,1,340,55,Cash,4,340
3355,5/19/2024,18:00:00,Hyderabad,Margherita,Non-Veg,S,1,323,54,UPI,4,323
3356,5/19/2024,19:00:00,Mumbai,Chicken Dominator,Veg,M,1,340,26,Card,3,340
3357,5/19/2024,20:00:00,Hyderabad,Pepper Barbecue,Veg,L,4,407,56,Card,4,1628
3358,5/19/2024,21:00:00,Bangalore,Chicken Dominator,Non-Veg,L,4,314,27,Card,2,1256
3359,5/19/2024,22:00:00,Hyderabad,Farmhouse,Non-Veg,M,3,405,44,Card,5,1215
3360,5/19/2024,23:00:00,Chennai,Peppy Paneer,Veg,L,1,487,42,Card,4,487
3361,5/20/2024,0:00:00,Chennai,Veg Extravaganza,Veg,S,2,554,29,Cash,3,1108
3362,5/20/2024,1:00:00,Pune,Pepper Barbecue,Veg,S,4,542,49,Cash,1,2168
3363,5/20/2024,2:00:00,Pune,Peppy Paneer,Non-Veg,S,1,348,52,UPI,2,348
3364,5/20/2024,3:00:00,Hyderabad,Chicken Dominator,Veg,L,3,409,30,UPI,1,1227
3365,5/20/2024,4:00:00,Mumbai,Veg Extravaganza,Veg,L,1,311,54,Cash,4,311
3366,5/20/2024,5:00:00,Chennai,Peppy Paneer,Veg,M,3,341,46,Card,5,1023
3367,5/20/2024,6:00:00,Mumbai,Margherita,Non-Veg,L,3,223,22,Wallet,3,669
3368,5/20/2024,7:00:00,Mumbai,Pepper Barbecue,Non-Veg,M,4,248,27,UPI,2,992
3369,5/20/2024,8:00:00,Hyderabad,Farmhouse,Non-Veg,M,3,487,32,UPI,5,1461
3370,5/20/2024,9:00:00,Mumbai,Peppy Paneer,Non-Veg,S,3,530,22,Card,2,1590
3371,5/20/2024,10:00:00,Chennai,Peppy Paneer,Veg,L,2,564,39,UPI,3,1128
3372,5/20/2024,11:00:00,Bangalore,Margherita,Veg,S,3,210,54,Card,3,630
3373,5/20/2024,12:00:00,Pune,Chicken Dominator,Veg,M,2,387,32,Cash,4,774
3374,5/20/2024,13:00:00,Bangalore,Pepper Barbecue,Non-Veg,M,2,267,39,Card,2,534
3375,5/20/2024,14:00:00,Mumbai,Pepper Barbecue,Veg,S,1,289,43,UPI,4,289
3376,5/20/2024,15:00:00,Bangalore,Farmhouse,Veg,M,1,309,28,Card,2,309
3377,5/20/2024,16:00:00,Chennai,Peppy Paneer,Veg,S,4,588,49,Card,2,2352
3378,5/20/2024,17:00:00,Chennai,Veg Extravaganza,Veg,L,4,363,44,Card,1,1452
3379,5/20/2024,18:00:00,Mumbai,Peppy Paneer,Veg,M,4,405,35,Card,4,1620
3380,5/20/2024,19:00:00,Hyderabad,Farmhouse,Non-Veg,M,3,231,27,Card,2,693
3381,5/20/2024,20:00:00,Bangalore,Peppy Paneer,Non-Veg,L,1,526,47,Card,2,526
3382,5/20/2024,21:00:00,Hyderabad,Margherita,Non-Veg,M,3,273,31,Card,3,819
3383,5/20/2024,22:00:00,Hyderabad,Peppy Paneer,Non-Veg,L,1,450,43,Card,1,450
3384,5/20/2024,23:00:00,Delhi,Peppy Paneer,Veg,S,3,593,48,UPI,3,1779
3385,5/21/2024,0:00:00,Mumbai,Veg Extravaganza,Veg,S,4,554,34,Card,4,2216
3386,5/21/2024,1:00:00,Pune,Margherita,Non-Veg,S,1,220,37,Card,4,220
3387,5/21/2024,2:00:00,Chennai,Margherita,Non-Veg,L,1,495,26,UPI,2,495
3388,5/21/2024,3:00:00,Chennai,Peppy Paneer,Veg,L,2,497,32,Cash,5,994
3389,5/21/2024,4:00:00,Mumbai,Pepper Barbecue,Non-Veg,M,1,527,38,UPI,3,527
3390,5/21/2024,5:00:00,Pune,Veg Extravaganza,Veg,M,1,501,24,UPI,4,501
3391,5/21/2024,6:00:00,Chennai,Peppy Paneer,Veg,S,3,537,45,Card,2,1611
3392,5/21/2024,7:00:00,Mumbai,Peppy Paneer,Non-Veg,S,4,272,21,UPI,2,1088
3393,5/21/2024,8:00:00,Chennai,Farmhouse,Veg,M,2,573,52,Card,3,1146
3394,5/21/2024,9:00:00,Hyderabad,Farmhouse,Veg,S,3,240,56,Card,2,720
3395,5/21/2024,10:00:00,Bangalore,Pepper Barbecue,Veg,M,1,293,44,UPI,1,293
3396,5/21/2024,11:00:00,Bangalore,Veg Extravaganza,Veg,M,3,331,44,Wallet,5,993
3397,5/21/2024,12:00:00,Chennai,Chicken Dominator,Non-Veg,L,4,298,58,UPI,3,1192
3398,5/21/2024,13:00:00,Delhi,Farmhouse,Non-Veg,M,2,597,49,Card,3,1194
3399,5/21/2024,14:00:00,Pune,Chicken Dominator,Non-Veg,M,3,597,23,Cash,3,1791
3400,5/21/2024,15:00:00,Pune,Margherita,Non-Veg,M,1,252,38,Card,2,252
3401,5/21/2024,16:00:00,Pune,Farmhouse,Veg,S,3,428,46,Wallet,2,1284
3402,5/21/2024,17:00:00,Hyderabad,Farmhouse,Veg,L,1,327,58,Cash,3,327
3403,5/21/2024,18:00:00,Pune,Veg Extravaganza,Veg,S,2,411,43,Wallet,3,822
3404,5/21/2024,19:00:00,Bangalore,Pepper Barbecue,Veg,S,2,484,56,UPI,1,968
3405,5/21/2024,20:00:00,Hyderabad,Chicken Dominator,Veg,M,3,478,44,Card,4,1434
3406,5/21/2024,21:00:00,Mumbai,Farmhouse,Non-Veg,L,2,540,48,Cash,1,1080
3407,5/21/2024,22:00:00,Pune,Farmhouse,Non-Veg,S,4,358,50,Wallet,3,1432
3408,5/21/2024,23:00:00,Pune,Veg Extravaganza,Veg,S,3,551,54,Wallet,2,1653
3409,5/22/2024,0:00:00,Mumbai,Veg Extravaganza,Non-Veg,S,1,432,47,Cash,2,432
3410,5/22/2024,1:00:00,Pune,Pepper Barbecue,Veg,M,3,270,57,Card,3,810
3411,5/22/2024,2:00:00,Mumbai,Chicken Dominator,Non-Veg,M,1,404,23,UPI,4,404
3412,5/22/2024,3:00:00,Hyderabad,Margherita,Non-Veg,S,2,388,47,UPI,5,776
3413,5/22/2024,4:00:00,Bangalore,Pepper Barbecue,Veg,L,1,350,50,UPI,5,350
3414,5/22/2024,5:00:00,Mumbai,Margherita,Veg,L,1,207,42,UPI,1,207
3415,5/22/2024,6:00:00,Delhi,Peppy Paneer,Non-Veg,M,1,531,33,UPI,4,531
3416,5/22/2024,7:00:00,Mumbai,Farmhouse,Non-Veg,M,1,299,47,UPI,5,299
3417,5/22/2024,8:00:00,Pune,Chicken Dominator,Non-Veg,M,4,215,33,UPI,4,860
3418,5/22/2024,9:00:00,Hyderabad,Pepper Barbecue,Non-Veg,M,1,353,20,Wallet,2,353
3419,5/22/2024,10:00:00,Chennai,Farmhouse,Non-Veg,M,3,356,51,UPI,2,1068
3420,5/22/2024,11:00:00,Hyderabad,Chicken Dominator,Veg,S,4,292,37,UPI,4,1168
3421,5/22/2024,12:00:00,Chennai,Chicken Dominator,Veg,M,1,461,24,Card,3,461
3422,5/22/2024,13:00:00,Mumbai,Chicken Dominator,Veg,M,1,236,34,Cash,5,236
3423,5/22/2024,14:00:00,Bangalore,Farmhouse,Veg,S,1,360,35,UPI,5,360
3424,5/22/2024,15:00:00,Delhi,Pepper Barbecue,Veg,S,4,550,55,UPI,2,2200
3425,5/22/2024,16:00:00,Hyderabad,Veg Extravaganza,Non-Veg,S,1,373,55,UPI,1,373
3426,5/22/2024,17:00:00,Pune,Farmhouse,Veg,L,1,516,59,UPI,5,516
3427,5/22/2024,18:00:00,Chennai,Chicken Dominator,Veg,S,1,217,49,UPI,2,217
3428,5/22/2024,19:00:00,Pune,Pepper Barbecue,Non-Veg,L,2,566,57,Card,2,1132
3429,5/22/2024,20:00:00,Bangalore,Peppy Paneer,Veg,M,3,550,42,Cash,4,1650
3430,5/22/2024,21:00:00,Chennai,Margherita,Veg,L,1,215,30,Card,4,215
3431,5/22/2024,22:00:00,Hyderabad,Chicken Dominator,Non-Veg,M,3,559,44,UPI,4,1677
3432,5/22/2024,23:00:00,Mumbai,Peppy Paneer,Non-Veg,L,2,469,21,UPI,1,938
3433,5/23/2024,0:00:00,Pune,Veg Extravaganza,Veg,S,2,558,54,UPI,5,1116
3434,5/23/2024,1:00:00,Bangalore,Chicken Dominator,Veg,M,1,267,43,UPI,1,267
3435,5/23/2024,2:00:00,Hyderabad,Peppy Paneer,Non-Veg,S,3,229,32,Card,1,687
3436,5/23/2024,3:00:00,Hyderabad,Chicken Dominator,Veg,M,4,515,56,Wallet,4,2060
3437,5/23/2024,4:00:00,Hyderabad,Farmhouse,Veg,M,1,508,49,UPI,2,508
3438,5/23/2024,5:00:00,Hyderabad,Pepper Barbecue,Non-Veg,M,4,424,30,Wallet,3,1696
3439,5/23/2024,6:00:00,Chennai,Peppy Paneer,Veg,M,2,363,42,Wallet,2,726
3440,5/23/2024,7:00:00,Hyderabad,Pepper Barbecue,Veg,S,2,519,47,UPI,2,1038
3441,5/23/2024,8:00:00,Pune,Farmhouse,Veg,M,3,213,48,UPI,2,639
3442,5/23/2024,9:00:00,Bangalore,Farmhouse,Non-Veg,M,4,478,34,UPI,2,1912
3443,5/23/2024,10:00:00,Chennai,Pepper Barbecue,Non-Veg,S,4,355,22,Card,1,1420
3444,5/23/2024,11:00:00,Hyderabad,Peppy Paneer,Veg,L,1,321,28,UPI,4,321
3445,5/23/2024,12:00:00,Delhi,Pepper Barbecue,Veg,L,3,462,27,UPI,4,1386
3446,5/23/2024,13:00:00,Delhi,Pepper Barbecue,Veg,L,3,369,52,Wallet,2,1107
3447,5/23/2024,14:00:00,Bangalore,Margherita,Veg,L,4,209,53,UPI,3,836
3448,5/23/2024,15:00:00,Mumbai,Peppy Paneer,Veg,S,2,371,28,UPI,5,742
3449,5/23/2024,16:00:00,Mumbai,Margherita,Non-Veg,L,3,557,36,Cash,2,1671
3450,5/23/2024,17:00:00,Chennai,Chicken Dominator,Veg,M,2,212,20,Cash,2,424
3451,5/23/2024,18:00:00,Chennai,Pepper Barbecue,Veg,S,1,412,59,UPI,3,412
3452,5/23/2024,19:00:00,Chennai,Chicken Dominator,Veg,L,3,360,24,UPI,1,1080
3453,5/23/2024,20:00:00,Mumbai,Peppy Paneer,Veg,S,3,431,49,Card,2,1293
3454,5/23/2024,21:00:00,Delhi,Pepper Barbecue,Veg,M,1,359,30,Cash,3,359
3455,5/23/2024,22:00:00,Mumbai,Chicken Dominator,Veg,S,3,326,47,Wallet,1,978
3456,5/23/2024,23:00:00,Pune,Veg Extravaganza,Non-Veg,M,4,247,57,UPI,1,988
3457,5/24/2024,0:00:00,Hyderabad,Farmhouse,Non-Veg,M,4,460,36,Card,2,1840
3458,5/24/2024,1:00:00,Chennai,Pepper Barbecue,Veg,M,1,260,42,UPI,1,260
3459,5/24/2024,2:00:00,Delhi,Farmhouse,Veg,S,2,321,37,Wallet,2,642
3460,5/24/2024,3:00:00,Bangalore,Margherita,Veg,M,2,289,56,UPI,2,578
3461,5/24/2024,4:00:00,Bangalore,Chicken Dominator,Veg,M,3,558,46,UPI,4,1674
3462,5/24/2024,5:00:00,Hyderabad,Margherita,Non-Veg,S,2,454,44,UPI,5,908
3463,5/24/2024,6:00:00,Delhi,Pepper Barbecue,Veg,L,2,289,24,UPI,5,578
3464,5/24/2024,7:00:00,Mumbai,Farmhouse,Non-Veg,M,1,202,38,UPI,4,202
3465,5/24/2024,8:00:00,Mumbai,Farmhouse,Non-Veg,L,2,479,46,UPI,2,958
3466,5/24/2024,9:00:00,Pune,Chicken Dominator,Non-Veg,S,2,316,32,UPI,3,632
3467,5/24/2024,10:00:00,Pune,Pepper Barbecue,Non-Veg,M,2,297,26,UPI,1,594
3468,5/24/2024,11:00:00,Mumbai,Veg Extravaganza,Veg,S,4,361,45,Cash,4,1444
3469,5/24/2024,12:00:00,Bangalore,Veg Extravaganza,Non-Veg,M,4,539,33,UPI,4,2156
3470,5/24/2024,13:00:00,Chennai,Chicken Dominator,Non-Veg,S,1,574,46,Cash,4,574
3471,5/24/2024,14:00:00,Bangalore,Pepper Barbecue,Non-Veg,M,3,497,27,Card,4,1491
3472,5/24/2024,15:00:00,Pune,Chicken Dominator,Veg,M,1,496,50,UPI,5,496
3473,5/24/2024,16:00:00,Hyderabad,Pepper Barbecue,Non-Veg,S,3,281,54,UPI,2,843
3474,5/24/2024,17:00:00,Mumbai,Margherita,Veg,M,3,557,46,Cash,4,1671
3475,5/24/2024,18:00:00,Pune,Chicken Dominator,Non-Veg,L,2,347,23,UPI,4,694
3476,5/24/2024,19:00:00,Pune,Pepper Barbecue,Veg,S,2,205,23,UPI,4,410
3477,5/24/2024,20:00:00,Chennai,Veg Extravaganza,Non-Veg,L,1,577,37,UPI,3,577
3478,5/24/2024,21:00:00,Mumbai,Pepper Barbecue,Veg,L,1,384,42,UPI,3,384
3479,5/24/2024,22:00:00,Chennai,Pepper Barbecue,Veg,M,1,451,51,UPI,1,451
3480,5/24/2024,23:00:00,Mumbai,Chicken Dominator,Veg,L,4,224,31,Wallet,2,896
3481,5/25/2024,0:00:00,Chennai,Margherita,Veg,L,4,240,39,Cash,4,960
3482,5/25/2024,1:00:00,Bangalore,Margherita,Veg,M,4,368,31,Cash,1,1472
3483,5/25/2024,2:00:00,Hyderabad,Margherita,Veg,M,4,202,27,UPI,1,808
3484,5/25/2024,3:00:00,Hyderabad,Margherita,Non-Veg,M,4,563,41,Wallet,2,2252
3485,5/25/2024,4:00:00,Mumbai,Peppy Paneer,Non-Veg,M,2,370,46,Card,3,740
3486,5/25/2024,5:00:00,Delhi,Chicken Dominator,Non-Veg,M,3,256,36,Cash,2,768
3487,5/25/2024,6:00:00,Pune,Farmhouse,Veg,L,4,282,51,Card,1,1128
3488,5/25/2024,7:00:00,Pune,Chicken Dominator,Veg,L,1,529,52,UPI,2,529
3489,5/25/2024,8:00:00,Mumbai,Peppy Paneer,Veg,S,3,378,50,Cash,3,1134
3490,5/25/2024,9:00:00,Chennai,Margherita,Non-Veg,S,4,332,25,Card,1,1328
3491,5/25/2024,10:00:00,Delhi,Peppy Paneer,Non-Veg,L,4,285,58,Wallet,2,1140
3492,5/25/2024,11:00:00,Bangalore,Veg Extravaganza,Veg,S,2,552,28,UPI,4,1104
3493,5/25/2024,12:00:00,Chennai,Veg Extravaganza,Veg,M,2,470,51,Wallet,4,940
3494,5/25/2024,13:00:00,Chennai,Chicken Dominator,Non-Veg,S,2,543,55,UPI,2,1086
3495,5/25/2024,14:00:00,Mumbai,Chicken Dominator,Non-Veg,S,4,293,35,UPI,2,1172
3496,5/25/2024,15:00:00,Mumbai,Farmhouse,Non-Veg,S,2,581,31,Card,3,1162
3497,5/25/2024,16:00:00,Pune,Farmhouse,Non-Veg,M,4,555,22,Card,1,2220
3498,5/25/2024,17:00:00,Mumbai,Veg Extravaganza,Veg,S,3,449,46,Card,2,1347
3499,5/25/2024,18:00:00,Mumbai,Margherita,Veg,M,3,494,46,Card,1,1482
3500,5/25/2024,19:00:00,Mumbai,Peppy Paneer,Veg,M,4,397,28,UPI,4,1588
3501,5/25/2024,20:00:00,Pune,Farmhouse,Veg,M,1,278,36,Card,1,278
3502,5/25/2024,21:00:00,Bangalore,Pepper Barbecue,Veg,L,4,365,24,UPI,5,1460
3503,5/25/2024,22:00:00,Bangalore,Farmhouse,Veg,M,3,238,45,Card,3,714
3504,5/25/2024,23:00:00,Mumbai,Margherita,Veg,M,3,507,40,UPI,3,1521
3505,5/26/2024,0:00:00,Pune,Margherita,Veg,M,4,413,20,UPI,1,1652
3506,5/26/2024,1:00:00,Bangalore,Chicken Dominator,Veg,M,4,330,20,Wallet,3,1320
3507,5/26/2024,2:00:00,Chennai,Peppy Paneer,Veg,L,4,356,54,UPI,1,1424
3508,5/26/2024,3:00:00,Bangalore,Margherita,Veg,M,3,581,28,Card,1,1743
3509,5/26/2024,4:00:00,Bangalore,Farmhouse,Non-Veg,M,1,358,42,UPI,4,358
3510,5/26/2024,5:00:00,Pune,Farmhouse,Non-Veg,L,4,521,57,UPI,1,2084
3511,5/26/2024,6:00:00,Chennai,Veg Extravaganza,Veg,M,3,426,23,Card,3,1278
3512,5/26/2024,7:00:00,Pune,Margherita,Veg,S,4,244,38,UPI,5,976
3513,5/26/2024,8:00:00,Mumbai,Pepper Barbecue,Veg,M,3,400,56,Card,2,1200
3514,5/26/2024,9:00:00,Hyderabad,Chicken Dominator,Non-Veg,L,4,221,24,Cash,3,884
3515,5/26/2024,10:00:00,Bangalore,Peppy Paneer,Veg,M,3,538,47,Cash,5,1614
3516,5/26/2024,11:00:00,Hyderabad,Pepper Barbecue,Veg,L,4,441,42,Cash,3,1764
3517,5/26/2024,12:00:00,Pune,Chicken Dominator,Non-Veg,M,2,428,57,Card,5,856
3518,5/26/2024,13:00:00,Pune,Farmhouse,Veg,M,4,593,42,Card,3,2372
3519,5/26/2024,14:00:00,Pune,Pepper Barbecue,Veg,L,3,437,37,Card,2,1311
3520,5/26/2024,15:00:00,Hyderabad,Chicken Dominator,Veg,M,4,348,48,Card,4,1392
3521,5/26/2024,16:00:00,Pune,Farmhouse,Veg,L,1,472,47,Card,4,472
3522,5/26/2024,17:00:00,Mumbai,Farmhouse,Veg,L,4,266,28,UPI,2,1064
3523,5/26/2024,18:00:00,Pune,Farmhouse,Non-Veg,L,4,206,58,UPI,3,824
3524,5/26/2024,19:00:00,Delhi,Farmhouse,Veg,S,4,432,29,UPI,5,1728
3525,5/26/2024,20:00:00,Hyderabad,Farmhouse,Non-Veg,S,1,556,21,UPI,1,556
3526,5/26/2024,21:00:00,Delhi,Veg Extravaganza,Veg,L,1,491,32,UPI,3,491
3527,5/26/2024,22:00:00,Pune,Pepper Barbecue,Veg,M,1,455,57,Card,2,455
3528,5/26/2024,23:00:00,Mumbai,Chicken Dominator,Veg,M,2,266,46,UPI,4,532
3529,5/27/2024,0:00:00,Bangalore,Veg Extravaganza,Veg,S,1,449,39,Card,4,449
3530,5/27/2024,1:00:00,Chennai,Veg Extravaganza,Veg,S,2,276,59,Cash,3,552
3531,5/27/2024,2:00:00,Chennai,Margherita,Veg,M,4,286,29,UPI,5,1144
3532,5/27/2024,3:00:00,Pune,Margherita,Non-Veg,S,2,451,35,UPI,2,902
3533,5/27/2024,4:00:00,Mumbai,Margherita,Veg,S,4,421,34,UPI,2,1684
3534,5/27/2024,5:00:00,Hyderabad,Peppy Paneer,Veg,S,2,271,32,Card,5,542
3535,5/27/2024,6:00:00,Delhi,Margherita,Veg,S,1,401,57,Card,5,401
3536,5/27/2024,7:00:00,Delhi,Chicken Dominator,Veg,L,1,258,39,Card,3,258
3537,5/27/2024,8:00:00,Delhi,Veg Extravaganza,Veg,L,2,475,43,UPI,3,950
3538,5/27/2024,9:00:00,Hyderabad,Chicken Dominator,Veg,S,2,420,26,Card,4,840
3539,5/27/2024,10:00:00,Chennai,Pepper Barbecue,Veg,S,1,356,42,Cash,4,356
3540,5/27/2024,11:00:00,Mumbai,Margherita,Veg,M,4,380,43,UPI,5,1520
3541,5/27/2024,12:00:00,Hyderabad,Peppy Paneer,Non-Veg,M,4,412,48,Cash,1,1648
3542,5/27/2024,13:00:00,Delhi,Pepper Barbecue,Veg,L,4,328,24,Card,1,1312
3543,5/27/2024,14:00:00,Pune,Peppy Paneer,Veg,L,4,442,54,UPI,1,1768
3544,5/27/2024,15:00:00,Bangalore,Pepper Barbecue,Non-Veg,L,3,371,20,Card,2,1113
3545,5/27/2024,16:00:00,Hyderabad,Veg Extravaganza,Non-Veg,M,4,564,55,UPI,3,2256
3546,5/27/2024,17:00:00,Hyderabad,Chicken Dominator,Non-Veg,M,3,469,37,UPI,5,1407
3547,5/27/2024,18:00:00,Mumbai,Farmhouse,Veg,M,3,362,25,UPI,4,1086
3548,5/27/2024,19:00:00,Mumbai,Chicken Dominator,Non-Veg,S,1,223,42,UPI,1,223
3549,5/27/2024,20:00:00,Hyderabad,Margherita,Veg,S,1,392,29,UPI,4,392
3550,5/27/2024,21:00:00,Delhi,Farmhouse,Veg,S,2,565,26,Card,3,1130
3551,5/27/2024,22:00:00,Bangalore,Peppy Paneer,Non-Veg,M,4,589,27,Wallet,5,2356
3552,5/27/2024,23:00:00,Mumbai,Veg Extravaganza,Veg,S,4,493,32,Card,1,1972
3553,5/28/2024,0:00:00,Delhi,Veg Extravaganza,Non-Veg,S,1,328,49,UPI,1,328
3554,5/28/2024,1:00:00,Pune,Peppy Paneer,Non-Veg,M,1,240,37,Wallet,5,240
3555,5/28/2024,2:00:00,Mumbai,Margherita,Non-Veg,L,1,230,33,UPI,4,230
3556,5/28/2024,3:00:00,Delhi,Peppy Paneer,Non-Veg,S,2,235,30,UPI,3,470
3557,5/28/2024,4:00:00,Delhi,Pepper Barbecue,Veg,M,4,560,57,Card,3,2240
3558,5/28/2024,5:00:00,Bangalore,Margherita,Veg,S,2,452,32,Card,3,904
3559,5/28/2024,6:00:00,Bangalore,Farmhouse,Non-Veg,L,3,564,52,UPI,4,1692
3560,5/28/2024,7:00:00,Pune,Peppy Paneer,Non-Veg,S,3,414,32,Card,4,1242
3561,5/28/2024,8:00:00,Delhi,Margherita,Non-Veg,L,4,486,44,UPI,1,1944
3562,5/28/2024,9:00:00,Chennai,Farmhouse,Non-Veg,S,1,455,43,Card,4,455
3563,5/28/2024,10:00:00,Delhi,Peppy Paneer,Non-Veg,L,1,568,48,Card,2,568
3564,5/28/2024,11:00:00,Bangalore,Veg Extravaganza,Non-Veg,S,2,586,55,Cash,5,1172
3565,5/28/2024,12:00:00,Chennai,Peppy Paneer,Veg,S,3,385,25,Wallet,4,1155
3566,5/28/2024,13:00:00,Mumbai,Chicken Dominator,Veg,S,3,260,37,Card,3,780
3567,5/28/2024,14:00:00,Mumbai,Peppy Paneer,Non-Veg,S,4,461,47,UPI,4,1844
3568,5/28/2024,15:00:00,Hyderabad,Chicken Dominator,Veg,L,3,475,24,Card,1,1425
3569,5/28/2024,16:00:00,Bangalore,Farmhouse,Veg,M,1,310,37,UPI,5,310
3570,5/28/2024,17:00:00,Hyderabad,Peppy Paneer,Veg,M,1,516,56,Wallet,5,516
3571,5/28/2024,18:00:00,Chennai,Farmhouse,Non-Veg,L,1,340,26,Cash,3,340
3572,5/28/2024,19:00:00,Bangalore,Farmhouse,Non-Veg,M,4,432,28,UPI,5,1728
3573,5/28/2024,20:00:00,Pune,Margherita,Non-Veg,L,2,222,54,Cash,2,444
3574,5/28/2024,21:00:00,Delhi,Farmhouse,Veg,S,3,278,31,UPI,5,834
3575,5/28/2024,22:00:00,Pune,Farmhouse,Non-Veg,L,4,230,59,UPI,3,920
3576,5/28/2024,23:00:00,Chennai,Peppy Paneer,Non-Veg,S,2,203,58,Card,5,406
3577,5/29/2024,0:00:00,Bangalore,Peppy Paneer,Veg,M,4,317,43,UPI,4,1268
3578,5/29/2024,1:00:00,Chennai,Veg Extravaganza,Veg,M,3,265,28,Wallet,1,795
3579,5/29/2024,2:00:00,Delhi,Margherita,Veg,M,1,599,31,UPI,4,599
3580,5/29/2024,3:00:00,Mumbai,Farmhouse,Veg,M,2,570,55,Cash,2,1140
3581,5/29/2024,4:00:00,Mumbai,Margherita,Non-Veg,M,2,486,56,Card,2,972
3582,5/29/2024,5:00:00,Chennai,Chicken Dominator,Veg,L,4,375,28,Cash,1,1500
3583,5/29/2024,6:00:00,Hyderabad,Farmhouse,Non-Veg,L,4,322,58,UPI,1,1288
3584,5/29/2024,7:00:00,Bangalore,Margherita,Veg,L,1,430,41,Card,1,430
3585,5/29/2024,8:00:00,Bangalore,Veg Extravaganza,Veg,L,4,242,36,Cash,1,968
3586,5/29/2024,9:00:00,Mumbai,Veg Extravaganza,Veg,L,3,203,52,Card,5,609
3587,5/29/2024,10:00:00,Pune,Farmhouse,Veg,L,3,389,43,UPI,4,1167
3588,5/29/2024,11:00:00,Delhi,Chicken Dominator,Veg,L,3,503,34,Card,2,1509
3589,5/29/2024,12:00:00,Pune,Veg Extravaganza,Veg,M,3,449,48,Wallet,5,1347
3590,5/29/2024,13:00:00,Pune,Veg Extravaganza,Veg,L,1,343,51,Card,1,343
3591,5/29/2024,14:00:00,Chennai,Chicken Dominator,Veg,L,1,544,52,Card,3,544
3592,5/29/2024,15:00:00,Mumbai,Margherita,Non-Veg,L,1,581,48,Cash,3,581
3593,5/29/2024,16:00:00,Mumbai,Veg Extravaganza,Veg,M,4,532,34,UPI,4,2128
3594,5/29/2024,17:00:00,Mumbai,Peppy Paneer,Veg,S,1,357,46,Wallet,2,357
3595,5/29/2024,18:00:00,Chennai,Pepper Barbecue,Non-Veg,L,2,264,53,Card,2,528
3596,5/29/2024,19:00:00,Hyderabad,Pepper Barbecue,Veg,L,2,524,23,UPI,4,1048
3597,5/29/2024,20:00:00,Pune,Veg Extravaganza,Non-Veg,M,2,469,37,UPI,1,938
3598,5/29/2024,21:00:00,Chennai,Margherita,Non-Veg,S,4,274,40,UPI,1,1096
3599,5/29/2024,22:00:00,Bangalore,Margherita,Veg,M,4,228,27,Card,2,912
3600,5/29/2024,23:00:00,Delhi,Farmhouse,Non-Veg,M,1,534,25,Card,2,534
3601,5/30/2024,0:00:00,Hyderabad,Peppy Paneer,Non-Veg,M,3,437,39,Cash,2,1311
3602,5/30/2024,1:00:00,Bangalore,Margherita,Non-Veg,M,2,352,21,Wallet,1,704
3603,5/30/2024,2:00:00,Pune,Chicken Dominator,Non-Veg,L,4,293,41,UPI,3,1172
3604,5/30/2024,3:00:00,Mumbai,Peppy Paneer,Veg,M,2,436,40,Card,4,872
3605,5/30/2024,4:00:00,Pune,Pepper Barbecue,Non-Veg,M,1,521,25,Card,4,521
3606,5/30/2024,5:00:00,Chennai,Peppy Paneer,Veg,L,4,314,51,UPI,5,1256
3607,5/30/2024,6:00:00,Delhi,Chicken Dominator,Veg,M,3,495,25,Card,5,1485
3608,5/30/2024,7:00:00,Chennai,Veg Extravaganza,Veg,S,3,418,32,UPI,3,1254
3609,5/30/2024,8:00:00,Hyderabad,Chicken Dominator,Veg,M,4,445,20,UPI,2,1780
3610,5/30/2024,9:00:00,Hyderabad,Chicken Dominator,Veg,M,3,598,41,UPI,3,1794
3611,5/30/2024,10:00:00,Delhi,Veg Extravaganza,Non-Veg,L,1,231,43,Cash,5,231
3612,5/30/2024,11:00:00,Bangalore,Veg Extravaganza,Non-Veg,L,3,219,49,Card,5,657
3613,5/30/2024,12:00:00,Bangalore,Veg Extravaganza,Veg,M,2,252,41,Card,4,504
3614,5/30/2024,13:00:00,Hyderabad,Veg Extravaganza,Non-Veg,S,2,405,31,Card,3,810
3615,5/30/2024,14:00:00,Hyderabad,Veg Extravaganza,Non-Veg,S,2,418,45,UPI,1,836
3616,5/30/2024,15:00:00,Mumbai,Chicken Dominator,Veg,L,4,394,23,UPI,5,1576
3617,5/30/2024,16:00:00,Bangalore,Farmhouse,Veg,L,4,504,38,UPI,4,2016
3618,5/30/2024,17:00:00,Delhi,Farmhouse,Non-Veg,M,4,394,35,UPI,2,1576
3619,5/30/2024,18:00:00,Bangalore,Margherita,Non-Veg,M,4,544,31,Wallet,3,2176
3620,5/30/2024,19:00:00,Mumbai,Farmhouse,Non-Veg,L,4,281,52,Card,5,1124
3621,5/30/2024,20:00:00,Chennai,Pepper Barbecue,Non-Veg,L,1,200,40,UPI,1,200
3622,5/30/2024,21:00:00,Hyderabad,Farmhouse,Veg,S,4,366,55,UPI,5,1464
3623,5/30/2024,22:00:00,Hyderabad,Chicken Dominator,Veg,L,3,516,28,Card,1,1548
3624,5/30/2024,23:00:00,Mumbai,Veg Extravaganza,Veg,M,1,382,58,Card,3,382
3625,5/31/2024,0:00:00,Delhi,Veg Extravaganza,Veg,S,4,585,27,Card,1,2340
3626,5/31/2024,1:00:00,Hyderabad,Chicken Dominator,Non-Veg,M,3,549,39,UPI,1,1647
3627,5/31/2024,2:00:00,Pune,Pepper Barbecue,Non-Veg,S,1,472,29,Card,4,472
3628,5/31/2024,3:00:00,Hyderabad,Farmhouse,Veg,S,2,356,51,UPI,3,712
3629,5/31/2024,4:00:00,Pune,Chicken Dominator,Non-Veg,M,1,572,47,Cash,5,572
3630,5/31/2024,5:00:00,Mumbai,Margherita,Veg,M,4,561,29,UPI,2,2244
3631,5/31/2024,6:00:00,Mumbai,Veg Extravaganza,Non-Veg,M,1,587,27,UPI,3,587
3632,5/31/2024,7:00:00,Hyderabad,Peppy Paneer,Non-Veg,M,1,400,52,Card,3,400
3633,5/31/2024,8:00:00,Bangalore,Margherita,Non-Veg,S,2,391,32,UPI,2,782
3634,5/31/2024,9:00:00,Pune,Pepper Barbecue,Non-Veg,L,1,540,54,Card,5,540
3635,5/31/2024,10:00:00,Delhi,Margherita,Veg,M,1,498,48,UPI,4,498
3636,5/31/2024,11:00:00,Hyderabad,Chicken Dominator,Non-Veg,M,2,275,24,UPI,5,550
3637,5/31/2024,12:00:00,Delhi,Farmhouse,Non-Veg,L,4,339,22,Cash,2,1356
3638,5/31/2024,13:00:00,Hyderabad,Veg Extravaganza,Veg,M,3,505,56,UPI,5,1515
3639,5/31/2024,14:00:00,Bangalore,Pepper Barbecue,Non-Veg,M,1,395,25,UPI,3,395
3640,5/31/2024,15:00:00,Bangalore,Pepper Barbecue,Non-Veg,M,2,260,35,UPI,4,520
3641,5/31/2024,16:00:00,Bangalore,Peppy Paneer,Veg,L,1,559,54,Cash,1,559
3642,5/31/2024,17:00:00,Chennai,Margherita,Veg,L,4,506,37,Card,5,2024
3643,5/31/2024,18:00:00,Bangalore,Peppy Paneer,Non-Veg,S,4,532,30,Wallet,1,2128
3644,5/31/2024,19:00:00,Mumbai,Farmhouse,Non-Veg,M,2,553,42,Cash,4,1106
3645,5/31/2024,20:00:00,Mumbai,Farmhouse,Veg,S,3,282,30,Cash,1,846
3646,5/31/2024,21:00:00,Chennai,Peppy Paneer,Veg,L,3,533,48,Card,5,1599
3647,5/31/2024,22:00:00,Pune,Veg Extravaganza,Veg,M,1,204,46,Cash,2,204
3648,5/31/2024,23:00:00,Delhi,Farmhouse,Non-Veg,L,2,418,28,UPI,3,836
3649,6/1/2024,0:00:00,Hyderabad,Peppy Paneer,Non-Veg,M,3,453,54,Cash,3,1359
3650,6/1/2024,1:00:00,Hyderabad,Margherita,Veg,M,4,593,28,Cash,1,2372
3651,6/1/2024,2:00:00,Chennai,Peppy Paneer,Veg,L,3,287,37,Card,3,861
3652,6/1/2024,3:00:00,Mumbai,Peppy Paneer,Veg,L,2,408,40,UPI,3,816
3653,6/1/2024,4:00:00,Hyderabad,Chicken Dominator,Non-Veg,S,4,379,55,Card,2,1516
3654,6/1/2024,5:00:00,Mumbai,Farmhouse,Veg,M,1,407,20,Card,1,407
3655,6/1/2024,6:00:00,Pune,Veg Extravaganza,Veg,M,4,472,46,Card,2,1888
3656,6/1/2024,7:00:00,Delhi,Veg Extravaganza,Veg,M,3,264,59,Wallet,2,792
3657,6/1/2024,8:00:00,Pune,Chicken Dominator,Non-Veg,M,3,579,57,Card,4,1737
3658,6/1/2024,9:00:00,Chennai,Pepper Barbecue,Veg,M,3,220,48,UPI,1,660
3659,6/1/2024,10:00:00,Bangalore,Veg Extravaganza,Veg,M,1,566,59,Card,2,566
3660,6/1/2024,11:00:00,Bangalore,Peppy Paneer,Non-Veg,S,3,376,38,Card,5,1128
3661,6/1/2024,12:00:00,Bangalore,Chicken Dominator,Veg,M,2,562,43,Cash,3,1124
3662,6/1/2024,13:00:00,Pune,Margherita,Veg,S,1,221,20,Card,1,221
3663,6/1/2024,14:00:00,Hyderabad,Farmhouse,Non-Veg,S,4,524,55,UPI,4,2096
3664,6/1/2024,15:00:00,Delhi,Farmhouse,Veg,L,3,235,42,UPI,2,705
3665,6/1/2024,16:00:00,Bangalore,Farmhouse,Veg,S,2,449,32,UPI,5,898
3666,6/1/2024,17:00:00,Chennai,Peppy Paneer,Veg,M,2,348,49,UPI,3,696
3667,6/1/2024,18:00:00,Chennai,Margherita,Non-Veg,M,1,272,56,Cash,3,272
3668,6/1/2024,19:00:00,Bangalore,Chicken Dominator,Veg,M,2,290,30,UPI,5,580
3669,6/1/2024,20:00:00,Bangalore,Chicken Dominator,Non-Veg,M,1,375,26,UPI,1,375
3670,6/1/2024,21:00:00,Delhi,Farmhouse,Veg,M,1,325,54,Cash,3,325
3671,6/1/2024,22:00:00,Bangalore,Margherita,Veg,S,1,403,30,UPI,3,403
3672,6/1/2024,23:00:00,Delhi,Margherita,Non-Veg,L,4,445,59,UPI,3,1780
3673,6/2/2024,0:00:00,Chennai,Margherita,Non-Veg,L,4,298,40,Card,2,1192
3674,6/2/2024,1:00:00,Bangalore,Veg Extravaganza,Veg,S,2,470,22,UPI,2,940
3675,6/2/2024,2:00:00,Pune,Veg Extravaganza,Non-Veg,M,4,243,49,Card,3,972
3676,6/2/2024,3:00:00,Pune,Farmhouse,Veg,M,1,421,43,Cash,4,421
3677,6/2/2024,4:00:00,Chennai,Margherita,Veg,S,1,296,57,Wallet,3,296
3678,6/2/2024,5:00:00,Delhi,Pepper Barbecue,Veg,M,4,235,22,UPI,1,940
3679,6/2/2024,6:00:00,Pune,Margherita,Non-Veg,M,2,367,56,UPI,4,734
3680,6/2/2024,7:00:00,Delhi,Chicken Dominator,Veg,S,1,229,52,Card,1,229
3681,6/2/2024,8:00:00,Pune,Chicken Dominator,Veg,L,4,481,41,UPI,5,1924
3682,6/2/2024,9:00:00,Pune,Farmhouse,Veg,M,3,284,50,Card,5,852
3683,6/2/2024,10:00:00,Delhi,Pepper Barbecue,Veg,M,2,556,31,UPI,2,1112
3684,6/2/2024,11:00:00,Hyderabad,Margherita,Non-Veg,L,2,320,33,Card,2,640
3685,6/2/2024,12:00:00,Pune,Pepper Barbecue,Non-Veg,S,2,486,31,Cash,2,972
3686,6/2/2024,13:00:00,Bangalore,Farmhouse,Non-Veg,M,3,447,46,Wallet,5,1341
3687,6/2/2024,14:00:00,Chennai,Chicken Dominator,Veg,M,1,383,32,Cash,1,383
3688,6/2/2024,15:00:00,Hyderabad,Chicken Dominator,Veg,M,2,452,43,UPI,4,904
3689,6/2/2024,16:00:00,Delhi,Veg Extravaganza,Non-Veg,M,4,472,57,Card,2,1888
3690,6/2/2024,17:00:00,Hyderabad,Farmhouse,Non-Veg,S,2,408,28,Card,5,816
3691,6/2/2024,18:00:00,Mumbai,Farmhouse,Veg,S,4,553,27,Wallet,2,2212
3692,6/2/2024,19:00:00,Mumbai,Margherita,Non-Veg,S,2,581,56,Wallet,3,1162
3693,6/2/2024,20:00:00,Pune,Margherita,Non-Veg,L,4,223,34,Wallet,4,892
3694,6/2/2024,21:00:00,Pune,Veg Extravaganza,Non-Veg,S,4,321,26,Cash,1,1284
3695,6/2/2024,22:00:00,Bangalore,Peppy Paneer,Veg,S,4,424,43,Card,2,1696
3696,6/2/2024,23:00:00,Chennai,Pepper Barbecue,Veg,L,3,587,35,Card,3,1761
3697,6/3/2024,0:00:00,Hyderabad,Peppy Paneer,Veg,M,3,592,43,Wallet,3,1776
3698,6/3/2024,1:00:00,Mumbai,Peppy Paneer,Veg,M,3,585,26,Card,4,1755
3699,6/3/2024,2:00:00,Pune,Farmhouse,Veg,S,1,322,47,Cash,5,322
3700,6/3/2024,3:00:00,Chennai,Pepper Barbecue,Veg,M,4,493,21,Wallet,5,1972
3701,6/3/2024,4:00:00,Hyderabad,Farmhouse,Non-Veg,S,1,372,53,Card,2,372
3702,6/3/2024,5:00:00,Pune,Pepper Barbecue,Veg,M,3,342,57,UPI,2,1026
3703,6/3/2024,6:00:00,Pune,Chicken Dominator,Veg,L,4,586,22,UPI,5,2344
3704,6/3/2024,7:00:00,Mumbai,Farmhouse,Non-Veg,M,1,368,20,UPI,1,368
3705,6/3/2024,8:00:00,Mumbai,Farmhouse,Non-Veg,S,3,256,50,Card,1,768
3706,6/3/2024,9:00:00,Pune,Farmhouse,Non-Veg,M,1,241,42,Card,3,241
3707,6/3/2024,10:00:00,Delhi,Veg Extravaganza,Veg,M,1,508,39,Card,4,508
3708,6/3/2024,11:00:00,Pune,Farmhouse,Non-Veg,M,3,318,35,Card,1,954
3709,6/3/2024,12:00:00,Chennai,Margherita,Veg,M,4,320,51,Wallet,2,1280
3710,6/3/2024,13:00:00,Pune,Margherita,Veg,M,2,511,36,UPI,1,1022
3711,6/3/2024,14:00:00,Bangalore,Pepper Barbecue,Non-Veg,M,2,450,37,Cash,4,900
3712,6/3/2024,15:00:00,Bangalore,Chicken Dominator,Veg,L,1,542,23,UPI,2,542
3713,6/3/2024,16:00:00,Bangalore,Veg Extravaganza,Veg,L,1,531,54,Card,4,531
3714,6/3/2024,17:00:00,Delhi,Pepper Barbecue,Veg,S,1,540,59,Card,5,540
3715,6/3/2024,18:00:00,Delhi,Margherita,Veg,L,4,540,55,Cash,4,2160
3716,6/3/2024,19:00:00,Pune,Veg Extravaganza,Veg,S,1,536,42,Card,4,536
3717,6/3/2024,20:00:00,Bangalore,Veg Extravaganza,Non-Veg,L,1,381,34,UPI,4,381
3718,6/3/2024,21:00:00,Delhi,Chicken Dominator,Veg,S,1,364,32,UPI,2,364
3719,6/3/2024,22:00:00,Mumbai,Veg Extravaganza,Non-Veg,M,3,463,33,UPI,4,1389
3720,6/3/2024,23:00:00,Pune,Farmhouse,Veg,L,2,409,33,UPI,4,818
3721,6/4/2024,0:00:00,Chennai,Veg Extravaganza,Veg,S,2,210,56,Card,3,420
3722,6/4/2024,1:00:00,Hyderabad,Chicken Dominator,Veg,L,3,381,24,Card,2,1143
3723,6/4/2024,2:00:00,Pune,Pepper Barbecue,Veg,M,4,450,41,Cash,4,1800
3724,6/4/2024,3:00:00,Hyderabad,Chicken Dominator,Non-Veg,M,4,337,47,Wallet,1,1348
3725,6/4/2024,4:00:00,Bangalore,Chicken Dominator,Veg,M,4,417,23,Card,4,1668
3726,6/4/2024,5:00:00,Hyderabad,Margherita,Veg,L,3,438,57,UPI,1,1314
3727,6/4/2024,6:00:00,Bangalore,Farmhouse,Non-Veg,S,2,570,48,Cash,5,1140
3728,6/4/2024,7:00:00,Mumbai,Margherita,Veg,M,2,536,56,Card,5,1072
3729,6/4/2024,8:00:00,Hyderabad,Pepper Barbecue,Non-Veg,L,1,286,54,Card,2,286
3730,6/4/2024,9:00:00,Pune,Peppy Paneer,Non-Veg,L,2,497,39,Card,2,994
3731,6/4/2024,10:00:00,Bangalore,Pepper Barbecue,Veg,L,4,492,54,Card,5,1968
3732,6/4/2024,11:00:00,Pune,Farmhouse,Veg,M,4,291,54,Cash,2,1164
3733,6/4/2024,12:00:00,Delhi,Veg Extravaganza,Veg,L,1,407,39,Wallet,1,407
3734,6/4/2024,13:00:00,Bangalore,Chicken Dominator,Non-Veg,L,1,403,21,Wallet,1,403
3735,6/4/2024,14:00:00,Hyderabad,Peppy Paneer,Veg,L,2,385,37,Cash,3,770
3736,6/4/2024,15:00:00,Bangalore,Farmhouse,Veg,S,1,284,49,Cash,2,284
3737,6/4/2024,16:00:00,Pune,Margherita,Veg,M,1,514,48,UPI,2,514
3738,6/4/2024,17:00:00,Mumbai,Chicken Dominator,Veg,M,3,351,58,Cash,3,1053
3739,6/4/2024,18:00:00,Bangalore,Pepper Barbecue,Veg,M,2,355,41,UPI,4,710
3740,6/4/2024,19:00:00,Hyderabad,Margherita,Non-Veg,M,4,492,48,Card,1,1968
3741,6/4/2024,20:00:00,Delhi,Farmhouse,Veg,S,3,220,29,UPI,4,660
3742,6/4/2024,21:00:00,Chennai,Farmhouse,Non-Veg,M,4,360,39,UPI,3,1440
3743,6/4/2024,22:00:00,Mumbai,Pepper Barbecue,Non-Veg,S,1,585,35,UPI,2,585
3744,6/4/2024,23:00:00,Delhi,Peppy Paneer,Veg,S,1,538,25,UPI,4,538
3745,6/5/2024,0:00:00,Bangalore,Pepper Barbecue,Veg,M,4,355,36,UPI,2,1420
3746,6/5/2024,1:00:00,Pune,Veg Extravaganza,Veg,L,3,342,25,UPI,3,1026
3747,6/5/2024,2:00:00,Pune,Margherita,Non-Veg,M,3,456,41,Cash,5,1368
3748,6/5/2024,3:00:00,Hyderabad,Peppy Paneer,Veg,S,3,306,37,Cash,2,918
3749,6/5/2024,4:00:00,Pune,Chicken Dominator,Non-Veg,S,1,483,51,Cash,4,483
3750,6/5/2024,5:00:00,Mumbai,Veg Extravaganza,Non-Veg,M,2,249,47,Cash,4,498
3751,6/5/2024,6:00:00,Pune,Peppy Paneer,Veg,L,1,234,29,Cash,3,234
3752,6/5/2024,7:00:00,Hyderabad,Margherita,Non-Veg,M,4,423,41,Wallet,4,1692
3753,6/5/2024,8:00:00,Chennai,Farmhouse,Veg,S,3,355,47,Card,1,1065
3754,6/5/2024,9:00:00,Bangalore,Chicken Dominator,Non-Veg,M,2,592,34,Card,2,1184
3755,6/5/2024,10:00:00,Bangalore,Pepper Barbecue,Veg,L,3,390,48,Cash,1,1170
3756,6/5/2024,11:00:00,Pune,Margherita,Veg,S,1,587,26,UPI,3,587
3757,6/5/2024,12:00:00,Delhi,Veg Extravaganza,Veg,M,2,383,53,UPI,1,766
3758,6/5/2024,13:00:00,Bangalore,Veg Extravaganza,Non-Veg,M,2,436,51,Card,1,872
3759,6/5/2024,14:00:00,Chennai,Farmhouse,Veg,S,1,496,21,UPI,2,496
3760,6/5/2024,15:00:00,Pune,Farmhouse,Non-Veg,S,3,522,45,Card,2,1566
3761,6/5/2024,16:00:00,Hyderabad,Chicken Dominator,Veg,M,3,503,30,UPI,5,1509
3762,6/5/2024,17:00:00,Chennai,Pepper Barbecue,Veg,S,3,541,44,Cash,1,1623
3763,6/5/2024,18:00:00,Pune,Chicken Dominator,Veg,S,1,257,38,Wallet,2,257
3764,6/5/2024,19:00:00,Chennai,Farmhouse,Veg,M,4,238,39,UPI,1,952
3765,6/5/2024,20:00:00,Bangalore,Farmhouse,Veg,S,4,440,52,UPI,1,1760
3766,6/5/2024,21:00:00,Hyderabad,Veg Extravaganza,Veg,M,3,224,36,UPI,3,672
3767,6/5/2024,22:00:00,Pune,Farmhouse,Non-Veg,S,2,515,49,Card,3,1030
3768,6/5/2024,23:00:00,Mumbai,Peppy Paneer,Veg,M,4,316,37,UPI,1,1264
3769,6/6/2024,0:00:00,Hyderabad,Margherita,Veg,L,3,541,51,Card,3,1623
3770,6/6/2024,1:00:00,Mumbai,Farmhouse,Veg,M,4,569,59,UPI,2,2276
3771,6/6/2024,2:00:00,Chennai,Chicken Dominator,Non-Veg,M,3,439,23,UPI,1,1317
3772,6/6/2024,3:00:00,Delhi,Pepper Barbecue,Veg,S,4,374,51,UPI,3,1496
3773,6/6/2024,4:00:00,Hyderabad,Pepper Barbecue,Veg,M,4,539,38,Card,2,2156
3774,6/6/2024,5:00:00,Chennai,Pepper Barbecue,Veg,S,2,427,22,UPI,1,854
3775,6/6/2024,6:00:00,Mumbai,Peppy Paneer,Non-Veg,S,2,452,57,Card,1,904
3776,6/6/2024,7:00:00,Bangalore,Chicken Dominator,Non-Veg,M,4,579,47,UPI,3,2316
3777,6/6/2024,8:00:00,Bangalore,Peppy Paneer,Veg,L,3,310,57,UPI,2,930
3778,6/6/2024,9:00:00,Delhi,Farmhouse,Veg,M,2,440,25,UPI,1,880
3779,6/6/2024,10:00:00,Hyderabad,Margherita,Non-Veg,S,1,423,59,Card,1,423
3780,6/6/2024,11:00:00,Hyderabad,Pepper Barbecue,Non-Veg,L,2,497,36,Card,5,994
3781,6/6/2024,12:00:00,Hyderabad,Chicken Dominator,Non-Veg,S,4,251,24,Cash,1,1004
3782,6/6/2024,13:00:00,Chennai,Pepper Barbecue,Non-Veg,L,4,420,38,UPI,5,1680
3783,6/6/2024,14:00:00,Delhi,Peppy Paneer,Non-Veg,M,1,503,54,UPI,5,503
3784,6/6/2024,15:00:00,Hyderabad,Veg Extravaganza,Non-Veg,M,2,487,41,UPI,2,974
3785,6/6/2024,16:00:00,Chennai,Farmhouse,Veg,M,4,351,43,UPI,4,1404
3786,6/6/2024,17:00:00,Bangalore,Margherita,Veg,L,1,586,29,UPI,5,586
3787,6/6/2024,18:00:00,Mumbai,Farmhouse,Veg,L,1,317,21,UPI,2,317
3788,6/6/2024,19:00:00,Chennai,Veg Extravaganza,Non-Veg,M,3,478,47,UPI,3,1434
3789,6/6/2024,20:00:00,Bangalore,Margherita,Non-Veg,M,2,334,56,Card,5,668
3790,6/6/2024,21:00:00,Bangalore,Veg Extravaganza,Non-Veg,M,2,408,36,Cash,4,816
3791,6/6/2024,22:00:00,Mumbai,Farmhouse,Veg,M,2,326,25,UPI,3,652
3792,6/6/2024,23:00:00,Bangalore,Peppy Paneer,Veg,L,4,492,24,Card,5,1968
3793,6/7/2024,0:00:00,Delhi,Farmhouse,Veg,S,1,206,58,Cash,5,206
3794,6/7/2024,1:00:00,Mumbai,Farmhouse,Veg,M,3,421,26,UPI,4,1263
3795,6/7/2024,2:00:00,Bangalore,Farmhouse,Non-Veg,L,2,276,51,Cash,1,552
3796,6/7/2024,3:00:00,Pune,Chicken Dominator,Non-Veg,L,3,537,23,Wallet,4,1611
3797,6/7/2024,4:00:00,Chennai,Veg Extravaganza,Veg,S,3,550,40,Cash,2,1650
3798,6/7/2024,5:00:00,Bangalore,Veg Extravaganza,Veg,S,1,477,51,Card,2,477
3799,6/7/2024,6:00:00,Delhi,Pepper Barbecue,Non-Veg,L,2,533,37,Card,4,1066
3800,6/7/2024,7:00:00,Hyderabad,Veg Extravaganza,Veg,M,3,537,52,Card,4,1611
3801,6/7/2024,8:00:00,Bangalore,Pepper Barbecue,Non-Veg,M,2,426,33,UPI,4,852
3802,6/7/2024,9:00:00,Hyderabad,Chicken Dominator,Veg,S,2,474,25,Cash,4,948
3803,6/7/2024,10:00:00,Pune,Peppy Paneer,Veg,L,2,550,30,UPI,4,1100
3804,6/7/2024,11:00:00,Bangalore,Pepper Barbecue,Veg,S,3,494,39,Cash,5,1482
3805,6/7/2024,12:00:00,Mumbai,Farmhouse,Veg,S,1,316,48,UPI,3,316
3806,6/7/2024,13:00:00,Hyderabad,Peppy Paneer,Veg,S,1,491,54,UPI,2,491
3807,6/7/2024,14:00:00,Pune,Chicken Dominator,Veg,L,3,470,35,Card,2,1410
3808,6/7/2024,15:00:00,Mumbai,Veg Extravaganza,Veg,L,4,356,26,Card,3,1424
3809,6/7/2024,16:00:00,Mumbai,Pepper Barbecue,Veg,L,2,259,59,UPI,4,518
3810,6/7/2024,17:00:00,Mumbai,Farmhouse,Veg,M,2,383,55,Card,3,766
3811,6/7/2024,18:00:00,Mumbai,Margherita,Veg,L,1,343,50,UPI,4,343
3812,6/7/2024,19:00:00,Bangalore,Margherita,Veg,L,3,360,25,Card,2,1080
3813,6/7/2024,20:00:00,Chennai,Peppy Paneer,Non-Veg,L,3,288,48,UPI,1,864
3814,6/7/2024,21:00:00,Bangalore,Veg Extravaganza,Non-Veg,L,4,215,46,UPI,2,860
3815,6/7/2024,22:00:00,Bangalore,Margherita,Veg,M,4,448,21,UPI,2,1792
3816,6/7/2024,23:00:00,Pune,Peppy Paneer,Veg,M,1,297,41,UPI,1,297
3817,6/8/2024,0:00:00,Pune,Chicken Dominator,Veg,L,4,303,28,Card,3,1212
3818,6/8/2024,1:00:00,Chennai,Peppy Paneer,Veg,L,4,499,30,UPI,5,1996
3819,6/8/2024,2:00:00,Pune,Peppy Paneer,Non-Veg,M,3,434,35,Cash,4,1302
3820,6/8/2024,3:00:00,Delhi,Peppy Paneer,Non-Veg,S,3,506,32,UPI,4,1518
3821,6/8/2024,4:00:00,Chennai,Farmhouse,Non-Veg,M,4,473,37,UPI,2,1892
3822,6/8/2024,5:00:00,Pune,Peppy Paneer,Veg,M,1,460,44,Card,1,460
3823,6/8/2024,6:00:00,Chennai,Pepper Barbecue,Veg,S,4,438,52,UPI,2,1752
3824,6/8/2024,7:00:00,Bangalore,Peppy Paneer,Non-Veg,L,1,461,29,UPI,2,461
3825,6/8/2024,8:00:00,Bangalore,Farmhouse,Veg,M,4,531,49,UPI,3,2124
3826,6/8/2024,9:00:00,Chennai,Farmhouse,Veg,M,3,314,20,UPI,4,942
3827,6/8/2024,10:00:00,Delhi,Chicken Dominator,Non-Veg,M,3,467,52,Card,5,1401
3828,6/8/2024,11:00:00,Delhi,Veg Extravaganza,Non-Veg,M,1,211,34,Card,1,211
3829,6/8/2024,12:00:00,Chennai,Margherita,Non-Veg,S,4,272,48,UPI,5,1088
3830,6/8/2024,13:00:00,Pune,Margherita,Veg,M,4,561,21,Card,1,2244
3831,6/8/2024,14:00:00,Hyderabad,Peppy Paneer,Veg,S,1,504,30,Wallet,4,504
3832,6/8/2024,15:00:00,Delhi,Chicken Dominator,Veg,S,4,377,53,Cash,3,1508
3833,6/8/2024,16:00:00,Mumbai,Peppy Paneer,Non-Veg,S,2,459,38,UPI,5,918
3834,6/8/2024,17:00:00,Bangalore,Margherita,Veg,S,3,458,21,UPI,1,1374
3835,6/8/2024,18:00:00,Chennai,Farmhouse,Non-Veg,M,3,599,39,Card,2,1797
3836,6/8/2024,19:00:00,Mumbai,Veg Extravaganza,Non-Veg,M,1,469,50,UPI,4,469
3837,6/8/2024,20:00:00,Chennai,Chicken Dominator,Veg,L,4,519,23,UPI,3,2076
3838,6/8/2024,21:00:00,Bangalore,Farmhouse,Veg,M,1,319,48,UPI,2,319
3839,6/8/2024,22:00:00,Bangalore,Veg Extravaganza,Veg,L,2,368,49,UPI,3,736
3840,6/8/2024,23:00:00,Delhi,Chicken Dominator,Non-Veg,M,4,267,32,Card,1,1068
3841,6/9/2024,0:00:00,Delhi,Chicken Dominator,Non-Veg,L,2,258,34,Card,2,516
3842,6/9/2024,1:00:00,Mumbai,Margherita,Non-Veg,M,1,329,39,UPI,3,329
3843,6/9/2024,2:00:00,Chennai,Farmhouse,Veg,M,3,574,53,Card,4,1722
3844,6/9/2024,3:00:00,Bangalore,Chicken Dominator,Veg,S,2,465,47,Card,5,930
3845,6/9/2024,4:00:00,Mumbai,Pepper Barbecue,Non-Veg,M,4,274,39,Card,5,1096
3846,6/9/2024,5:00:00,Hyderabad,Chicken Dominator,Veg,M,1,289,44,Wallet,2,289
3847,6/9/2024,6:00:00,Mumbai,Veg Extravaganza,Non-Veg,M,1,556,46,Wallet,4,556
3848,6/9/2024,7:00:00,Pune,Margherita,Non-Veg,L,1,353,49,Card,4,353
3849,6/9/2024,8:00:00,Mumbai,Peppy Paneer,Veg,S,3,587,39,Cash,3,1761
3850,6/9/2024,9:00:00,Pune,Margherita,Veg,S,1,417,20,UPI,2,417
3851,6/9/2024,10:00:00,Pune,Peppy Paneer,Veg,M,1,227,54,Card,4,227
3852,6/9/2024,11:00:00,Pune,Farmhouse,Veg,L,3,329,43,Card,3,987
3853,6/9/2024,12:00:00,Hyderabad,Farmhouse,Non-Veg,M,1,265,44,Card,4,265
3854,6/9/2024,13:00:00,Mumbai,Chicken Dominator,Non-Veg,M,1,343,59,UPI,2,343
3855,6/9/2024,14:00:00,Mumbai,Pepper Barbecue,Non-Veg,S,2,579,31,UPI,4,1158
3856,6/9/2024,15:00:00,Hyderabad,Farmhouse,Non-Veg,M,1,512,30,UPI,4,512
3857,6/9/2024,16:00:00,Bangalore,Chicken Dominator,Veg,L,3,476,49,Card,4,1428
3858,6/9/2024,17:00:00,Delhi,Margherita,Veg,L,2,302,32,Wallet,5,604
3859,6/9/2024,18:00:00,Mumbai,Farmhouse,Non-Veg,S,1,513,44,UPI,1,513
3860,6/9/2024,19:00:00,Delhi,Margherita,Veg,M,3,236,44,Wallet,2,708
3861,6/9/2024,20:00:00,Chennai,Margherita,Non-Veg,M,4,448,36,UPI,5,1792
3862,6/9/2024,21:00:00,Chennai,Pepper Barbecue,Non-Veg,S,1,598,31,Wallet,1,598
3863,6/9/2024,22:00:00,Hyderabad,Farmhouse,Veg,M,4,355,30,Cash,4,1420
3864,6/9/2024,23:00:00,Chennai,Margherita,Veg,M,2,331,29,UPI,4,662
3865,6/10/2024,0:00:00,Chennai,Pepper Barbecue,Veg,S,3,246,36,UPI,5,738
3866,6/10/2024,1:00:00,Bangalore,Pepper Barbecue,Non-Veg,L,2,394,35,UPI,3,788
3867,6/10/2024,2:00:00,Bangalore,Farmhouse,Veg,S,4,302,39,Wallet,2,1208
3868,6/10/2024,3:00:00,Bangalore,Pepper Barbecue,Non-Veg,L,4,527,24,UPI,1,2108
3869,6/10/2024,4:00:00,Chennai,Farmhouse,Veg,L,4,370,51,Card,4,1480
3870,6/10/2024,5:00:00,Hyderabad,Farmhouse,Non-Veg,L,3,288,46,UPI,2,864
3871,6/10/2024,6:00:00,Pune,Peppy Paneer,Veg,S,4,445,23,Wallet,4,1780
3872,6/10/2024,7:00:00,Pune,Margherita,Veg,L,4,257,26,UPI,4,1028
3873,6/10/2024,8:00:00,Delhi,Veg Extravaganza,Non-Veg,L,3,304,33,UPI,4,912
3874,6/10/2024,9:00:00,Pune,Farmhouse,Non-Veg,S,4,379,58,UPI,2,1516
3875,6/10/2024,10:00:00,Pune,Margherita,Veg,M,1,268,43,Card,5,268
3876,6/10/2024,11:00:00,Bangalore,Pepper Barbecue,Non-Veg,S,4,501,37,UPI,2,2004
3877,6/10/2024,12:00:00,Bangalore,Chicken Dominator,Non-Veg,L,3,352,57,Card,2,1056
3878,6/10/2024,13:00:00,Chennai,Farmhouse,Veg,L,4,224,58,UPI,3,896
3879,6/10/2024,14:00:00,Delhi,Pepper Barbecue,Veg,L,3,576,59,Card,3,1728
3880,6/10/2024,15:00:00,Mumbai,Pepper Barbecue,Non-Veg,L,4,234,20,Card,5,936
3881,6/10/2024,16:00:00,Delhi,Pepper Barbecue,Veg,M,1,214,36,UPI,3,214
3882,6/10/2024,17:00:00,Delhi,Pepper Barbecue,Veg,S,3,305,45,UPI,5,915
3883,6/10/2024,18:00:00,Hyderabad,Pepper Barbecue,Non-Veg,S,3,417,41,Card,4,1251
3884,6/10/2024,19:00:00,Chennai,Farmhouse,Veg,S,3,583,58,UPI,4,1749
3885,6/10/2024,20:00:00,Hyderabad,Veg Extravaganza,Veg,M,3,273,37,UPI,2,819
3886,6/10/2024,21:00:00,Delhi,Peppy Paneer,Non-Veg,L,4,543,57,Card,4,2172
3887,6/10/2024,22:00:00,Delhi,Pepper Barbecue,Veg,L,4,484,47,UPI,3,1936
3888,6/10/2024,23:00:00,Delhi,Pepper Barbecue,Non-Veg,S,1,237,40,Card,1,237
3889,6/11/2024,0:00:00,Pune,Peppy Paneer,Non-Veg,M,1,396,57,UPI,2,396
3890,6/11/2024,1:00:00,Hyderabad,Farmhouse,Veg,M,4,479,52,UPI,5,1916
3891,6/11/2024,2:00:00,Delhi,Margherita,Veg,M,2,474,49,Cash,4,948
3892,6/11/2024,3:00:00,Bangalore,Chicken Dominator,Veg,M,3,373,27,UPI,2,1119
3893,6/11/2024,4:00:00,Chennai,Chicken Dominator,Veg,M,4,504,49,UPI,2,2016
3894,6/11/2024,5:00:00,Chennai,Margherita,Non-Veg,L,1,243,58,Card,2,243
3895,6/11/2024,6:00:00,Bangalore,Farmhouse,Non-Veg,L,3,353,28,UPI,4,1059
3896,6/11/2024,7:00:00,Chennai,Chicken Dominator,Veg,L,1,352,52,Card,5,352
3897,6/11/2024,8:00:00,Pune,Peppy Paneer,Veg,S,2,490,48,Wallet,2,980
3898,6/11/2024,9:00:00,Pune,Margherita,Veg,S,3,341,50,Card,2,1023
3899,6/11/2024,10:00:00,Mumbai,Veg Extravaganza,Veg,M,2,455,22,UPI,2,910
3900,6/11/2024,11:00:00,Mumbai,Farmhouse,Veg,L,2,511,57,Card,4,1022
3901,6/11/2024,12:00:00,Mumbai,Margherita,Veg,L,2,333,30,UPI,3,666
3902,6/11/2024,13:00:00,Chennai,Chicken Dominator,Non-Veg,M,4,231,24,UPI,5,924
3903,6/11/2024,14:00:00,Pune,Farmhouse,Veg,L,1,225,50,Cash,2,225
3904,6/11/2024,15:00:00,Pune,Peppy Paneer,Veg,M,3,598,39,UPI,2,1794
3905,6/11/2024,16:00:00,Pune,Farmhouse,Non-Veg,S,4,454,23,UPI,2,1816
3906,6/11/2024,17:00:00,Bangalore,Farmhouse,Veg,L,1,422,27,UPI,4,422
3907,6/11/2024,18:00:00,Pune,Peppy Paneer,Veg,L,4,255,54,Wallet,3,1020
3908,6/11/2024,19:00:00,Bangalore,Pepper Barbecue,Veg,S,1,492,32,UPI,2,492
3909,6/11/2024,20:00:00,Mumbai,Peppy Paneer,Veg,M,3,324,24,UPI,2,972
3910,6/11/2024,21:00:00,Mumbai,Farmhouse,Veg,M,3,429,59,Card,4,1287
3911,6/11/2024,22:00:00,Chennai,Peppy Paneer,Non-Veg,S,3,252,38,Card,5,756
3912,6/11/2024,23:00:00,Mumbai,Pepper Barbecue,Veg,L,3,300,37,UPI,5,900
3913,6/12/2024,0:00:00,Chennai,Margherita,Non-Veg,M,1,533,52,Wallet,3,533
3914,6/12/2024,1:00:00,Delhi,Peppy Paneer,Veg,S,4,491,23,UPI,5,1964
3915,6/12/2024,2:00:00,Delhi,Peppy Paneer,Veg,S,3,556,37,UPI,2,1668
3916,6/12/2024,3:00:00,Hyderabad,Farmhouse,Veg,L,3,466,43,UPI,4,1398
3917,6/12/2024,4:00:00,Chennai,Margherita,Veg,L,3,482,48,Card,2,1446
3918,6/12/2024,5:00:00,Hyderabad,Veg Extravaganza,Veg,L,2,201,50,UPI,2,402
3919,6/12/2024,6:00:00,Hyderabad,Veg Extravaganza,Veg,S,3,221,47,Cash,3,663
3920,6/12/2024,7:00:00,Delhi,Chicken Dominator,Veg,L,3,265,28,Wallet,5,795
3921,6/12/2024,8:00:00,Chennai,Peppy Paneer,Veg,M,1,411,45,UPI,5,411
3922,6/12/2024,9:00:00,Delhi,Peppy Paneer,Veg,M,2,435,21,Wallet,5,870
3923,6/12/2024,10:00:00,Hyderabad,Margherita,Veg,L,1,567,25,UPI,2,567
3924,6/12/2024,11:00:00,Chennai,Pepper Barbecue,Veg,S,4,216,48,UPI,4,864
3925,6/12/2024,12:00:00,Hyderabad,Veg Extravaganza,Non-Veg,M,2,587,45,Cash,4,1174
3926,6/12/2024,13:00:00,Pune,Chicken Dominator,Non-Veg,S,1,213,47,Card,2,213
3927,6/12/2024,14:00:00,Chennai,Margherita,Veg,M,1,206,26,Cash,1,206
3928,6/12/2024,15:00:00,Chennai,Peppy Paneer,Veg,S,4,534,53,Card,2,2136
3929,6/12/2024,16:00:00,Hyderabad,Veg Extravaganza,Veg,L,4,421,29,Wallet,5,1684
3930,6/12/2024,17:00:00,Pune,Chicken Dominator,Non-Veg,M,3,599,59,Cash,2,1797
3931,6/12/2024,18:00:00,Bangalore,Farmhouse,Veg,M,3,303,41,UPI,1,909
3932,6/12/2024,19:00:00,Delhi,Veg Extravaganza,Non-Veg,L,2,200,46,Wallet,2,400
3933,6/12/2024,20:00:00,Hyderabad,Chicken Dominator,Veg,L,2,486,58,Wallet,5,972
3934,6/12/2024,21:00:00,Chennai,Margherita,Veg,M,4,583,41,UPI,3,2332
3935,6/12/2024,22:00:00,Delhi,Farmhouse,Veg,M,2,446,38,Card,4,892
3936,6/12/2024,23:00:00,Delhi,Chicken Dominator,Veg,S,3,587,55,Cash,1,1761
3937,6/13/2024,0:00:00,Delhi,Chicken Dominator,Non-Veg,S,4,290,28,Cash,3,1160
3938,6/13/2024,1:00:00,Bangalore,Peppy Paneer,Veg,M,1,513,38,UPI,4,513
3939,6/13/2024,2:00:00,Mumbai,Pepper Barbecue,Veg,S,4,511,21,Card,3,2044
3940,6/13/2024,3:00:00,Hyderabad,Veg Extravaganza,Veg,M,2,413,47,Wallet,2,826
3941,6/13/2024,4:00:00,Mumbai,Peppy Paneer,Non-Veg,S,3,242,58,UPI,2,726
3942,6/13/2024,5:00:00,Mumbai,Farmhouse,Veg,M,3,273,41,Cash,4,819
3943,6/13/2024,6:00:00,Mumbai,Pepper Barbecue,Veg,M,1,441,25,Card,4,441
3944,6/13/2024,7:00:00,Delhi,Chicken Dominator,Veg,S,1,248,26,UPI,2,248
3945,6/13/2024,8:00:00,Pune,Peppy Paneer,Veg,S,4,567,25,UPI,2,2268
3946,6/13/2024,9:00:00,Delhi,Pepper Barbecue,Non-Veg,M,3,563,52,Cash,4,1689
3947,6/13/2024,10:00:00,Delhi,Veg Extravaganza,Veg,M,1,515,33,UPI,4,515
3948,6/13/2024,11:00:00,Chennai,Farmhouse,Veg,M,1,421,20,UPI,4,421
3949,6/13/2024,12:00:00,Chennai,Margherita,Veg,L,4,549,44,Card,5,2196
3950,6/13/2024,13:00:00,Mumbai,Peppy Paneer,Non-Veg,S,4,343,25,Card,5,1372
3951,6/13/2024,14:00:00,Delhi,Farmhouse,Veg,S,3,528,47,UPI,2,1584
3952,6/13/2024,15:00:00,Mumbai,Margherita,Veg,S,2,408,37,Card,5,816
3953,6/13/2024,16:00:00,Chennai,Peppy Paneer,Non-Veg,M,2,298,46,Card,1,596
3954,6/13/2024,17:00:00,Pune,Farmhouse,Veg,L,3,387,21,UPI,2,1161
3955,6/13/2024,18:00:00,Hyderabad,Farmhouse,Non-Veg,S,2,313,59,Card,1,626
3956,6/13/2024,19:00:00,Mumbai,Pepper Barbecue,Veg,M,3,374,40,Card,3,1122
3957,6/13/2024,20:00:00,Pune,Peppy Paneer,Veg,M,3,470,42,UPI,1,1410
3958,6/13/2024,21:00:00,Hyderabad,Farmhouse,Non-Veg,L,1,262,21,Cash,3,262
3959,6/13/2024,22:00:00,Bangalore,Chicken Dominator,Non-Veg,L,2,483,35,Card,1,966
3960,6/13/2024,23:00:00,Mumbai,Peppy Paneer,Veg,M,3,424,23,UPI,3,1272
3961,6/14/2024,0:00:00,Mumbai,Farmhouse,Non-Veg,M,2,360,53,UPI,3,720
3962,6/14/2024,1:00:00,Bangalore,Pepper Barbecue,Veg,L,2,235,24,Card,2,470
3963,6/14/2024,2:00:00,Bangalore,Margherita,Non-Veg,L,4,580,53,UPI,4,2320
3964,6/14/2024,3:00:00,Mumbai,Margherita,Veg,M,2,340,41,UPI,4,680
3965,6/14/2024,4:00:00,Bangalore,Chicken Dominator,Veg,M,3,517,39,UPI,2,1551
3966,6/14/2024,5:00:00,Delhi,Peppy Paneer,Non-Veg,M,1,395,58,Card,3,395
3967,6/14/2024,6:00:00,Hyderabad,Pepper Barbecue,Non-Veg,M,2,350,32,UPI,4,700
3968,6/14/2024,7:00:00,Hyderabad,Farmhouse,Veg,M,3,468,53,Cash,4,1404
3969,6/14/2024,8:00:00,Hyderabad,Farmhouse,Veg,S,4,543,25,Card,1,2172
3970,6/14/2024,9:00:00,Delhi,Margherita,Veg,L,2,239,48,Cash,5,478
3971,6/14/2024,10:00:00,Bangalore,Pepper Barbecue,Veg,M,1,437,52,Card,2,437
3972,6/14/2024,11:00:00,Pune,Chicken Dominator,Veg,L,2,579,20,Card,5,1158
3973,6/14/2024,12:00:00,Bangalore,Margherita,Veg,M,3,421,26,Card,3,1263
3974,6/14/2024,13:00:00,Mumbai,Margherita,Veg,L,2,480,41,Card,1,960
3975,6/14/2024,14:00:00,Chennai,Chicken Dominator,Non-Veg,M,2,424,51,UPI,4,848
3976,6/14/2024,15:00:00,Hyderabad,Peppy Paneer,Veg,M,4,353,33,UPI,1,1412
3977,6/14/2024,16:00:00,Bangalore,Farmhouse,Veg,M,2,479,43,Cash,2,958
3978,6/14/2024,17:00:00,Pune,Peppy Paneer,Veg,M,1,552,38,Card,3,552
3979,6/14/2024,18:00:00,Mumbai,Pepper Barbecue,Non-Veg,L,2,238,46,UPI,1,476
3980,6/14/2024,19:00:00,Delhi,Veg Extravaganza,Veg,S,4,416,42,UPI,1,1664
3981,6/14/2024,20:00:00,Delhi,Veg Extravaganza,Veg,M,3,443,40,Card,1,1329
3982,6/14/2024,21:00:00,Pune,Veg Extravaganza,Non-Veg,S,2,308,48,UPI,4,616
3983,6/14/2024,22:00:00,Mumbai,Chicken Dominator,Non-Veg,L,2,260,20,Wallet,3,520
3984,6/14/2024,23:00:00,Hyderabad,Margherita,Non-Veg,S,4,397,50,Card,4,1588
3985,6/15/2024,0:00:00,Bangalore,Peppy Paneer,Non-Veg,M,4,475,46,UPI,1,1900
3986,6/15/2024,1:00:00,Mumbai,Farmhouse,Non-Veg,S,4,371,55,UPI,4,1484
3987,6/15/2024,2:00:00,Delhi,Veg Extravaganza,Non-Veg,M,2,471,46,UPI,4,942
3988,6/15/2024,3:00:00,Pune,Peppy Paneer,Veg,L,1,470,34,UPI,2,470
3989,6/15/2024,4:00:00,Pune,Veg Extravaganza,Veg,S,4,241,44,Cash,5,964
3990,6/15/2024,5:00:00,Bangalore,Veg Extravaganza,Veg,M,3,388,34,Cash,5,1164
3991,6/15/2024,6:00:00,Pune,Farmhouse,Veg,S,2,459,59,Wallet,2,918
3992,6/15/2024,7:00:00,Pune,Pepper Barbecue,Veg,M,3,351,38,Card,2,1053
3993,6/15/2024,8:00:00,Mumbai,Pepper Barbecue,Veg,M,3,330,30,Card,4,990
3994,6/15/2024,9:00:00,Hyderabad,Pepper Barbecue,Non-Veg,M,1,313,52,Wallet,4,313
3995,6/15/2024,10:00:00,Bangalore,Chicken Dominator,Veg,M,3,584,42,Wallet,3,1752
3996,6/15/2024,11:00:00,Mumbai,Margherita,Veg,M,4,421,31,Cash,5,1684
3997,6/15/2024,12:00:00,Hyderabad,Chicken Dominator,Non-Veg,S,4,596,21,Cash,4,2384
3998,6/15/2024,13:00:00,Mumbai,Peppy Paneer,Veg,M,2,253,40,Card,3,506
3999,6/15/2024,14:00:00,Chennai,Chicken Dominator,Veg,S,1,537,33,UPI,5,537
4000,6/15/2024,15:00:00,Mumbai,Peppy Paneer,Veg,L,1,495,53,UPI,3,495
4001,6/15/2024,16:00:00,Pune,Peppy Paneer,Non-Veg,L,3,582,34,Card,3,1746
4002,6/15/2024,17:00:00,Hyderabad,Margherita,Veg,S,1,594,40,Card,2,594
4003,6/15/2024,18:00:00,Bangalore,Farmhouse,Non-Veg,S,3,241,42,Cash,1,723
4004,6/15/2024,19:00:00,Bangalore,Margherita,Veg,S,3,292,40,Cash,1,876
4005,6/15/2024,20:00:00,Hyderabad,Pepper Barbecue,Veg,L,1,459,33,Card,1,459
4006,6/15/2024,21:00:00,Pune,Pepper Barbecue,Veg,L,2,480,40,UPI,3,960
4007,6/15/2024,22:00:00,Delhi,Chicken Dominator,Non-Veg,M,3,555,31,UPI,4,1665
4008,6/15/2024,23:00:00,Mumbai,Peppy Paneer,Non-Veg,M,4,391,24,UPI,1,1564
4009,6/16/2024,0:00:00,Pune,Veg Extravaganza,Non-Veg,S,4,324,21,UPI,4,1296
4010,6/16/2024,1:00:00,Chennai,Veg Extravaganza,Non-Veg,M,1,495,41,Card,5,495
4011,6/16/2024,2:00:00,Hyderabad,Peppy Paneer,Veg,L,1,547,25,UPI,1,547
4012,6/16/2024,3:00:00,Mumbai,Margherita,Non-Veg,M,3,591,21,UPI,3,1773
4013,6/16/2024,4:00:00,Bangalore,Farmhouse,Veg,L,3,540,48,UPI,2,1620
4014,6/16/2024,5:00:00,Delhi,Margherita,Non-Veg,M,4,234,55,Cash,3,936
4015,6/16/2024,6:00:00,Chennai,Peppy Paneer,Veg,S,3,246,26,UPI,4,738
4016,6/16/2024,7:00:00,Bangalore,Peppy Paneer,Veg,M,4,352,35,Cash,5,1408
4017,6/16/2024,8:00:00,Hyderabad,Farmhouse,Veg,M,3,437,52,UPI,3,1311
4018,6/16/2024,9:00:00,Mumbai,Chicken Dominator,Veg,L,2,204,52,UPI,2,408
4019,6/16/2024,10:00:00,Hyderabad,Chicken Dominator,Veg,M,2,324,33,Card,2,648
4020,6/16/2024,11:00:00,Mumbai,Farmhouse,Non-Veg,M,4,566,31,Wallet,5,2264
4021,6/16/2024,12:00:00,Pune,Chicken Dominator,Veg,M,2,527,25,Card,1,1054
4022,6/16/2024,13:00:00,Delhi,Veg Extravaganza,Veg,M,2,286,31,Card,3,572
4023,6/16/2024,14:00:00,Pune,Chicken Dominator,Non-Veg,M,1,202,50,Cash,3,202
4024,6/16/2024,15:00:00,Pune,Chicken Dominator,Veg,L,3,364,31,Cash,2,1092
4025,6/16/2024,16:00:00,Hyderabad,Chicken Dominator,Non-Veg,M,1,422,29,UPI,4,422
4026,6/16/2024,17:00:00,Delhi,Veg Extravaganza,Veg,S,4,548,59,Card,3,2192
4027,6/16/2024,18:00:00,Mumbai,Chicken Dominator,Non-Veg,L,1,496,46,Wallet,2,496
4028,6/16/2024,19:00:00,Mumbai,Pepper Barbecue,Veg,S,4,542,26,Card,4,2168
4029,6/16/2024,20:00:00,Chennai,Veg Extravaganza,Veg,S,2,540,55,Cash,1,1080
4030,6/16/2024,21:00:00,Bangalore,Farmhouse,Veg,M,1,591,52,Card,1,591
4031,6/16/2024,22:00:00,Chennai,Margherita,Veg,S,2,588,46,UPI,2,1176
4032,6/16/2024,23:00:00,Chennai,Farmhouse,Non-Veg,L,3,224,27,Card,2,672
4033,6/17/2024,0:00:00,Mumbai,Margherita,Veg,M,2,238,24,Card,1,476
4034,6/17/2024,1:00:00,Hyderabad,Farmhouse,Veg,M,3,580,27,Cash,2,1740
4035,6/17/2024,2:00:00,Pune,Pepper Barbecue,Veg,S,2,304,59,Wallet,5,608
4036,6/17/2024,3:00:00,Pune,Margherita,Non-Veg,S,1,204,40,Cash,3,204
4037,6/17/2024,4:00:00,Pune,Margherita,Veg,M,1,335,43,Wallet,5,335
4038,6/17/2024,5:00:00,Delhi,Peppy Paneer,Non-Veg,M,2,203,26,UPI,4,406
4039,6/17/2024,6:00:00,Mumbai,Margherita,Veg,L,4,368,38,Cash,2,1472
4040,6/17/2024,7:00:00,Hyderabad,Margherita,Veg,S,4,515,50,UPI,2,2060
4041,6/17/2024,8:00:00,Delhi,Peppy Paneer,Veg,M,3,509,55,UPI,4,1527
4042,6/17/2024,9:00:00,Bangalore,Chicken Dominator,Non-Veg,S,3,277,46,Card,3,831
4043,6/17/2024,10:00:00,Hyderabad,Chicken Dominator,Non-Veg,M,2,218,48,Card,1,436
4044,6/17/2024,11:00:00,Chennai,Peppy Paneer,Veg,M,1,404,42,Wallet,5,404
4045,6/17/2024,12:00:00,Hyderabad,Veg Extravaganza,Veg,S,3,554,39,Card,3,1662
4046,6/17/2024,13:00:00,Hyderabad,Margherita,Non-Veg,M,2,523,25,Wallet,1,1046
4047,6/17/2024,14:00:00,Pune,Margherita,Veg,S,3,232,31,UPI,1,696
4048,6/17/2024,15:00:00,Hyderabad,Peppy Paneer,Veg,M,1,349,31,Cash,2,349
4049,6/17/2024,16:00:00,Chennai,Peppy Paneer,Veg,M,3,392,22,Cash,4,1176
4050,6/17/2024,17:00:00,Chennai,Veg Extravaganza,Veg,S,2,338,58,Card,2,676
4051,6/17/2024,18:00:00,Mumbai,Pepper Barbecue,Veg,L,3,471,54,UPI,4,1413
4052,6/17/2024,19:00:00,Hyderabad,Chicken Dominator,Veg,M,4,395,38,Cash,2,1580
4053,6/17/2024,20:00:00,Pune,Farmhouse,Veg,L,3,326,23,Card,5,978
4054,6/17/2024,21:00:00,Hyderabad,Pepper Barbecue,Non-Veg,S,1,548,50,Card,2,548
4055,6/17/2024,22:00:00,Bangalore,Chicken Dominator,Veg,L,1,430,57,Card,5,430
4056,6/17/2024,23:00:00,Bangalore,Margherita,Non-Veg,S,1,243,52,UPI,3,243
4057,6/18/2024,0:00:00,Pune,Pepper Barbecue,Veg,M,1,429,25,UPI,3,429
4058,6/18/2024,1:00:00,Mumbai,Peppy Paneer,Non-Veg,L,2,415,27,UPI,2,830
4059,6/18/2024,2:00:00,Mumbai,Veg Extravaganza,Veg,S,3,443,47,Wallet,3,1329
4060,6/18/2024,3:00:00,Chennai,Chicken Dominator,Non-Veg,S,3,208,34,Card,1,624
4061,6/18/2024,4:00:00,Chennai,Veg Extravaganza,Veg,L,3,449,50,Cash,5,1347
4062,6/18/2024,5:00:00,Delhi,Chicken Dominator,Non-Veg,M,3,399,27,Card,4,1197
4063,6/18/2024,6:00:00,Pune,Pepper Barbecue,Veg,M,2,533,25,Wallet,5,1066
4064,6/18/2024,7:00:00,Hyderabad,Margherita,Veg,S,1,278,48,UPI,2,278
4065,6/18/2024,8:00:00,Pune,Farmhouse,Non-Veg,M,3,444,53,UPI,3,1332
4066,6/18/2024,9:00:00,Delhi,Veg Extravaganza,Veg,S,3,389,26,Cash,3,1167
4067,6/18/2024,10:00:00,Chennai,Veg Extravaganza,Veg,L,1,285,59,Card,1,285
4068,6/18/2024,11:00:00,Pune,Farmhouse,Non-Veg,M,4,470,29,Card,3,1880
4069,6/18/2024,12:00:00,Pune,Veg Extravaganza,Veg,L,4,461,32,UPI,2,1844
4070,6/18/2024,13:00:00,Chennai,Veg Extravaganza,Veg,S,1,200,41,UPI,2,200
4071,6/18/2024,14:00:00,Delhi,Chicken Dominator,Non-Veg,L,3,219,40,Card,4,657
4072,6/18/2024,15:00:00,Chennai,Chicken Dominator,Veg,M,1,329,20,Card,5,329
4073,6/18/2024,16:00:00,Mumbai,Farmhouse,Non-Veg,L,3,525,21,Card,5,1575
4074,6/18/2024,17:00:00,Hyderabad,Margherita,Veg,S,3,457,48,UPI,5,1371
4075,6/18/2024,18:00:00,Chennai,Pepper Barbecue,Non-Veg,L,4,330,30,Card,4,1320
4076,6/18/2024,19:00:00,Delhi,Pepper Barbecue,Veg,M,4,206,56,UPI,4,824
4077,6/18/2024,20:00:00,Bangalore,Veg Extravaganza,Non-Veg,S,3,539,26,Card,4,1617
4078,6/18/2024,21:00:00,Mumbai,Margherita,Veg,M,3,440,54,Card,1,1320
4079,6/18/2024,22:00:00,Bangalore,Farmhouse,Veg,S,3,391,49,UPI,4,1173
4080,6/18/2024,23:00:00,Chennai,Farmhouse,Non-Veg,M,4,509,35,UPI,3,2036
4081,6/19/2024,0:00:00,Mumbai,Chicken Dominator,Veg,M,3,496,34,UPI,1,1488
4082,6/19/2024,1:00:00,Hyderabad,Veg Extravaganza,Non-Veg,M,1,314,59,Wallet,3,314
4083,6/19/2024,2:00:00,Chennai,Peppy Paneer,Non-Veg,M,2,588,39,Card,5,1176
4084,6/19/2024,3:00:00,Hyderabad,Farmhouse,Veg,M,2,301,47,Card,2,602
4085,6/19/2024,4:00:00,Pune,Veg Extravaganza,Non-Veg,S,3,537,56,Card,5,1611
4086,6/19/2024,5:00:00,Bangalore,Margherita,Veg,L,1,518,22,Wallet,4,518
4087,6/19/2024,6:00:00,Mumbai,Chicken Dominator,Veg,L,3,200,48,Card,2,600
4088,6/19/2024,7:00:00,Hyderabad,Pepper Barbecue,Veg,M,1,224,56,UPI,5,224
4089,6/19/2024,8:00:00,Delhi,Margherita,Non-Veg,S,4,408,28,UPI,1,1632
4090,6/19/2024,9:00:00,Hyderabad,Farmhouse,Veg,M,4,342,46,Cash,4,1368
4091,6/19/2024,10:00:00,Delhi,Farmhouse,Non-Veg,L,3,396,51,UPI,5,1188
4092,6/19/2024,11:00:00,Chennai,Margherita,Veg,M,4,344,58,UPI,2,1376
4093,6/19/2024,12:00:00,Mumbai,Farmhouse,Non-Veg,M,3,348,50,Wallet,3,1044
4094,6/19/2024,13:00:00,Hyderabad,Veg Extravaganza,Veg,S,2,380,45,Wallet,5,760
4095,6/19/2024,14:00:00,Hyderabad,Farmhouse,Non-Veg,L,1,254,59,Wallet,1,254
4096,6/19/2024,15:00:00,Mumbai,Chicken Dominator,Veg,M,1,562,22,UPI,2,562
4097,6/19/2024,16:00:00,Hyderabad,Veg Extravaganza,Veg,S,2,337,30,UPI,5,674
4098,6/19/2024,17:00:00,Delhi,Peppy Paneer,Veg,S,2,408,48,UPI,3,816
4099,6/19/2024,18:00:00,Hyderabad,Farmhouse,Non-Veg,M,2,384,46,Cash,4,768
4100,6/19/2024,19:00:00,Bangalore,Farmhouse,Veg,M,2,264,29,Card,4,528
4101,6/19/2024,20:00:00,Chennai,Chicken Dominator,Non-Veg,M,4,236,54,Cash,4,944
4102,6/19/2024,21:00:00,Pune,Chicken Dominator,Veg,L,1,311,42,Wallet,2,311
4103,6/19/2024,22:00:00,Delhi,Pepper Barbecue,Non-Veg,S,1,462,25,Cash,3,462
4104,6/19/2024,23:00:00,Bangalore,Margherita,Veg,L,2,275,30,UPI,3,550
4105,6/20/2024,0:00:00,Chennai,Margherita,Veg,M,3,495,46,UPI,5,1485
4106,6/20/2024,1:00:00,Mumbai,Margherita,Veg,M,3,377,50,UPI,4,1131
4107,6/20/2024,2:00:00,Delhi,Chicken Dominator,Veg,L,3,453,49,UPI,2,1359
4108,6/20/2024,3:00:00,Pune,Margherita,Veg,M,3,200,22,UPI,4,600
4109,6/20/2024,4:00:00,Chennai,Margherita,Non-Veg,M,4,347,32,Cash,4,1388
4110,6/20/2024,5:00:00,Pune,Peppy Paneer,Non-Veg,L,1,563,59,UPI,5,563
4111,6/20/2024,6:00:00,Mumbai,Margherita,Non-Veg,M,1,358,40,Card,5,358
4112,6/20/2024,7:00:00,Mumbai,Farmhouse,Veg,M,1,523,30,Cash,5,523
4113,6/20/2024,8:00:00,Delhi,Pepper Barbecue,Veg,L,3,467,22,UPI,1,1401
4114,6/20/2024,9:00:00,Hyderabad,Chicken Dominator,Non-Veg,M,2,349,57,UPI,1,698
4115,6/20/2024,10:00:00,Mumbai,Veg Extravaganza,Veg,M,3,328,50,UPI,2,984
4116,6/20/2024,11:00:00,Chennai,Pepper Barbecue,Non-Veg,L,1,325,43,UPI,2,325
4117,6/20/2024,12:00:00,Hyderabad,Peppy Paneer,Veg,M,3,200,31,Card,5,600
4118,6/20/2024,13:00:00,Bangalore,Chicken Dominator,Non-Veg,S,2,586,46,Card,3,1172
4119,6/20/2024,14:00:00,Pune,Chicken Dominator,Veg,L,2,316,40,Card,2,632
4120,6/20/2024,15:00:00,Hyderabad,Farmhouse,Non-Veg,S,3,348,44,UPI,1,1044
4121,6/20/2024,16:00:00,Pune,Pepper Barbecue,Veg,L,1,468,49,Card,1,468
4122,6/20/2024,17:00:00,Hyderabad,Pepper Barbecue,Non-Veg,L,4,388,49,Card,4,1552
4123,6/20/2024,18:00:00,Bangalore,Margherita,Veg,M,1,340,29,UPI,5,340
4124,6/20/2024,19:00:00,Mumbai,Farmhouse,Non-Veg,S,4,304,22,UPI,3,1216
4125,6/20/2024,20:00:00,Bangalore,Margherita,Non-Veg,S,1,451,32,Cash,5,451
4126,6/20/2024,21:00:00,Mumbai,Margherita,Veg,M,3,589,46,UPI,1,1767
4127,6/20/2024,22:00:00,Mumbai,Chicken Dominator,Veg,L,4,480,37,Cash,3,1920
4128,6/20/2024,23:00:00,Pune,Pepper Barbecue,Veg,M,1,543,43,UPI,2,543
4129,6/21/2024,0:00:00,Chennai,Margherita,Veg,S,3,300,33,UPI,4,900
4130,6/21/2024,1:00:00,Bangalore,Peppy Paneer,Veg,M,1,481,58,Card,1,481
4131,6/21/2024,2:00:00,Hyderabad,Peppy Paneer,Veg,L,2,587,23,Cash,4,1174
4132,6/21/2024,3:00:00,Bangalore,Pepper Barbecue,Veg,M,2,557,35,Cash,5,1114
4133,6/21/2024,4:00:00,Pune,Peppy Paneer,Non-Veg,L,1,362,29,UPI,3,362
4134,6/21/2024,5:00:00,Mumbai,Chicken Dominator,Non-Veg,M,3,402,56,Wallet,5,1206
4135,6/21/2024,6:00:00,Pune,Farmhouse,Veg,L,1,299,46,Card,4,299
4136,6/21/2024,7:00:00,Delhi,Veg Extravaganza,Non-Veg,M,3,480,20,UPI,1,1440
4137,6/21/2024,8:00:00,Delhi,Margherita,Non-Veg,S,4,456,24,UPI,4,1824
4138,6/21/2024,9:00:00,Hyderabad,Veg Extravaganza,Veg,L,2,293,32,Card,1,586
4139,6/21/2024,10:00:00,Pune,Farmhouse,Veg,M,4,523,22,Card,4,2092
4140,6/21/2024,11:00:00,Hyderabad,Farmhouse,Veg,S,3,478,36,UPI,5,1434
4141,6/21/2024,12:00:00,Hyderabad,Chicken Dominator,Non-Veg,L,1,426,38,Wallet,4,426
4142,6/21/2024,13:00:00,Delhi,Peppy Paneer,Non-Veg,M,2,561,56,Card,2,1122
4143,6/21/2024,14:00:00,Hyderabad,Peppy Paneer,Veg,S,3,349,24,Cash,5,1047
4144,6/21/2024,15:00:00,Delhi,Farmhouse,Non-Veg,M,3,550,43,Card,4,1650
4145,6/21/2024,16:00:00,Mumbai,Chicken Dominator,Veg,L,2,261,52,Card,4,522
4146,6/21/2024,17:00:00,Pune,Chicken Dominator,Veg,M,1,328,40,UPI,3,328
4147,6/21/2024,18:00:00,Hyderabad,Pepper Barbecue,Non-Veg,S,2,386,22,Card,5,772
4148,6/21/2024,19:00:00,Delhi,Margherita,Non-Veg,M,1,267,23,Wallet,3,267
4149,6/21/2024,20:00:00,Bangalore,Peppy Paneer,Veg,M,1,229,51,Card,5,229
4150,6/21/2024,21:00:00,Hyderabad,Farmhouse,Veg,L,3,584,43,UPI,1,1752
4151,6/21/2024,22:00:00,Chennai,Pepper Barbecue,Non-Veg,S,1,503,54,UPI,5,503
4152,6/21/2024,23:00:00,Mumbai,Veg Extravaganza,Veg,M,1,474,37,Wallet,5,474
4153,6/22/2024,0:00:00,Mumbai,Peppy Paneer,Non-Veg,S,2,326,22,UPI,4,652
4154,6/22/2024,1:00:00,Bangalore,Margherita,Veg,M,2,412,58,Cash,2,824
4155,6/22/2024,2:00:00,Delhi,Chicken Dominator,Veg,L,1,505,45,Card,5,505
4156,6/22/2024,3:00:00,Hyderabad,Farmhouse,Veg,S,3,333,43,UPI,3,999
4157,6/22/2024,4:00:00,Delhi,Peppy Paneer,Veg,M,2,418,20,Card,2,836
4158,6/22/2024,5:00:00,Mumbai,Veg Extravaganza,Non-Veg,M,4,518,53,UPI,5,2072
4159,6/22/2024,6:00:00,Delhi,Margherita,Veg,L,3,356,31,Card,2,1068
4160,6/22/2024,7:00:00,Mumbai,Margherita,Veg,M,2,387,36,UPI,1,774
4161,6/22/2024,8:00:00,Delhi,Pepper Barbecue,Veg,M,2,361,40,Card,2,722
4162,6/22/2024,9:00:00,Bangalore,Peppy Paneer,Veg,L,4,328,40,UPI,1,1312
4163,6/22/2024,10:00:00,Pune,Veg Extravaganza,Non-Veg,L,1,503,22,UPI,2,503
4164,6/22/2024,11:00:00,Bangalore,Margherita,Non-Veg,L,2,288,47,Cash,2,576
4165,6/22/2024,12:00:00,Bangalore,Farmhouse,Veg,M,4,582,44,UPI,3,2328
4166,6/22/2024,13:00:00,Pune,Margherita,Non-Veg,L,4,361,25,UPI,3,1444
4167,6/22/2024,14:00:00,Pune,Veg Extravaganza,Non-Veg,S,2,235,49,Card,4,470
4168,6/22/2024,15:00:00,Hyderabad,Chicken Dominator,Non-Veg,S,3,426,51,Card,2,1278
4169,6/22/2024,16:00:00,Hyderabad,Chicken Dominator,Veg,M,2,350,41,UPI,1,700
4170,6/22/2024,17:00:00,Bangalore,Pepper Barbecue,Veg,M,4,280,57,Wallet,2,1120
4171,6/22/2024,18:00:00,Bangalore,Peppy Paneer,Veg,L,2,246,33,Card,5,492
4172,6/22/2024,19:00:00,Mumbai,Veg Extravaganza,Non-Veg,S,3,403,53,UPI,1,1209
4173,6/22/2024,20:00:00,Mumbai,Pepper Barbecue,Non-Veg,L,1,347,45,Card,5,347
4174,6/22/2024,21:00:00,Hyderabad,Margherita,Veg,L,1,430,59,UPI,4,430
4175,6/22/2024,22:00:00,Chennai,Margherita,Veg,M,2,226,32,UPI,5,452
4176,6/22/2024,23:00:00,Chennai,Chicken Dominator,Veg,L,2,388,49,Wallet,4,776
4177,6/23/2024,0:00:00,Hyderabad,Pepper Barbecue,Veg,S,4,364,38,Card,4,1456
4178,6/23/2024,1:00:00,Mumbai,Chicken Dominator,Non-Veg,S,3,411,58,Cash,4,1233
4179,6/23/2024,2:00:00,Mumbai,Farmhouse,Veg,L,4,507,22,UPI,5,2028
4180,6/23/2024,3:00:00,Chennai,Chicken Dominator,Veg,M,4,274,50,UPI,4,1096
4181,6/23/2024,4:00:00,Delhi,Farmhouse,Non-Veg,S,1,291,31,UPI,4,291
4182,6/23/2024,5:00:00,Delhi,Margherita,Veg,M,4,261,34,UPI,3,1044
4183,6/23/2024,6:00:00,Mumbai,Pepper Barbecue,Non-Veg,L,4,265,57,Card,2,1060
4184,6/23/2024,7:00:00,Delhi,Farmhouse,Veg,M,1,279,59,Card,4,279
4185,6/23/2024,8:00:00,Pune,Pepper Barbecue,Veg,M,1,339,33,Card,1,339
4186,6/23/2024,9:00:00,Hyderabad,Pepper Barbecue,Veg,M,3,599,54,Card,1,1797
4187,6/23/2024,10:00:00,Hyderabad,Farmhouse,Non-Veg,L,3,329,35,Card,3,987
4188,6/23/2024,11:00:00,Mumbai,Peppy Paneer,Veg,S,3,453,43,Cash,5,1359
4189,6/23/2024,12:00:00,Bangalore,Chicken Dominator,Veg,S,2,519,36,UPI,5,1038
4190,6/23/2024,13:00:00,Chennai,Farmhouse,Non-Veg,M,1,228,37,Cash,5,228
4191,6/23/2024,14:00:00,Mumbai,Margherita,Veg,M,2,401,36,Card,4,802
4192,6/23/2024,15:00:00,Delhi,Pepper Barbecue,Veg,M,2,436,35,Card,5,872
4193,6/23/2024,16:00:00,Chennai,Veg Extravaganza,Veg,S,3,286,40,Cash,5,858
4194,6/23/2024,17:00:00,Bangalore,Farmhouse,Veg,S,1,295,43,UPI,2,295
4195,6/23/2024,18:00:00,Delhi,Chicken Dominator,Non-Veg,S,2,486,53,Card,4,972
4196,6/23/2024,19:00:00,Pune,Pepper Barbecue,Non-Veg,S,4,538,55,Wallet,4,2152
4197,6/23/2024,20:00:00,Delhi,Peppy Paneer,Non-Veg,M,4,598,46,Card,1,2392
4198,6/23/2024,21:00:00,Pune,Margherita,Non-Veg,M,1,488,58,Cash,1,488
4199,6/23/2024,22:00:00,Chennai,Peppy Paneer,Veg,M,2,451,36,UPI,2,902
4200,6/23/2024,23:00:00,Pune,Veg Extravaganza,Non-Veg,M,3,379,44,Card,3,1137
4201,6/24/2024,0:00:00,Chennai,Farmhouse,Veg,S,2,299,57,Cash,4,598
4202,6/24/2024,1:00:00,Chennai,Pepper Barbecue,Veg,M,4,272,40,UPI,1,1088
4203,6/24/2024,2:00:00,Chennai,Farmhouse,Veg,S,4,330,23,Card,5,1320
4204,6/24/2024,3:00:00,Chennai,Chicken Dominator,Veg,S,3,381,44,UPI,4,1143
4205,6/24/2024,4:00:00,Chennai,Farmhouse,Non-Veg,S,1,393,49,UPI,4,393
4206,6/24/2024,5:00:00,Delhi,Margherita,Veg,L,2,217,52,Card,4,434
4207,6/24/2024,6:00:00,Chennai,Veg Extravaganza,Veg,M,4,325,58,Cash,1,1300
4208,6/24/2024,7:00:00,Delhi,Peppy Paneer,Veg,L,2,410,45,Wallet,2,820
4209,6/24/2024,8:00:00,Chennai,Veg Extravaganza,Veg,M,3,206,44,Card,1,618
4210,6/24/2024,9:00:00,Pune,Pepper Barbecue,Veg,M,3,579,35,Cash,5,1737
4211,6/24/2024,10:00:00,Chennai,Farmhouse,Non-Veg,L,1,313,43,Card,5,313
4212,6/24/2024,11:00:00,Bangalore,Pepper Barbecue,Veg,S,3,539,24,Card,3,1617
4213,6/24/2024,12:00:00,Chennai,Peppy Paneer,Non-Veg,S,1,283,58,Cash,1,283
4214,6/24/2024,13:00:00,Chennai,Pepper Barbecue,Veg,L,2,538,32,Card,1,1076
4215,6/24/2024,14:00:00,Pune,Chicken Dominator,Veg,M,4,560,49,Card,3,2240
4216,6/24/2024,15:00:00,Hyderabad,Veg Extravaganza,Non-Veg,S,4,301,26,UPI,3,1204
4217,6/24/2024,16:00:00,Pune,Peppy Paneer,Non-Veg,S,1,292,36,Cash,4,292
4218,6/24/2024,17:00:00,Bangalore,Peppy Paneer,Veg,L,4,515,46,UPI,4,2060
4219,6/24/2024,18:00:00,Hyderabad,Peppy Paneer,Non-Veg,L,1,301,54,UPI,5,301
4220,6/24/2024,19:00:00,Mumbai,Margherita,Non-Veg,M,1,450,24,Card,2,450
4221,6/24/2024,20:00:00,Mumbai,Veg Extravaganza,Non-Veg,S,2,223,24,Wallet,5,446
4222,6/24/2024,21:00:00,Bangalore,Pepper Barbecue,Non-Veg,L,2,564,43,Cash,1,1128
4223,6/24/2024,22:00:00,Pune,Peppy Paneer,Non-Veg,M,3,366,26,UPI,2,1098
4224,6/24/2024,23:00:00,Delhi,Veg Extravaganza,Veg,M,1,339,26,Card,4,339
4225,6/25/2024,0:00:00,Bangalore,Peppy Paneer,Non-Veg,M,2,293,33,Wallet,3,586
4226,6/25/2024,1:00:00,Hyderabad,Chicken Dominator,Veg,M,1,380,34,Card,3,380
4227,6/25/2024,2:00:00,Hyderabad,Chicken Dominator,Non-Veg,M,1,263,24,Card,5,263
4228,6/25/2024,3:00:00,Chennai,Chicken Dominator,Veg,L,1,203,56,Card,1,203
4229,6/25/2024,4:00:00,Mumbai,Farmhouse,Veg,L,2,293,23,UPI,1,586
4230,6/25/2024,5:00:00,Hyderabad,Peppy Paneer,Veg,M,1,588,49,Wallet,3,588
4231,6/25/2024,6:00:00,Bangalore,Farmhouse,Veg,S,1,471,39,Cash,5,471
4232,6/25/2024,7:00:00,Hyderabad,Veg Extravaganza,Veg,S,3,482,45,Card,5,1446
4233,6/25/2024,8:00:00,Bangalore,Farmhouse,Veg,M,1,331,28,Card,4,331
4234,6/25/2024,9:00:00,Delhi,Veg Extravaganza,Non-Veg,M,3,271,49,Wallet,4,813
4235,6/25/2024,10:00:00,Chennai,Veg Extravaganza,Non-Veg,M,1,503,41,UPI,4,503
4236,6/25/2024,11:00:00,Mumbai,Veg Extravaganza,Veg,S,3,591,59,UPI,2,1773
4237,6/25/2024,12:00:00,Hyderabad,Pepper Barbecue,Non-Veg,S,2,280,49,UPI,5,560
4238,6/25/2024,13:00:00,Bangalore,Farmhouse,Veg,M,2,373,39,Card,5,746
4239,6/25/2024,14:00:00,Pune,Pepper Barbecue,Veg,M,4,499,47,Cash,4,1996
4240,6/25/2024,15:00:00,Mumbai,Peppy Paneer,Non-Veg,M,1,251,26,Card,3,251
4241,6/25/2024,16:00:00,Delhi,Farmhouse,Non-Veg,M,4,489,23,Card,4,1956
4242,6/25/2024,17:00:00,Bangalore,Peppy Paneer,Veg,L,4,436,47,UPI,2,1744
4243,6/25/2024,18:00:00,Chennai,Peppy Paneer,Veg,L,3,476,54,UPI,3,1428
4244,6/25/2024,19:00:00,Chennai,Veg Extravaganza,Veg,M,2,479,52,UPI,5,958
4245,6/25/2024,20:00:00,Delhi,Farmhouse,Veg,S,1,243,26,Card,2,243
4246,6/25/2024,21:00:00,Delhi,Peppy Paneer,Veg,M,1,569,28,Cash,2,569
4247,6/25/2024,22:00:00,Chennai,Chicken Dominator,Non-Veg,M,3,453,53,Cash,3,1359
4248,6/25/2024,23:00:00,Hyderabad,Peppy Paneer,Non-Veg,S,4,558,58,UPI,4,2232
4249,6/26/2024,0:00:00,Hyderabad,Chicken Dominator,Non-Veg,L,3,333,53,UPI,4,999
4250,6/26/2024,1:00:00,Bangalore,Farmhouse,Veg,M,4,255,32,Cash,1,1020
4251,6/26/2024,2:00:00,Pune,Pepper Barbecue,Non-Veg,M,1,213,48,UPI,3,213
4252,6/26/2024,3:00:00,Bangalore,Farmhouse,Veg,M,3,377,54,UPI,4,1131
4253,6/26/2024,4:00:00,Pune,Pepper Barbecue,Veg,S,4,300,29,UPI,2,1200
4254,6/26/2024,5:00:00,Delhi,Pepper Barbecue,Veg,S,3,379,49,Card,4,1137
4255,6/26/2024,6:00:00,Mumbai,Farmhouse,Non-Veg,M,2,456,45,UPI,4,912
4256,6/26/2024,7:00:00,Bangalore,Peppy Paneer,Non-Veg,S,3,467,54,UPI,2,1401
4257,6/26/2024,8:00:00,Bangalore,Margherita,Veg,S,1,570,47,Card,3,570
4258,6/26/2024,9:00:00,Pune,Peppy Paneer,Veg,L,3,561,48,UPI,1,1683
4259,6/26/2024,10:00:00,Delhi,Peppy Paneer,Veg,M,1,236,25,UPI,4,236
4260,6/26/2024,11:00:00,Delhi,Veg Extravaganza,Non-Veg,S,1,403,22,Card,4,403
4261,6/26/2024,12:00:00,Pune,Veg Extravaganza,Veg,M,3,458,48,Cash,4,1374
4262,6/26/2024,13:00:00,Delhi,Peppy Paneer,Veg,M,3,354,21,UPI,3,1062
4263,6/26/2024,14:00:00,Chennai,Chicken Dominator,Non-Veg,M,3,437,41,UPI,2,1311
4264,6/26/2024,15:00:00,Hyderabad,Pepper Barbecue,Veg,S,2,508,46,UPI,2,1016
4265,6/26/2024,16:00:00,Chennai,Veg Extravaganza,Veg,M,2,299,41,Card,2,598
4266,6/26/2024,17:00:00,Mumbai,Peppy Paneer,Veg,S,4,472,29,Cash,2,1888
4267,6/26/2024,18:00:00,Bangalore,Margherita,Non-Veg,M,3,312,38,UPI,2,936
4268,6/26/2024,19:00:00,Mumbai,Chicken Dominator,Veg,M,4,309,43,Card,2,1236
4269,6/26/2024,20:00:00,Bangalore,Farmhouse,Non-Veg,S,4,342,46,UPI,4,1368
4270,6/26/2024,21:00:00,Hyderabad,Peppy Paneer,Non-Veg,S,1,366,55,UPI,4,366
4271,6/26/2024,22:00:00,Delhi,Peppy Paneer,Veg,M,4,459,36,UPI,2,1836
4272,6/26/2024,23:00:00,Chennai,Pepper Barbecue,Veg,M,3,344,29,Wallet,2,1032
4273,6/27/2024,0:00:00,Pune,Chicken Dominator,Veg,S,2,429,36,Card,3,858
4274,6/27/2024,1:00:00,Chennai,Veg Extravaganza,Veg,S,4,594,29,UPI,3,2376
4275,6/27/2024,2:00:00,Hyderabad,Veg Extravaganza,Non-Veg,L,4,467,29,Cash,5,1868
4276,6/27/2024,3:00:00,Mumbai,Veg Extravaganza,Non-Veg,S,2,231,57,UPI,4,462
4277,6/27/2024,4:00:00,Pune,Farmhouse,Veg,L,4,498,36,UPI,2,1992
4278,6/27/2024,5:00:00,Delhi,Chicken Dominator,Veg,S,3,418,45,Wallet,4,1254
4279,6/27/2024,6:00:00,Hyderabad,Chicken Dominator,Veg,S,4,376,45,UPI,5,1504
4280,6/27/2024,7:00:00,Pune,Veg Extravaganza,Veg,M,1,303,53,Wallet,3,303
4281,6/27/2024,8:00:00,Hyderabad,Veg Extravaganza,Veg,S,4,435,23,Card,5,1740
4282,6/27/2024,9:00:00,Hyderabad,Pepper Barbecue,Veg,S,1,292,46,Wallet,1,292
4283,6/27/2024,10:00:00,Delhi,Margherita,Non-Veg,S,2,400,40,Cash,3,800
4284,6/27/2024,11:00:00,Bangalore,Margherita,Veg,L,2,498,55,UPI,4,996
4285,6/27/2024,12:00:00,Pune,Peppy Paneer,Veg,M,4,586,57,Cash,3,2344
4286,6/27/2024,13:00:00,Delhi,Peppy Paneer,Non-Veg,M,4,430,50,UPI,5,1720
4287,6/27/2024,14:00:00,Hyderabad,Chicken Dominator,Veg,L,2,454,26,Card,2,908
4288,6/27/2024,15:00:00,Delhi,Chicken Dominator,Veg,L,1,284,53,Card,5,284
4289,6/27/2024,16:00:00,Bangalore,Farmhouse,Veg,M,2,234,37,Card,5,468
4290,6/27/2024,17:00:00,Chennai,Farmhouse,Veg,M,2,316,43,Cash,2,632
4291,6/27/2024,18:00:00,Pune,Margherita,Non-Veg,S,1,375,32,Cash,4,375
4292,6/27/2024,19:00:00,Bangalore,Peppy Paneer,Non-Veg,S,2,475,32,Cash,4,950
4293,6/27/2024,20:00:00,Mumbai,Margherita,Non-Veg,S,4,598,44,Cash,3,2392
4294,6/27/2024,21:00:00,Pune,Margherita,Non-Veg,S,4,284,24,UPI,5,1136
4295,6/27/2024,22:00:00,Bangalore,Peppy Paneer,Veg,S,2,316,58,Cash,3,632
4296,6/27/2024,23:00:00,Hyderabad,Farmhouse,Non-Veg,L,4,561,48,Card,2,2244
4297,6/28/2024,0:00:00,Pune,Pepper Barbecue,Non-Veg,L,3,403,52,Cash,1,1209
4298,6/28/2024,1:00:00,Pune,Pepper Barbecue,Veg,S,2,345,43,Wallet,4,690
4299,6/28/2024,2:00:00,Delhi,Pepper Barbecue,Veg,S,3,414,29,UPI,2,1242
4300,6/28/2024,3:00:00,Hyderabad,Peppy Paneer,Veg,S,2,304,44,UPI,4,608
4301,6/28/2024,4:00:00,Mumbai,Veg Extravaganza,Veg,S,2,548,29,Cash,3,1096
4302,6/28/2024,5:00:00,Chennai,Veg Extravaganza,Veg,S,3,496,58,UPI,1,1488
4303,6/28/2024,6:00:00,Bangalore,Veg Extravaganza,Non-Veg,L,2,555,35,Card,5,1110
4304,6/28/2024,7:00:00,Delhi,Chicken Dominator,Non-Veg,S,4,268,47,Cash,4,1072
4305,6/28/2024,8:00:00,Bangalore,Farmhouse,Veg,S,3,454,31,UPI,5,1362
4306,6/28/2024,9:00:00,Mumbai,Farmhouse,Veg,S,2,430,51,Wallet,3,860
4307,6/28/2024,10:00:00,Mumbai,Chicken Dominator,Non-Veg,L,4,402,48,Wallet,4,1608
4308,6/28/2024,11:00:00,Pune,Margherita,Non-Veg,L,3,561,46,UPI,3,1683
4309,6/28/2024,12:00:00,Mumbai,Pepper Barbecue,Veg,L,3,594,45,Cash,5,1782
4310,6/28/2024,13:00:00,Bangalore,Veg Extravaganza,Non-Veg,M,4,447,22,UPI,3,1788
4311,6/28/2024,14:00:00,Hyderabad,Pepper Barbecue,Non-Veg,S,2,595,45,Cash,3,1190
4312,6/28/2024,15:00:00,Hyderabad,Veg Extravaganza,Non-Veg,S,2,448,58,Card,3,896
4313,6/28/2024,16:00:00,Pune,Pepper Barbecue,Veg,M,3,343,20,Cash,2,1029
4314,6/28/2024,17:00:00,Chennai,Margherita,Veg,L,1,482,54,UPI,2,482
4315,6/28/2024,18:00:00,Bangalore,Pepper Barbecue,Non-Veg,S,2,555,46,Card,4,1110
4316,6/28/2024,19:00:00,Bangalore,Pepper Barbecue,Veg,M,2,440,23,Cash,3,880
4317,6/28/2024,20:00:00,Mumbai,Peppy Paneer,Non-Veg,M,4,540,38,UPI,3,2160
4318,6/28/2024,21:00:00,Bangalore,Pepper Barbecue,Veg,S,1,574,41,Cash,3,574
4319,6/28/2024,22:00:00,Delhi,Peppy Paneer,Veg,M,1,428,25,Wallet,2,428
4320,6/28/2024,23:00:00,Chennai,Farmhouse,Veg,M,3,230,28,Card,5,690
4321,6/29/2024,0:00:00,Mumbai,Chicken Dominator,Veg,S,4,308,30,Cash,3,1232
4322,6/29/2024,1:00:00,Delhi,Pepper Barbecue,Non-Veg,M,4,226,41,Card,1,904
4323,6/29/2024,2:00:00,Pune,Farmhouse,Veg,L,2,542,28,Card,4,1084
4324,6/29/2024,3:00:00,Hyderabad,Peppy Paneer,Non-Veg,S,3,359,48,UPI,2,1077
4325,6/29/2024,4:00:00,Pune,Pepper Barbecue,Non-Veg,M,2,216,29,Card,5,432
4326,6/29/2024,5:00:00,Hyderabad,Pepper Barbecue,Veg,S,1,466,53,Card,1,466
4327,6/29/2024,6:00:00,Pune,Margherita,Non-Veg,M,4,328,50,Card,3,1312
4328,6/29/2024,7:00:00,Bangalore,Farmhouse,Veg,L,3,419,41,UPI,2,1257
4329,6/29/2024,8:00:00,Delhi,Veg Extravaganza,Non-Veg,M,2,281,23,UPI,3,562
4330,6/29/2024,9:00:00,Hyderabad,Veg Extravaganza,Veg,S,2,248,21,Cash,4,496
4331,6/29/2024,10:00:00,Mumbai,Margherita,Veg,L,1,240,24,UPI,2,240
4332,6/29/2024,11:00:00,Delhi,Peppy Paneer,Veg,L,4,219,34,UPI,1,876
4333,6/29/2024,12:00:00,Mumbai,Veg Extravaganza,Non-Veg,M,1,526,38,UPI,5,526
4334,6/29/2024,13:00:00,Delhi,Veg Extravaganza,Non-Veg,M,2,236,57,Card,5,472
4335,6/29/2024,14:00:00,Delhi,Chicken Dominator,Veg,S,4,581,34,Wallet,4,2324
4336,6/29/2024,15:00:00,Pune,Farmhouse,Veg,L,4,599,27,Cash,5,2396
4337,6/29/2024,16:00:00,Hyderabad,Peppy Paneer,Veg,M,1,238,39,UPI,5,238
4338,6/29/2024,17:00:00,Hyderabad,Pepper Barbecue,Non-Veg,M,4,308,31,UPI,4,1232
4339,6/29/2024,18:00:00,Delhi,Farmhouse,Veg,S,1,263,23,Wallet,1,263
4340,6/29/2024,19:00:00,Bangalore,Peppy Paneer,Non-Veg,M,4,374,57,Cash,2,1496
4341,6/29/2024,20:00:00,Bangalore,Veg Extravaganza,Veg,L,4,478,58,UPI,2,1912
4342,6/29/2024,21:00:00,Mumbai,Chicken Dominator,Veg,L,3,231,55,Cash,4,693
4343,6/29/2024,22:00:00,Mumbai,Farmhouse,Non-Veg,S,4,408,34,UPI,3,1632
4344,6/29/2024,23:00:00,Pune,Veg Extravaganza,Non-Veg,M,2,578,20,Card,4,1156
4345,6/30/2024,0:00:00,Delhi,Peppy Paneer,Non-Veg,M,3,218,50,UPI,4,654
4346,6/30/2024,1:00:00,Mumbai,Farmhouse,Veg,L,1,305,28,Wallet,4,305
4347,6/30/2024,2:00:00,Mumbai,Pepper Barbecue,Non-Veg,L,2,405,42,Cash,4,810
4348,6/30/2024,3:00:00,Chennai,Farmhouse,Veg,L,1,446,45,UPI,5,446
4349,6/30/2024,4:00:00,Delhi,Veg Extravaganza,Non-Veg,L,1,522,59,Card,5,522
4350,6/30/2024,5:00:00,Pune,Farmhouse,Veg,S,2,366,58,UPI,1,732
4351,6/30/2024,6:00:00,Mumbai,Pepper Barbecue,Veg,L,1,288,37,UPI,4,288
4352,6/30/2024,7:00:00,Pune,Chicken Dominator,Veg,M,3,515,52,UPI,2,1545
4353,6/30/2024,8:00:00,Hyderabad,Chicken Dominator,Veg,S,2,210,58,Card,3,420
4354,6/30/2024,9:00:00,Pune,Veg Extravaganza,Veg,S,1,248,33,UPI,5,248
4355,6/30/2024,10:00:00,Bangalore,Peppy Paneer,Non-Veg,S,1,598,20,Card,2,598
4356,6/30/2024,11:00:00,Bangalore,Veg Extravaganza,Non-Veg,L,4,583,32,Card,5,2332
4357,6/30/2024,12:00:00,Pune,Chicken Dominator,Non-Veg,M,4,260,34,Card,1,1040
4358,6/30/2024,13:00:00,Bangalore,Margherita,Veg,L,1,370,56,UPI,3,370
4359,6/30/2024,14:00:00,Hyderabad,Margherita,Veg,M,2,342,24,UPI,5,684
4360,6/30/2024,15:00:00,Delhi,Farmhouse,Non-Veg,M,3,406,33,UPI,3,1218
4361,6/30/2024,16:00:00,Bangalore,Pepper Barbecue,Veg,S,1,400,33,UPI,3,400
4362,6/30/2024,17:00:00,Bangalore,Farmhouse,Veg,M,1,204,24,Card,2,204
4363,6/30/2024,18:00:00,Pune,Margherita,Non-Veg,M,1,410,30,Wallet,5,410
4364,6/30/2024,19:00:00,Hyderabad,Chicken Dominator,Veg,S,4,228,51,UPI,3,912
4365,6/30/2024,20:00:00,Delhi,Farmhouse,Veg,L,2,389,24,Card,4,778
4366,6/30/2024,21:00:00,Pune,Veg Extravaganza,Non-Veg,M,1,387,55,UPI,3,387
4367,6/30/2024,22:00:00,Pune,Pepper Barbecue,Veg,S,4,524,34,UPI,3,2096
4368,6/30/2024,23:00:00,Chennai,Veg Extravaganza,Non-Veg,L,1,454,26,Card,5,454
4369,7/1/2024,0:00:00,Hyderabad,Pepper Barbecue,Veg,S,1,349,24,Card,4,349
4370,7/1/2024,1:00:00,Delhi,Chicken Dominator,Non-Veg,M,2,212,49,Cash,3,424
4371,7/1/2024,2:00:00,Hyderabad,Farmhouse,Veg,M,4,571,34,Card,5,2284
4372,7/1/2024,3:00:00,Delhi,Pepper Barbecue,Non-Veg,S,3,565,49,UPI,5,1695
4373,7/1/2024,4:00:00,Hyderabad,Veg Extravaganza,Veg,M,2,356,33,Card,3,712
4374,7/1/2024,5:00:00,Pune,Farmhouse,Non-Veg,M,3,279,43,Cash,1,837
4375,7/1/2024,6:00:00,Pune,Farmhouse,Veg,M,4,555,43,Card,1,2220
4376,7/1/2024,7:00:00,Mumbai,Veg Extravaganza,Veg,S,4,472,54,Wallet,2,1888
4377,7/1/2024,8:00:00,Bangalore,Margherita,Non-Veg,S,3,347,24,UPI,1,1041
4378,7/1/2024,9:00:00,Chennai,Pepper Barbecue,Veg,S,4,405,31,Cash,1,1620
4379,7/1/2024,10:00:00,Hyderabad,Veg Extravaganza,Veg,L,2,313,39,UPI,5,626
4380,7/1/2024,11:00:00,Chennai,Chicken Dominator,Veg,S,1,205,24,Card,5,205
4381,7/1/2024,12:00:00,Mumbai,Peppy Paneer,Veg,M,3,477,55,Card,3,1431
4382,7/1/2024,13:00:00,Bangalore,Veg Extravaganza,Veg,L,1,431,40,UPI,3,431
4383,7/1/2024,14:00:00,Hyderabad,Farmhouse,Veg,L,3,336,58,Wallet,5,1008
4384,7/1/2024,15:00:00,Delhi,Farmhouse,Veg,L,1,359,22,UPI,3,359
4385,7/1/2024,16:00:00,Bangalore,Veg Extravaganza,Non-Veg,L,1,543,48,UPI,5,543
4386,7/1/2024,17:00:00,Pune,Peppy Paneer,Veg,M,2,488,44,Cash,1,976
4387,7/1/2024,18:00:00,Mumbai,Veg Extravaganza,Veg,M,1,404,46,UPI,3,404
4388,7/1/2024,19:00:00,Bangalore,Peppy Paneer,Non-Veg,S,3,525,55,UPI,1,1575
4389,7/1/2024,20:00:00,Bangalore,Peppy Paneer,Non-Veg,S,1,504,41,Card,2,504
4390,7/1/2024,21:00:00,Pune,Chicken Dominator,Veg,M,4,559,57,Cash,3,2236
4391,7/1/2024,22:00:00,Hyderabad,Pepper Barbecue,Veg,S,1,357,54,Wallet,5,357
4392,7/1/2024,23:00:00,Delhi,Farmhouse,Non-Veg,L,1,557,20,Cash,5,557
4393,7/2/2024,0:00:00,Pune,Farmhouse,Veg,S,4,599,22,Cash,2,2396
4394,7/2/2024,1:00:00,Delhi,Peppy Paneer,Veg,S,4,305,43,Wallet,5,1220
4395,7/2/2024,2:00:00,Hyderabad,Farmhouse,Veg,M,3,281,27,Card,1,843
4396,7/2/2024,3:00:00,Bangalore,Margherita,Non-Veg,S,4,541,58,UPI,5,2164
4397,7/2/2024,4:00:00,Delhi,Peppy Paneer,Veg,L,4,469,37,Cash,2,1876
4398,7/2/2024,5:00:00,Mumbai,Farmhouse,Non-Veg,L,3,248,22,UPI,4,744
4399,7/2/2024,6:00:00,Mumbai,Margherita,Non-Veg,L,3,405,37,UPI,4,1215
4400,7/2/2024,7:00:00,Pune,Chicken Dominator,Veg,M,1,417,35,Cash,1,417
4401,7/2/2024,8:00:00,Hyderabad,Farmhouse,Non-Veg,L,2,505,51,Wallet,4,1010
4402,7/2/2024,9:00:00,Pune,Margherita,Veg,S,3,363,20,UPI,5,1089
4403,7/2/2024,10:00:00,Pune,Veg Extravaganza,Veg,L,4,478,45,UPI,2,1912
4404,7/2/2024,11:00:00,Chennai,Pepper Barbecue,Veg,S,1,521,31,Card,1,521
4405,7/2/2024,12:00:00,Pune,Veg Extravaganza,Veg,S,4,430,57,UPI,4,1720
4406,7/2/2024,13:00:00,Chennai,Margherita,Veg,L,3,398,40,UPI,5,1194
4407,7/2/2024,14:00:00,Mumbai,Peppy Paneer,Veg,M,2,570,32,Card,5,1140
4408,7/2/2024,15:00:00,Mumbai,Peppy Paneer,Veg,L,1,413,31,UPI,3,413
4409,7/2/2024,16:00:00,Pune,Farmhouse,Veg,M,3,483,32,UPI,3,1449
4410,7/2/2024,17:00:00,Mumbai,Veg Extravaganza,Veg,L,3,475,37,Cash,2,1425
4411,7/2/2024,18:00:00,Hyderabad,Peppy Paneer,Non-Veg,L,4,384,38,Card,1,1536
4412,7/2/2024,19:00:00,Chennai,Peppy Paneer,Veg,M,2,409,38,UPI,4,818
4413,7/2/2024,20:00:00,Chennai,Veg Extravaganza,Non-Veg,M,3,320,25,Card,4,960
4414,7/2/2024,21:00:00,Pune,Chicken Dominator,Veg,M,4,415,26,UPI,5,1660
4415,7/2/2024,22:00:00,Mumbai,Peppy Paneer,Veg,L,1,296,26,Wallet,4,296
4416,7/2/2024,23:00:00,Delhi,Pepper Barbecue,Veg,S,4,318,47,UPI,2,1272
4417,7/3/2024,0:00:00,Chennai,Margherita,Veg,M,1,564,47,Wallet,3,564
4418,7/3/2024,1:00:00,Pune,Farmhouse,Veg,M,4,481,38,Cash,5,1924
4419,7/3/2024,2:00:00,Pune,Peppy Paneer,Veg,S,2,305,35,Card,1,610
4420,7/3/2024,3:00:00,Hyderabad,Pepper Barbecue,Non-Veg,S,4,596,36,UPI,5,2384
4421,7/3/2024,4:00:00,Bangalore,Pepper Barbecue,Non-Veg,M,2,517,41,Cash,4,1034
4422,7/3/2024,5:00:00,Bangalore,Peppy Paneer,Veg,L,2,581,38,UPI,2,1162
4423,7/3/2024,6:00:00,Chennai,Chicken Dominator,Non-Veg,M,1,341,48,UPI,1,341
4424,7/3/2024,7:00:00,Hyderabad,Margherita,Veg,M,4,594,38,UPI,5,2376
4425,7/3/2024,8:00:00,Hyderabad,Farmhouse,Veg,M,4,522,54,Card,4,2088
4426,7/3/2024,9:00:00,Hyderabad,Peppy Paneer,Non-Veg,M,4,467,44,UPI,5,1868
4427,7/3/2024,10:00:00,Chennai,Farmhouse,Veg,L,2,490,39,Wallet,1,980
4428,7/3/2024,11:00:00,Bangalore,Veg Extravaganza,Veg,M,3,565,56,UPI,4,1695
4429,7/3/2024,12:00:00,Hyderabad,Pepper Barbecue,Veg,S,4,366,38,Cash,3,1464
4430,7/3/2024,13:00:00,Mumbai,Pepper Barbecue,Veg,S,4,359,32,UPI,1,1436
4431,7/3/2024,14:00:00,Pune,Peppy Paneer,Veg,L,3,430,31,UPI,3,1290
4432,7/3/2024,15:00:00,Pune,Peppy Paneer,Veg,L,1,213,34,UPI,3,213
4433,7/3/2024,16:00:00,Delhi,Veg Extravaganza,Veg,S,4,392,23,Wallet,4,1568
4434,7/3/2024,17:00:00,Delhi,Chicken Dominator,Veg,S,3,354,34,UPI,5,1062
4435,7/3/2024,18:00:00,Chennai,Peppy Paneer,Non-Veg,M,4,300,36,Card,5,1200
4436,7/3/2024,19:00:00,Chennai,Pepper Barbecue,Veg,L,2,259,46,UPI,2,518
4437,7/3/2024,20:00:00,Pune,Farmhouse,Non-Veg,M,3,242,30,Cash,1,726
4438,7/3/2024,21:00:00,Mumbai,Margherita,Non-Veg,L,2,392,42,UPI,1,784
4439,7/3/2024,22:00:00,Bangalore,Farmhouse,Non-Veg,L,3,510,34,UPI,4,1530
4440,7/3/2024,23:00:00,Bangalore,Chicken Dominator,Non-Veg,L,1,308,50,Card,4,308
4441,7/4/2024,0:00:00,Chennai,Margherita,Veg,M,2,292,45,UPI,2,584
4442,7/4/2024,1:00:00,Mumbai,Farmhouse,Veg,M,4,415,26,Card,2,1660
4443,7/4/2024,2:00:00,Chennai,Farmhouse,Veg,L,3,362,32,UPI,3,1086
4444,7/4/2024,3:00:00,Bangalore,Veg Extravaganza,Non-Veg,M,4,550,32,Card,2,2200
4445,7/4/2024,4:00:00,Chennai,Chicken Dominator,Veg,S,1,433,39,UPI,5,433
4446,7/4/2024,5:00:00,Hyderabad,Pepper Barbecue,Veg,S,3,550,53,UPI,3,1650
4447,7/4/2024,6:00:00,Chennai,Veg Extravaganza,Veg,M,1,366,29,Card,2,366
4448,7/4/2024,7:00:00,Pune,Margherita,Non-Veg,M,3,347,56,UPI,5,1041
4449,7/4/2024,8:00:00,Chennai,Pepper Barbecue,Veg,M,2,227,46,Card,5,454
4450,7/4/2024,9:00:00,Pune,Veg Extravaganza,Veg,S,4,458,53,Card,3,1832
4451,7/4/2024,10:00:00,Mumbai,Chicken Dominator,Veg,M,2,285,55,Wallet,3,570
4452,7/4/2024,11:00:00,Bangalore,Peppy Paneer,Non-Veg,S,2,307,35,UPI,5,614
4453,7/4/2024,12:00:00,Delhi,Peppy Paneer,Veg,M,2,316,40,Card,4,632
4454,7/4/2024,13:00:00,Delhi,Margherita,Veg,M,2,563,35,UPI,3,1126
4455,7/4/2024,14:00:00,Bangalore,Peppy Paneer,Non-Veg,L,3,214,36,UPI,1,642
4456,7/4/2024,15:00:00,Delhi,Veg Extravaganza,Veg,L,4,410,34,Card,4,1640
4457,7/4/2024,16:00:00,Chennai,Margherita,Non-Veg,L,3,517,32,UPI,1,1551
4458,7/4/2024,17:00:00,Mumbai,Pepper Barbecue,Veg,L,3,230,52,Card,2,690
4459,7/4/2024,18:00:00,Mumbai,Chicken Dominator,Veg,M,3,481,24,Card,3,1443
4460,7/4/2024,19:00:00,Bangalore,Margherita,Non-Veg,S,2,384,46,Card,3,768
4461,7/4/2024,20:00:00,Delhi,Pepper Barbecue,Non-Veg,M,1,265,20,UPI,5,265
4462,7/4/2024,21:00:00,Chennai,Margherita,Veg,M,2,570,49,UPI,3,1140
4463,7/4/2024,22:00:00,Mumbai,Farmhouse,Veg,M,3,515,42,UPI,1,1545
4464,7/4/2024,23:00:00,Mumbai,Farmhouse,Non-Veg,M,2,262,34,UPI,4,524
4465,7/5/2024,0:00:00,Hyderabad,Margherita,Veg,L,4,427,55,UPI,2,1708
4466,7/5/2024,1:00:00,Hyderabad,Peppy Paneer,Non-Veg,S,4,300,38,UPI,4,1200
4467,7/5/2024,2:00:00,Mumbai,Farmhouse,Non-Veg,M,2,555,49,Card,1,1110
4468,7/5/2024,3:00:00,Bangalore,Chicken Dominator,Veg,L,2,338,35,UPI,2,676
4469,7/5/2024,4:00:00,Pune,Pepper Barbecue,Non-Veg,L,1,318,37,Cash,5,318
4470,7/5/2024,5:00:00,Pune,Veg Extravaganza,Veg,S,2,256,45,Wallet,3,512
4471,7/5/2024,6:00:00,Chennai,Farmhouse,Non-Veg,L,2,330,36,UPI,3,660
4472,7/5/2024,7:00:00,Mumbai,Margherita,Veg,S,1,236,30,UPI,5,236
4473,7/5/2024,8:00:00,Mumbai,Peppy Paneer,Non-Veg,L,2,310,48,Card,1,620
4474,7/5/2024,9:00:00,Mumbai,Veg Extravaganza,Non-Veg,M,2,352,28,UPI,5,704
4475,7/5/2024,10:00:00,Bangalore,Pepper Barbecue,Non-Veg,M,2,449,36,Cash,1,898
4476,7/5/2024,11:00:00,Hyderabad,Pepper Barbecue,Non-Veg,L,2,441,46,UPI,2,882
4477,7/5/2024,12:00:00,Mumbai,Farmhouse,Veg,S,2,407,56,UPI,4,814
4478,7/5/2024,13:00:00,Mumbai,Pepper Barbecue,Veg,S,3,567,41,UPI,4,1701
4479,7/5/2024,14:00:00,Delhi,Pepper Barbecue,Non-Veg,M,2,369,27,UPI,5,738
4480,7/5/2024,15:00:00,Bangalore,Peppy Paneer,Non-Veg,S,1,456,22,UPI,3,456
4481,7/5/2024,16:00:00,Chennai,Peppy Paneer,Non-Veg,L,2,478,57,UPI,5,956
4482,7/5/2024,17:00:00,Mumbai,Peppy Paneer,Non-Veg,M,3,562,54,UPI,3,1686
4483,7/5/2024,18:00:00,Delhi,Margherita,Veg,S,1,312,51,Card,5,312
4484,7/5/2024,19:00:00,Pune,Pepper Barbecue,Veg,M,1,374,27,UPI,5,374
4485,7/5/2024,20:00:00,Chennai,Pepper Barbecue,Veg,M,2,288,46,Cash,4,576
4486,7/5/2024,21:00:00,Mumbai,Pepper Barbecue,Non-Veg,S,4,334,51,UPI,3,1336
4487,7/5/2024,22:00:00,Mumbai,Chicken Dominator,Veg,M,3,493,55,UPI,4,1479
4488,7/5/2024,23:00:00,Delhi,Peppy Paneer,Non-Veg,L,4,502,53,UPI,3,2008
4489,7/6/2024,0:00:00,Bangalore,Veg Extravaganza,Veg,M,2,558,44,Card,2,1116
4490,7/6/2024,1:00:00,Mumbai,Farmhouse,Veg,M,3,405,50,Card,2,1215
4491,7/6/2024,2:00:00,Pune,Veg Extravaganza,Veg,M,4,517,32,UPI,2,2068
4492,7/6/2024,3:00:00,Mumbai,Margherita,Veg,S,3,272,34,UPI,1,816
4493,7/6/2024,4:00:00,Pune,Margherita,Non-Veg,S,2,458,32,Wallet,4,916
4494,7/6/2024,5:00:00,Chennai,Pepper Barbecue,Veg,L,3,557,52,Cash,4,1671
4495,7/6/2024,6:00:00,Chennai,Veg Extravaganza,Veg,L,2,347,50,UPI,2,694
4496,7/6/2024,7:00:00,Hyderabad,Pepper Barbecue,Veg,S,4,424,44,Card,5,1696
4497,7/6/2024,8:00:00,Hyderabad,Chicken Dominator,Non-Veg,M,3,304,59,UPI,4,912
4498,7/6/2024,9:00:00,Pune,Margherita,Non-Veg,L,1,243,42,UPI,3,243
4499,7/6/2024,10:00:00,Bangalore,Margherita,Veg,S,2,555,57,Cash,4,1110
4500,7/6/2024,11:00:00,Mumbai,Veg Extravaganza,Non-Veg,S,3,225,22,Card,4,675
4501,7/6/2024,12:00:00,Mumbai,Margherita,Veg,L,1,503,35,UPI,3,503
4502,7/6/2024,13:00:00,Hyderabad,Chicken Dominator,Veg,L,1,460,21,Cash,2,460
4503,7/6/2024,14:00:00,Pune,Chicken Dominator,Non-Veg,S,1,258,42,Card,2,258
4504,7/6/2024,15:00:00,Mumbai,Chicken Dominator,Veg,M,1,260,53,UPI,3,260
4505,7/6/2024,16:00:00,Mumbai,Farmhouse,Non-Veg,S,2,504,49,UPI,4,1008
4506,7/6/2024,17:00:00,Bangalore,Chicken Dominator,Veg,M,3,269,29,Card,4,807
4507,7/6/2024,18:00:00,Delhi,Chicken Dominator,Non-Veg,L,1,470,20,UPI,2,470
4508,7/6/2024,19:00:00,Hyderabad,Farmhouse,Veg,M,3,456,41,Card,1,1368
4509,7/6/2024,20:00:00,Hyderabad,Pepper Barbecue,Veg,M,3,596,52,UPI,2,1788
4510,7/6/2024,21:00:00,Delhi,Peppy Paneer,Non-Veg,M,4,583,44,UPI,3,2332
4511,7/6/2024,22:00:00,Mumbai,Margherita,Veg,S,3,324,41,Cash,1,972
4512,7/6/2024,23:00:00,Bangalore,Chicken Dominator,Veg,S,2,218,35,Wallet,1,436
4513,7/7/2024,0:00:00,Bangalore,Margherita,Veg,L,2,318,49,Card,3,636
4514,7/7/2024,1:00:00,Hyderabad,Veg Extravaganza,Veg,M,1,519,37,Card,5,519
4515,7/7/2024,2:00:00,Bangalore,Margherita,Veg,S,3,265,43,Cash,2,795
4516,7/7/2024,3:00:00,Chennai,Pepper Barbecue,Veg,M,2,444,24,Card,4,888
4517,7/7/2024,4:00:00,Delhi,Farmhouse,Non-Veg,L,2,256,56,UPI,2,512
4518,7/7/2024,5:00:00,Mumbai,Margherita,Veg,M,2,243,42,UPI,3,486
4519,7/7/2024,6:00:00,Chennai,Margherita,Non-Veg,M,1,211,46,Card,4,211
4520,7/7/2024,7:00:00,Delhi,Margherita,Veg,S,2,577,31,UPI,5,1154
4521,7/7/2024,8:00:00,Pune,Peppy Paneer,Veg,S,3,435,29,UPI,3,1305
4522,7/7/2024,9:00:00,Hyderabad,Peppy Paneer,Veg,L,2,223,53,Card,2,446
4523,7/7/2024,10:00:00,Bangalore,Veg Extravaganza,Veg,M,2,594,52,UPI,1,1188
4524,7/7/2024,11:00:00,Pune,Farmhouse,Veg,L,1,456,35,UPI,3,456
4525,7/7/2024,12:00:00,Bangalore,Margherita,Veg,L,3,483,48,UPI,3,1449
4526,7/7/2024,13:00:00,Chennai,Margherita,Veg,L,2,523,37,UPI,2,1046
4527,7/7/2024,14:00:00,Mumbai,Margherita,Veg,S,3,560,46,Cash,5,1680
4528,7/7/2024,15:00:00,Mumbai,Margherita,Veg,S,3,450,26,Card,2,1350
4529,7/7/2024,16:00:00,Mumbai,Peppy Paneer,Veg,M,2,293,55,Cash,2,586
4530,7/7/2024,17:00:00,Bangalore,Pepper Barbecue,Non-Veg,S,1,579,46,Card,5,579
4531,7/7/2024,18:00:00,Pune,Pepper Barbecue,Veg,L,3,579,29,Card,5,1737
4532,7/7/2024,19:00:00,Mumbai,Veg Extravaganza,Veg,L,4,221,29,Card,3,884
4533,7/7/2024,20:00:00,Pune,Chicken Dominator,Veg,M,2,356,30,UPI,1,712
4534,7/7/2024,21:00:00,Bangalore,Farmhouse,Veg,S,3,288,49,Card,2,864
4535,7/7/2024,22:00:00,Chennai,Pepper Barbecue,Veg,S,3,401,22,Card,1,1203
4536,7/7/2024,23:00:00,Pune,Margherita,Non-Veg,M,3,396,48,Wallet,5,1188
4537,7/8/2024,0:00:00,Chennai,Pepper Barbecue,Non-Veg,L,2,244,33,Cash,5,488
4538,7/8/2024,1:00:00,Bangalore,Veg Extravaganza,Non-Veg,M,4,579,32,UPI,2,2316
4539,7/8/2024,2:00:00,Bangalore,Chicken Dominator,Non-Veg,S,3,278,38,UPI,3,834
4540,7/8/2024,3:00:00,Hyderabad,Pepper Barbecue,Veg,S,3,238,44,Card,2,714
4541,7/8/2024,4:00:00,Bangalore,Veg Extravaganza,Veg,L,1,483,29,UPI,3,483
4542,7/8/2024,5:00:00,Bangalore,Peppy Paneer,Non-Veg,M,2,585,34,UPI,4,1170
4543,7/8/2024,6:00:00,Delhi,Chicken Dominator,Veg,L,2,354,47,UPI,3,708
4544,7/8/2024,7:00:00,Mumbai,Veg Extravaganza,Veg,L,3,348,59,UPI,2,1044
4545,7/8/2024,8:00:00,Hyderabad,Pepper Barbecue,Non-Veg,M,1,542,57,UPI,2,542
4546,7/8/2024,9:00:00,Hyderabad,Peppy Paneer,Non-Veg,S,3,590,26,Card,3,1770
4547,7/8/2024,10:00:00,Hyderabad,Veg Extravaganza,Veg,M,3,251,33,Wallet,1,753
4548,7/8/2024,11:00:00,Delhi,Veg Extravaganza,Veg,M,2,450,49,UPI,3,900
4549,7/8/2024,12:00:00,Chennai,Pepper Barbecue,Non-Veg,L,1,581,59,UPI,4,581
4550,7/8/2024,13:00:00,Bangalore,Chicken Dominator,Non-Veg,S,3,346,31,Card,4,1038
4551,7/8/2024,14:00:00,Mumbai,Peppy Paneer,Non-Veg,S,2,528,47,UPI,1,1056
4552,7/8/2024,15:00:00,Pune,Margherita,Non-Veg,M,3,595,33,Wallet,4,1785
4553,7/8/2024,16:00:00,Chennai,Farmhouse,Veg,S,3,549,20,UPI,2,1647
4554,7/8/2024,17:00:00,Bangalore,Chicken Dominator,Veg,M,1,457,23,Wallet,1,457
4555,7/8/2024,18:00:00,Delhi,Peppy Paneer,Veg,S,1,472,37,UPI,1,472
4556,7/8/2024,19:00:00,Bangalore,Veg Extravaganza,Veg,S,1,324,55,Cash,1,324
4557,7/8/2024,20:00:00,Bangalore,Peppy Paneer,Non-Veg,M,3,403,51,Card,3,1209
4558,7/8/2024,21:00:00,Delhi,Farmhouse,Non-Veg,M,4,455,47,Wallet,3,1820
4559,7/8/2024,22:00:00,Hyderabad,Pepper Barbecue,Veg,M,1,330,47,Card,1,330
4560,7/8/2024,23:00:00,Hyderabad,Farmhouse,Veg,S,4,220,57,Card,4,880
4561,7/9/2024,0:00:00,Mumbai,Margherita,Veg,L,4,277,51,Card,2,1108
4562,7/9/2024,1:00:00,Mumbai,Margherita,Non-Veg,S,4,534,27,Cash,2,2136
4563,7/9/2024,2:00:00,Hyderabad,Farmhouse,Veg,S,2,250,44,Cash,3,500
4564,7/9/2024,3:00:00,Chennai,Chicken Dominator,Veg,M,3,561,39,UPI,5,1683
4565,7/9/2024,4:00:00,Pune,Chicken Dominator,Veg,S,1,560,52,UPI,1,560
4566,7/9/2024,5:00:00,Bangalore,Veg Extravaganza,Veg,M,3,465,49,UPI,5,1395
4567,7/9/2024,6:00:00,Pune,Margherita,Non-Veg,L,3,315,56,UPI,2,945
4568,7/9/2024,7:00:00,Bangalore,Veg Extravaganza,Veg,M,2,254,35,Cash,3,508
4569,7/9/2024,8:00:00,Hyderabad,Margherita,Veg,M,2,491,44,UPI,3,982
4570,7/9/2024,9:00:00,Mumbai,Farmhouse,Veg,M,2,250,57,Card,3,500
4571,7/9/2024,10:00:00,Chennai,Chicken Dominator,Veg,S,3,529,29,Card,3,1587
4572,7/9/2024,11:00:00,Mumbai,Chicken Dominator,Non-Veg,M,4,472,24,Cash,3,1888
4573,7/9/2024,12:00:00,Pune,Farmhouse,Veg,M,3,453,27,Card,1,1359
4574,7/9/2024,13:00:00,Mumbai,Veg Extravaganza,Veg,L,2,260,52,UPI,5,520
4575,7/9/2024,14:00:00,Hyderabad,Veg Extravaganza,Non-Veg,S,3,546,56,Wallet,2,1638
4576,7/9/2024,15:00:00,Chennai,Peppy Paneer,Veg,M,2,596,20,UPI,2,1192
4577,7/9/2024,16:00:00,Pune,Margherita,Non-Veg,L,2,550,50,Cash,3,1100
4578,7/9/2024,17:00:00,Chennai,Veg Extravaganza,Veg,L,1,424,26,UPI,3,424
4579,7/9/2024,18:00:00,Bangalore,Farmhouse,Veg,L,4,535,42,UPI,3,2140
4580,7/9/2024,19:00:00,Mumbai,Veg Extravaganza,Non-Veg,M,2,302,43,Cash,4,604
4581,7/9/2024,20:00:00,Chennai,Chicken Dominator,Non-Veg,M,1,247,33,Cash,2,247
4582,7/9/2024,21:00:00,Delhi,Margherita,Veg,L,4,424,42,UPI,3,1696
4583,7/9/2024,22:00:00,Mumbai,Pepper Barbecue,Veg,S,2,541,28,Card,5,1082
4584,7/9/2024,23:00:00,Bangalore,Peppy Paneer,Veg,S,4,432,27,Card,4,1728
4585,7/10/2024,0:00:00,Chennai,Margherita,Veg,L,4,269,27,UPI,1,1076
4586,7/10/2024,1:00:00,Pune,Chicken Dominator,Veg,M,3,246,22,Card,4,738
4587,7/10/2024,2:00:00,Bangalore,Chicken Dominator,Non-Veg,L,1,427,51,Cash,4,427
4588,7/10/2024,3:00:00,Delhi,Chicken Dominator,Veg,L,4,209,23,Cash,4,836
4589,7/10/2024,4:00:00,Chennai,Chicken Dominator,Veg,L,3,384,57,Card,5,1152
4590,7/10/2024,5:00:00,Hyderabad,Farmhouse,Veg,S,4,279,21,Card,2,1116
4591,7/10/2024,6:00:00,Mumbai,Peppy Paneer,Veg,M,3,212,28,UPI,3,636
4592,7/10/2024,7:00:00,Pune,Pepper Barbecue,Non-Veg,L,2,513,20,UPI,5,1026
4593,7/10/2024,8:00:00,Hyderabad,Chicken Dominator,Veg,L,2,539,30,UPI,5,1078
4594,7/10/2024,9:00:00,Chennai,Chicken Dominator,Veg,M,3,523,48,Wallet,3,1569
4595,7/10/2024,10:00:00,Chennai,Veg Extravaganza,Non-Veg,S,2,283,45,UPI,4,566
4596,7/10/2024,11:00:00,Bangalore,Peppy Paneer,Veg,L,2,285,46,UPI,1,570
4597,7/10/2024,12:00:00,Chennai,Margherita,Veg,M,2,356,57,Card,4,712
4598,7/10/2024,13:00:00,Pune,Peppy Paneer,Veg,M,4,343,48,UPI,4,1372
4599,7/10/2024,14:00:00,Hyderabad,Peppy Paneer,Non-Veg,M,3,262,52,Cash,2,786
4600,7/10/2024,15:00:00,Pune,Pepper Barbecue,Non-Veg,M,1,242,47,UPI,4,242
4601,7/10/2024,16:00:00,Delhi,Peppy Paneer,Veg,L,1,357,50,Cash,1,357
4602,7/10/2024,17:00:00,Delhi,Pepper Barbecue,Veg,M,3,384,38,UPI,5,1152
4603,7/10/2024,18:00:00,Mumbai,Chicken Dominator,Non-Veg,M,4,485,45,UPI,4,1940
4604,7/10/2024,19:00:00,Mumbai,Chicken Dominator,Veg,S,2,522,48,Cash,5,1044
4605,7/10/2024,20:00:00,Delhi,Farmhouse,Veg,M,2,223,30,Card,2,446
4606,7/10/2024,21:00:00,Chennai,Pepper Barbecue,Non-Veg,M,4,556,51,UPI,1,2224
4607,7/10/2024,22:00:00,Pune,Pepper Barbecue,Veg,L,1,404,40,UPI,3,404
4608,7/10/2024,23:00:00,Delhi,Margherita,Veg,M,3,561,57,UPI,3,1683
4609,7/11/2024,0:00:00,Mumbai,Veg Extravaganza,Non-Veg,M,3,423,53,UPI,2,1269
4610,7/11/2024,1:00:00,Delhi,Peppy Paneer,Veg,M,4,300,59,Card,1,1200
4611,7/11/2024,2:00:00,Chennai,Margherita,Veg,M,2,403,41,Card,5,806
4612,7/11/2024,3:00:00,Delhi,Pepper Barbecue,Veg,M,2,207,46,UPI,2,414
4613,7/11/2024,4:00:00,Pune,Margherita,Veg,M,2,371,27,UPI,4,742
4614,7/11/2024,5:00:00,Hyderabad,Farmhouse,Veg,M,3,407,59,Card,5,1221
4615,7/11/2024,6:00:00,Chennai,Veg Extravaganza,Veg,M,1,295,50,UPI,4,295
4616,7/11/2024,7:00:00,Mumbai,Pepper Barbecue,Non-Veg,S,3,361,20,Card,4,1083
4617,7/11/2024,8:00:00,Pune,Pepper Barbecue,Non-Veg,L,4,490,58,Card,5,1960
4618,7/11/2024,9:00:00,Delhi,Peppy Paneer,Veg,L,3,295,53,UPI,4,885
4619,7/11/2024,10:00:00,Delhi,Veg Extravaganza,Non-Veg,M,4,505,43,UPI,3,2020
4620,7/11/2024,11:00:00,Hyderabad,Farmhouse,Non-Veg,M,3,344,47,UPI,5,1032
4621,7/11/2024,12:00:00,Mumbai,Chicken Dominator,Non-Veg,L,1,457,23,Card,2,457
4622,7/11/2024,13:00:00,Mumbai,Margherita,Veg,S,4,499,37,Card,3,1996
4623,7/11/2024,14:00:00,Bangalore,Peppy Paneer,Non-Veg,L,2,301,48,Card,2,602
4624,7/11/2024,15:00:00,Mumbai,Pepper Barbecue,Veg,S,2,376,42,Wallet,1,752
4625,7/11/2024,16:00:00,Hyderabad,Chicken Dominator,Veg,M,3,585,56,Card,2,1755
4626,7/11/2024,17:00:00,Bangalore,Farmhouse,Veg,L,3,527,46,Card,5,1581
4627,7/11/2024,18:00:00,Bangalore,Veg Extravaganza,Non-Veg,M,1,309,35,UPI,2,309
4628,7/11/2024,19:00:00,Delhi,Margherita,Veg,M,1,397,46,UPI,1,397
4629,7/11/2024,20:00:00,Delhi,Peppy Paneer,Veg,L,2,592,28,UPI,4,1184
4630,7/11/2024,21:00:00,Mumbai,Pepper Barbecue,Non-Veg,L,3,328,24,Card,5,984
4631,7/11/2024,22:00:00,Bangalore,Pepper Barbecue,Non-Veg,M,4,558,27,UPI,3,2232
4632,7/11/2024,23:00:00,Delhi,Chicken Dominator,Non-Veg,M,1,336,37,Card,3,336
4633,7/12/2024,0:00:00,Hyderabad,Chicken Dominator,Veg,M,4,597,54,Card,2,2388
4634,7/12/2024,1:00:00,Delhi,Margherita,Veg,L,4,226,25,UPI,3,904
4635,7/12/2024,2:00:00,Chennai,Veg Extravaganza,Non-Veg,L,1,336,42,Card,1,336
4636,7/12/2024,3:00:00,Chennai,Farmhouse,Veg,L,3,363,45,UPI,3,1089
4637,7/12/2024,4:00:00,Delhi,Veg Extravaganza,Non-Veg,L,4,548,58,Card,2,2192
4638,7/12/2024,5:00:00,Bangalore,Veg Extravaganza,Veg,S,3,555,43,Card,3,1665
4639,7/12/2024,6:00:00,Bangalore,Veg Extravaganza,Non-Veg,L,4,330,29,Card,4,1320
4640,7/12/2024,7:00:00,Pune,Margherita,Veg,L,3,572,34,UPI,4,1716
4641,7/12/2024,8:00:00,Chennai,Margherita,Veg,L,3,350,57,UPI,3,1050
4642,7/12/2024,9:00:00,Hyderabad,Farmhouse,Non-Veg,S,3,577,39,UPI,5,1731
4643,7/12/2024,10:00:00,Bangalore,Veg Extravaganza,Veg,L,3,445,48,UPI,3,1335
4644,7/12/2024,11:00:00,Mumbai,Margherita,Veg,S,1,309,25,Wallet,4,309
4645,7/12/2024,12:00:00,Chennai,Farmhouse,Non-Veg,S,4,272,28,UPI,4,1088
4646,7/12/2024,13:00:00,Hyderabad,Pepper Barbecue,Veg,M,3,485,24,Wallet,1,1455
4647,7/12/2024,14:00:00,Hyderabad,Farmhouse,Veg,M,2,474,58,Wallet,2,948
4648,7/12/2024,15:00:00,Bangalore,Veg Extravaganza,Veg,M,4,557,38,UPI,1,2228
4649,7/12/2024,16:00:00,Hyderabad,Peppy Paneer,Veg,L,4,266,24,UPI,5,1064
4650,7/12/2024,17:00:00,Bangalore,Veg Extravaganza,Veg,M,3,249,39,Cash,2,747
4651,7/12/2024,18:00:00,Delhi,Peppy Paneer,Non-Veg,S,4,503,30,UPI,3,2012
4652,7/12/2024,19:00:00,Chennai,Farmhouse,Non-Veg,S,2,202,46,Card,3,404
4653,7/12/2024,20:00:00,Pune,Pepper Barbecue,Veg,L,2,425,48,UPI,5,850
4654,7/12/2024,21:00:00,Delhi,Pepper Barbecue,Veg,S,2,265,26,UPI,4,530
4655,7/12/2024,22:00:00,Chennai,Margherita,Non-Veg,S,4,354,22,UPI,3,1416
4656,7/12/2024,23:00:00,Bangalore,Pepper Barbecue,Non-Veg,M,4,561,24,UPI,1,2244
4657,7/13/2024,0:00:00,Chennai,Chicken Dominator,Veg,M,3,310,32,Card,4,930
4658,7/13/2024,1:00:00,Bangalore,Farmhouse,Non-Veg,L,4,495,35,Wallet,3,1980
4659,7/13/2024,2:00:00,Delhi,Margherita,Non-Veg,L,4,580,31,UPI,4,2320
4660,7/13/2024,3:00:00,Mumbai,Pepper Barbecue,Veg,L,3,455,58,Card,2,1365
4661,7/13/2024,4:00:00,Mumbai,Farmhouse,Veg,M,2,473,46,UPI,3,946
4662,7/13/2024,5:00:00,Chennai,Veg Extravaganza,Veg,M,3,354,52,UPI,3,1062
4663,7/13/2024,6:00:00,Mumbai,Pepper Barbecue,Non-Veg,M,1,338,34,Card,4,338
4664,7/13/2024,7:00:00,Bangalore,Peppy Paneer,Non-Veg,M,4,366,40,Card,2,1464
4665,7/13/2024,8:00:00,Hyderabad,Farmhouse,Non-Veg,S,4,218,36,UPI,1,872
4666,7/13/2024,9:00:00,Bangalore,Margherita,Veg,M,1,544,56,Cash,2,544
4667,7/13/2024,10:00:00,Hyderabad,Veg Extravaganza,Non-Veg,S,1,590,34,Card,1,590
4668,7/13/2024,11:00:00,Delhi,Chicken Dominator,Non-Veg,L,1,422,39,UPI,5,422
4669,7/13/2024,12:00:00,Pune,Veg Extravaganza,Non-Veg,L,3,256,38,Card,2,768
4670,7/13/2024,13:00:00,Hyderabad,Pepper Barbecue,Veg,S,2,585,20,UPI,1,1170
4671,7/13/2024,14:00:00,Mumbai,Peppy Paneer,Non-Veg,S,3,493,23,Card,4,1479
4672,7/13/2024,15:00:00,Bangalore,Veg Extravaganza,Veg,L,1,332,22,Card,1,332
4673,7/13/2024,16:00:00,Delhi,Chicken Dominator,Non-Veg,M,3,537,27,UPI,5,1611
4674,7/13/2024,17:00:00,Mumbai,Margherita,Non-Veg,L,4,491,24,Cash,1,1964
4675,7/13/2024,18:00:00,Delhi,Farmhouse,Veg,M,3,543,28,Card,2,1629
4676,7/13/2024,19:00:00,Pune,Peppy Paneer,Non-Veg,L,1,404,20,Card,1,404
4677,7/13/2024,20:00:00,Bangalore,Chicken Dominator,Veg,L,4,318,49,UPI,2,1272
4678,7/13/2024,21:00:00,Chennai,Pepper Barbecue,Non-Veg,S,2,452,26,Card,5,904
4679,7/13/2024,22:00:00,Bangalore,Pepper Barbecue,Veg,S,3,284,41,UPI,1,852
4680,7/13/2024,23:00:00,Pune,Pepper Barbecue,Non-Veg,M,3,384,39,Cash,1,1152
4681,7/14/2024,0:00:00,Bangalore,Peppy Paneer,Non-Veg,L,1,424,48,Card,5,424
4682,7/14/2024,1:00:00,Chennai,Veg Extravaganza,Veg,S,2,347,46,UPI,1,694
4683,7/14/2024,2:00:00,Hyderabad,Peppy Paneer,Veg,M,4,588,44,UPI,2,2352
4684,7/14/2024,3:00:00,Delhi,Pepper Barbecue,Veg,M,1,479,54,Cash,3,479
4685,7/14/2024,4:00:00,Chennai,Chicken Dominator,Veg,L,1,426,46,Card,3,426
4686,7/14/2024,5:00:00,Mumbai,Farmhouse,Veg,L,3,485,30,Wallet,2,1455
4687,7/14/2024,6:00:00,Pune,Farmhouse,Non-Veg,M,2,483,36,UPI,1,966
4688,7/14/2024,7:00:00,Hyderabad,Peppy Paneer,Non-Veg,S,1,380,50,Card,2,380
4689,7/14/2024,8:00:00,Mumbai,Pepper Barbecue,Non-Veg,S,3,308,37,Card,5,924
4690,7/14/2024,9:00:00,Mumbai,Margherita,Veg,M,4,334,38,Card,2,1336
4691,7/14/2024,10:00:00,Pune,Peppy Paneer,Non-Veg,M,1,490,57,Card,3,490
4692,7/14/2024,11:00:00,Hyderabad,Pepper Barbecue,Non-Veg,M,4,574,48,UPI,4,2296
4693,7/14/2024,12:00:00,Mumbai,Veg Extravaganza,Veg,L,4,489,34,Card,5,1956
4694,7/14/2024,13:00:00,Mumbai,Farmhouse,Veg,M,3,302,26,Card,1,906
4695,7/14/2024,14:00:00,Hyderabad,Farmhouse,Veg,L,2,400,56,UPI,2,800
4696,7/14/2024,15:00:00,Bangalore,Farmhouse,Non-Veg,S,4,316,56,UPI,5,1264
4697,7/14/2024,16:00:00,Mumbai,Margherita,Veg,S,1,531,26,Card,3,531
4698,7/14/2024,17:00:00,Delhi,Pepper Barbecue,Non-Veg,M,2,509,41,UPI,1,1018
4699,7/14/2024,18:00:00,Hyderabad,Pepper Barbecue,Veg,M,2,228,31,UPI,2,456
4700,7/14/2024,19:00:00,Mumbai,Pepper Barbecue,Non-Veg,M,3,593,27,Card,2,1779
4701,7/14/2024,20:00:00,Pune,Pepper Barbecue,Veg,L,1,226,37,UPI,1,226
4702,7/14/2024,21:00:00,Chennai,Margherita,Non-Veg,M,1,212,47,UPI,4,212
4703,7/14/2024,22:00:00,Delhi,Chicken Dominator,Veg,M,3,241,37,Card,4,723
4704,7/14/2024,23:00:00,Chennai,Peppy Paneer,Veg,L,3,423,50,UPI,5,1269
4705,7/15/2024,0:00:00,Chennai,Peppy Paneer,Non-Veg,M,2,220,36,Card,2,440
4706,7/15/2024,1:00:00,Mumbai,Pepper Barbecue,Non-Veg,S,4,586,42,UPI,5,2344
4707,7/15/2024,2:00:00,Delhi,Veg Extravaganza,Veg,S,4,335,30,Cash,1,1340
4708,7/15/2024,3:00:00,Delhi,Farmhouse,Veg,L,4,525,34,UPI,5,2100
4709,7/15/2024,4:00:00,Bangalore,Margherita,Veg,L,4,420,49,UPI,2,1680
4710,7/15/2024,5:00:00,Chennai,Veg Extravaganza,Veg,S,1,344,50,Card,4,344
4711,7/15/2024,6:00:00,Delhi,Veg Extravaganza,Veg,M,1,209,25,UPI,4,209
4712,7/15/2024,7:00:00,Bangalore,Pepper Barbecue,Non-Veg,L,3,424,31,Cash,1,1272
4713,7/15/2024,8:00:00,Hyderabad,Margherita,Non-Veg,L,3,340,42,Card,3,1020
4714,7/15/2024,9:00:00,Bangalore,Peppy Paneer,Veg,M,4,305,58,Cash,5,1220
4715,7/15/2024,10:00:00,Pune,Farmhouse,Veg,L,3,467,59,UPI,1,1401
4716,7/15/2024,11:00:00,Mumbai,Peppy Paneer,Veg,M,1,393,55,Cash,4,393
4717,7/15/2024,12:00:00,Hyderabad,Veg Extravaganza,Veg,S,4,327,54,Card,2,1308
4718,7/15/2024,13:00:00,Hyderabad,Farmhouse,Veg,S,4,412,22,UPI,2,1648
4719,7/15/2024,14:00:00,Pune,Chicken Dominator,Veg,M,1,350,47,UPI,3,350
4720,7/15/2024,15:00:00,Bangalore,Veg Extravaganza,Veg,M,2,583,34,Card,3,1166
4721,7/15/2024,16:00:00,Mumbai,Peppy Paneer,Veg,L,4,379,32,Cash,4,1516
4722,7/15/2024,17:00:00,Bangalore,Peppy Paneer,Veg,S,3,516,38,UPI,3,1548
4723,7/15/2024,18:00:00,Delhi,Pepper Barbecue,Veg,M,2,225,59,Cash,3,450
4724,7/15/2024,19:00:00,Bangalore,Peppy Paneer,Veg,S,1,214,37,Cash,2,214
4725,7/15/2024,20:00:00,Hyderabad,Margherita,Non-Veg,L,2,221,50,UPI,5,442
4726,7/15/2024,21:00:00,Mumbai,Veg Extravaganza,Non-Veg,L,2,544,56,Card,2,1088
4727,7/15/2024,22:00:00,Bangalore,Farmhouse,Non-Veg,S,4,264,40,UPI,2,1056
4728,7/15/2024,23:00:00,Mumbai,Peppy Paneer,Veg,M,2,450,58,Cash,4,900
4729,7/16/2024,0:00:00,Mumbai,Pepper Barbecue,Veg,S,3,220,24,Card,4,660
4730,7/16/2024,1:00:00,Delhi,Pepper Barbecue,Veg,M,4,432,36,UPI,5,1728
4731,7/16/2024,2:00:00,Delhi,Peppy Paneer,Veg,S,1,215,38,Cash,1,215
4732,7/16/2024,3:00:00,Hyderabad,Margherita,Non-Veg,M,3,471,23,UPI,3,1413
4733,7/16/2024,4:00:00,Pune,Pepper Barbecue,Veg,L,4,404,45,Cash,3,1616
4734,7/16/2024,5:00:00,Mumbai,Farmhouse,Veg,M,2,497,43,UPI,2,994
4735,7/16/2024,6:00:00,Pune,Veg Extravaganza,Veg,S,3,359,58,Cash,2,1077
4736,7/16/2024,7:00:00,Hyderabad,Chicken Dominator,Veg,M,4,240,57,Card,5,960
4737,7/16/2024,8:00:00,Mumbai,Margherita,Non-Veg,M,4,307,38,Card,3,1228
4738,7/16/2024,9:00:00,Mumbai,Pepper Barbecue,Veg,M,1,324,49,UPI,2,324
4739,7/16/2024,10:00:00,Chennai,Veg Extravaganza,Non-Veg,S,4,351,45,Cash,2,1404
4740,7/16/2024,11:00:00,Pune,Chicken Dominator,Veg,L,1,212,30,UPI,4,212
4741,7/16/2024,12:00:00,Bangalore,Peppy Paneer,Non-Veg,M,2,402,58,UPI,1,804
4742,7/16/2024,13:00:00,Delhi,Peppy Paneer,Veg,S,4,278,22,UPI,5,1112
4743,7/16/2024,14:00:00,Bangalore,Farmhouse,Non-Veg,S,4,593,41,Cash,1,2372
4744,7/16/2024,15:00:00,Pune,Chicken Dominator,Veg,L,2,241,36,Card,1,482
4745,7/16/2024,16:00:00,Delhi,Peppy Paneer,Non-Veg,S,4,368,30,Card,5,1472
4746,7/16/2024,17:00:00,Bangalore,Peppy Paneer,Veg,L,4,448,58,Cash,3,1792
4747,7/16/2024,18:00:00,Chennai,Pepper Barbecue,Veg,M,3,320,46,Cash,2,960
4748,7/16/2024,19:00:00,Delhi,Farmhouse,Non-Veg,M,1,586,48,UPI,5,586
4749,7/16/2024,20:00:00,Mumbai,Veg Extravaganza,Non-Veg,L,4,471,31,Card,2,1884
4750,7/16/2024,21:00:00,Bangalore,Peppy Paneer,Veg,S,4,499,32,UPI,4,1996
4751,7/16/2024,22:00:00,Delhi,Margherita,Non-Veg,M,1,408,30,Cash,1,408
4752,7/16/2024,23:00:00,Chennai,Margherita,Veg,M,3,357,50,Cash,4,1071
4753,7/17/2024,0:00:00,Delhi,Veg Extravaganza,Non-Veg,L,1,320,30,Cash,1,320
4754,7/17/2024,1:00:00,Delhi,Chicken Dominator,Non-Veg,M,4,426,55,Card,3,1704
4755,7/17/2024,2:00:00,Chennai,Farmhouse,Veg,M,2,223,21,Card,5,446
4756,7/17/2024,3:00:00,Bangalore,Pepper Barbecue,Non-Veg,S,2,429,42,UPI,3,858
4757,7/17/2024,4:00:00,Hyderabad,Margherita,Non-Veg,M,3,225,55,UPI,1,675
4758,7/17/2024,5:00:00,Bangalore,Margherita,Veg,S,3,257,33,UPI,4,771
4759,7/17/2024,6:00:00,Pune,Veg Extravaganza,Non-Veg,S,4,464,56,Wallet,1,1856
4760,7/17/2024,7:00:00,Chennai,Chicken Dominator,Veg,S,3,325,46,Card,3,975
4761,7/17/2024,8:00:00,Bangalore,Chicken Dominator,Non-Veg,M,4,474,31,Wallet,3,1896
4762,7/17/2024,9:00:00,Delhi,Veg Extravaganza,Non-Veg,M,2,227,48,Cash,4,454
4763,7/17/2024,10:00:00,Chennai,Margherita,Veg,M,3,590,25,Cash,4,1770
4764,7/17/2024,11:00:00,Mumbai,Farmhouse,Non-Veg,M,4,500,42,Card,3,2000
4765,7/17/2024,12:00:00,Bangalore,Margherita,Veg,L,1,327,29,UPI,1,327
4766,7/17/2024,13:00:00,Chennai,Chicken Dominator,Veg,L,3,293,53,UPI,1,879
4767,7/17/2024,14:00:00,Bangalore,Pepper Barbecue,Veg,M,4,390,31,Card,5,1560
4768,7/17/2024,15:00:00,Chennai,Margherita,Veg,L,4,471,51,UPI,3,1884
4769,7/17/2024,16:00:00,Delhi,Farmhouse,Non-Veg,L,1,204,45,UPI,5,204
4770,7/17/2024,17:00:00,Mumbai,Peppy Paneer,Veg,M,2,356,26,Card,3,712
4771,7/17/2024,18:00:00,Mumbai,Margherita,Veg,M,1,251,51,Cash,5,251
4772,7/17/2024,19:00:00,Pune,Veg Extravaganza,Non-Veg,S,4,442,52,Cash,2,1768
4773,7/17/2024,20:00:00,Chennai,Peppy Paneer,Veg,L,1,350,37,UPI,1,350
4774,7/17/2024,21:00:00,Bangalore,Veg Extravaganza,Veg,S,1,461,54,Wallet,1,461
4775,7/17/2024,22:00:00,Mumbai,Veg Extravaganza,Veg,S,4,504,39,Card,2,2016
4776,7/17/2024,23:00:00,Mumbai,Veg Extravaganza,Non-Veg,M,2,279,50,Card,4,558
4777,7/18/2024,0:00:00,Hyderabad,Margherita,Veg,L,1,382,24,UPI,2,382
4778,7/18/2024,1:00:00,Hyderabad,Chicken Dominator,Veg,M,1,553,51,Card,1,553
4779,7/18/2024,2:00:00,Mumbai,Peppy Paneer,Veg,L,3,306,38,Card,3,918
4780,7/18/2024,3:00:00,Chennai,Farmhouse,Non-Veg,L,3,353,20,Card,5,1059
4781,7/18/2024,4:00:00,Pune,Chicken Dominator,Veg,M,4,492,26,UPI,1,1968
4782,7/18/2024,5:00:00,Mumbai,Margherita,Non-Veg,M,4,404,41,Cash,2,1616
4783,7/18/2024,6:00:00,Delhi,Veg Extravaganza,Non-Veg,M,4,315,53,Wallet,3,1260
4784,7/18/2024,7:00:00,Bangalore,Farmhouse,Non-Veg,L,3,216,29,Cash,1,648
4785,7/18/2024,8:00:00,Pune,Peppy Paneer,Veg,L,4,487,45,UPI,2,1948
4786,7/18/2024,9:00:00,Delhi,Chicken Dominator,Veg,L,1,355,51,UPI,1,355
4787,7/18/2024,10:00:00,Pune,Pepper Barbecue,Non-Veg,S,1,224,46,UPI,2,224
4788,7/18/2024,11:00:00,Delhi,Chicken Dominator,Veg,M,2,477,31,Card,2,954
4789,7/18/2024,12:00:00,Bangalore,Farmhouse,Veg,S,4,516,59,Cash,1,2064
4790,7/18/2024,13:00:00,Bangalore,Margherita,Veg,M,1,325,42,UPI,3,325
4791,7/18/2024,14:00:00,Hyderabad,Peppy Paneer,Non-Veg,L,1,499,33,Wallet,1,499
4792,7/18/2024,15:00:00,Chennai,Farmhouse,Non-Veg,M,2,557,53,Card,1,1114
4793,7/18/2024,16:00:00,Delhi,Veg Extravaganza,Veg,S,1,475,36,UPI,3,475
4794,7/18/2024,17:00:00,Hyderabad,Peppy Paneer,Non-Veg,S,2,564,25,UPI,1,1128
4795,7/18/2024,18:00:00,Delhi,Chicken Dominator,Veg,M,2,377,46,UPI,5,754
4796,7/18/2024,19:00:00,Hyderabad,Farmhouse,Non-Veg,S,3,543,27,Card,5,1629
4797,7/18/2024,20:00:00,Bangalore,Chicken Dominator,Veg,M,1,246,52,UPI,5,246
4798,7/18/2024,21:00:00,Pune,Chicken Dominator,Non-Veg,L,3,399,54,Card,2,1197
4799,7/18/2024,22:00:00,Hyderabad,Chicken Dominator,Veg,M,1,250,36,Card,4,250
4800,7/18/2024,23:00:00,Delhi,Margherita,Veg,M,3,494,45,Card,1,1482
4801,7/19/2024,0:00:00,Delhi,Chicken Dominator,Veg,M,2,469,26,UPI,4,938
4802,7/19/2024,1:00:00,Chennai,Veg Extravaganza,Veg,L,2,396,43,Card,5,792
4803,7/19/2024,2:00:00,Bangalore,Veg Extravaganza,Non-Veg,S,2,220,44,UPI,3,440
4804,7/19/2024,3:00:00,Delhi,Peppy Paneer,Veg,L,2,342,54,Wallet,5,684
4805,7/19/2024,4:00:00,Mumbai,Pepper Barbecue,Veg,M,1,447,45,Card,1,447
4806,7/19/2024,5:00:00,Pune,Chicken Dominator,Veg,S,4,555,24,UPI,4,2220
4807,7/19/2024,6:00:00,Hyderabad,Chicken Dominator,Veg,S,1,552,57,Card,4,552
4808,7/19/2024,7:00:00,Chennai,Farmhouse,Veg,S,3,200,54,Cash,2,600
4809,7/19/2024,8:00:00,Pune,Margherita,Veg,L,1,564,49,UPI,3,564
4810,7/19/2024,9:00:00,Bangalore,Pepper Barbecue,Veg,M,1,537,44,UPI,5,537
4811,7/19/2024,10:00:00,Chennai,Peppy Paneer,Veg,M,3,593,43,Card,3,1779
4812,7/19/2024,11:00:00,Hyderabad,Pepper Barbecue,Veg,M,2,473,49,UPI,1,946
4813,7/19/2024,12:00:00,Hyderabad,Chicken Dominator,Non-Veg,L,3,440,39,UPI,2,1320
4814,7/19/2024,13:00:00,Mumbai,Farmhouse,Non-Veg,L,3,257,22,Card,5,771
4815,7/19/2024,14:00:00,Bangalore,Margherita,Veg,M,4,325,51,Card,1,1300
4816,7/19/2024,15:00:00,Chennai,Peppy Paneer,Non-Veg,M,4,528,27,Cash,3,2112
4817,7/19/2024,16:00:00,Chennai,Pepper Barbecue,Non-Veg,L,2,565,42,UPI,2,1130
4818,7/19/2024,17:00:00,Delhi,Peppy Paneer,Veg,L,3,251,35,UPI,5,753
4819,7/19/2024,18:00:00,Mumbai,Chicken Dominator,Non-Veg,M,3,422,54,Card,3,1266
4820,7/19/2024,19:00:00,Mumbai,Peppy Paneer,Veg,S,3,501,44,Cash,5,1503
4821,7/19/2024,20:00:00,Chennai,Farmhouse,Non-Veg,L,1,562,34,Card,2,562
4822,7/19/2024,21:00:00,Chennai,Peppy Paneer,Veg,S,4,468,27,UPI,2,1872
4823,7/19/2024,22:00:00,Pune,Veg Extravaganza,Veg,S,4,295,53,UPI,3,1180
4824,7/19/2024,23:00:00,Pune,Farmhouse,Veg,L,2,472,44,Cash,5,944
4825,7/20/2024,0:00:00,Pune,Pepper Barbecue,Non-Veg,M,4,522,38,Card,4,2088
4826,7/20/2024,1:00:00,Mumbai,Margherita,Non-Veg,L,4,260,32,UPI,1,1040
4827,7/20/2024,2:00:00,Delhi,Margherita,Veg,M,2,520,31,UPI,2,1040
4828,7/20/2024,3:00:00,Hyderabad,Chicken Dominator,Veg,L,3,380,34,Cash,5,1140
4829,7/20/2024,4:00:00,Pune,Chicken Dominator,Veg,M,1,332,42,Wallet,3,332
4830,7/20/2024,5:00:00,Delhi,Veg Extravaganza,Veg,L,2,288,59,UPI,3,576
4831,7/20/2024,6:00:00,Bangalore,Pepper Barbecue,Veg,M,4,372,21,UPI,2,1488
4832,7/20/2024,7:00:00,Pune,Margherita,Veg,S,2,511,59,UPI,2,1022
4833,7/20/2024,8:00:00,Hyderabad,Margherita,Non-Veg,M,4,204,42,UPI,4,816
4834,7/20/2024,9:00:00,Bangalore,Margherita,Non-Veg,L,3,556,24,UPI,3,1668
4835,7/20/2024,10:00:00,Bangalore,Margherita,Veg,S,3,542,53,UPI,5,1626
4836,7/20/2024,11:00:00,Hyderabad,Peppy Paneer,Veg,M,3,403,29,Card,1,1209
4837,7/20/2024,12:00:00,Pune,Pepper Barbecue,Non-Veg,S,4,361,46,Card,1,1444
4838,7/20/2024,13:00:00,Mumbai,Farmhouse,Non-Veg,S,2,260,23,Cash,4,520
4839,7/20/2024,14:00:00,Hyderabad,Farmhouse,Non-Veg,M,4,389,23,Card,5,1556
4840,7/20/2024,15:00:00,Hyderabad,Veg Extravaganza,Non-Veg,L,3,524,27,UPI,1,1572
4841,7/20/2024,16:00:00,Hyderabad,Peppy Paneer,Non-Veg,M,3,262,25,UPI,1,786
4842,7/20/2024,17:00:00,Bangalore,Margherita,Veg,M,3,243,44,Cash,5,729
4843,7/20/2024,18:00:00,Delhi,Margherita,Veg,L,4,438,46,Cash,5,1752
4844,7/20/2024,19:00:00,Mumbai,Chicken Dominator,Non-Veg,M,1,227,59,Card,2,227
4845,7/20/2024,20:00:00,Pune,Chicken Dominator,Veg,M,3,397,39,UPI,1,1191
4846,7/20/2024,21:00:00,Pune,Veg Extravaganza,Veg,S,2,468,46,Cash,1,936
4847,7/20/2024,22:00:00,Delhi,Margherita,Veg,M,3,370,26,UPI,4,1110
4848,7/20/2024,23:00:00,Hyderabad,Veg Extravaganza,Non-Veg,M,4,229,42,UPI,2,916
4849,7/21/2024,0:00:00,Mumbai,Peppy Paneer,Non-Veg,M,2,353,39,Wallet,2,706
4850,7/21/2024,1:00:00,Pune,Farmhouse,Veg,L,4,408,53,Cash,1,1632
4851,7/21/2024,2:00:00,Chennai,Margherita,Veg,M,1,262,48,Card,3,262
4852,7/21/2024,3:00:00,Pune,Pepper Barbecue,Non-Veg,S,1,528,24,UPI,3,528
4853,7/21/2024,4:00:00,Hyderabad,Peppy Paneer,Veg,L,4,256,46,Card,5,1024
4854,7/21/2024,5:00:00,Chennai,Margherita,Veg,M,3,519,31,Card,2,1557
4855,7/21/2024,6:00:00,Delhi,Pepper Barbecue,Non-Veg,L,2,407,36,Cash,1,814
4856,7/21/2024,7:00:00,Mumbai,Chicken Dominator,Veg,M,3,507,56,Card,1,1521
4857,7/21/2024,8:00:00,Delhi,Veg Extravaganza,Veg,S,4,262,53,Wallet,1,1048
4858,7/21/2024,9:00:00,Delhi,Chicken Dominator,Non-Veg,M,4,447,49,UPI,4,1788
4859,7/21/2024,10:00:00,Mumbai,Farmhouse,Veg,M,3,340,55,UPI,3,1020
4860,7/21/2024,11:00:00,Mumbai,Chicken Dominator,Non-Veg,S,2,292,25,UPI,4,584
4861,7/21/2024,12:00:00,Pune,Margherita,Veg,M,2,306,51,Card,1,612
4862,7/21/2024,13:00:00,Pune,Pepper Barbecue,Veg,M,2,564,51,Card,1,1128
4863,7/21/2024,14:00:00,Mumbai,Chicken Dominator,Veg,M,2,287,28,Card,2,574
4864,7/21/2024,15:00:00,Chennai,Margherita,Veg,S,2,500,41,UPI,2,1000
4865,7/21/2024,16:00:00,Bangalore,Farmhouse,Non-Veg,M,1,307,29,Cash,3,307
4866,7/21/2024,17:00:00,Pune,Pepper Barbecue,Non-Veg,S,1,245,48,UPI,5,245
4867,7/21/2024,18:00:00,Bangalore,Chicken Dominator,Non-Veg,M,4,276,30,UPI,1,1104
4868,7/21/2024,19:00:00,Chennai,Veg Extravaganza,Veg,S,1,416,47,Card,2,416
4869,7/21/2024,20:00:00,Mumbai,Veg Extravaganza,Non-Veg,S,2,368,21,UPI,3,736
4870,7/21/2024,21:00:00,Chennai,Pepper Barbecue,Veg,M,2,501,40,Card,4,1002
4871,7/21/2024,22:00:00,Pune,Veg Extravaganza,Non-Veg,S,2,328,50,UPI,1,656
4872,7/21/2024,23:00:00,Delhi,Chicken Dominator,Non-Veg,M,4,400,36,UPI,5,1600
4873,7/22/2024,0:00:00,Mumbai,Chicken Dominator,Veg,L,4,395,46,UPI,3,1580
4874,7/22/2024,1:00:00,Hyderabad,Pepper Barbecue,Veg,M,3,547,49,UPI,5,1641
4875,7/22/2024,2:00:00,Bangalore,Chicken Dominator,Veg,M,1,467,27,UPI,1,467
4876,7/22/2024,3:00:00,Chennai,Margherita,Veg,L,1,287,56,UPI,3,287
4877,7/22/2024,4:00:00,Mumbai,Farmhouse,Non-Veg,L,3,452,24,Card,2,1356
4878,7/22/2024,5:00:00,Chennai,Veg Extravaganza,Veg,L,3,437,45,UPI,5,1311
4879,7/22/2024,6:00:00,Mumbai,Margherita,Veg,S,1,272,25,Card,4,272
4880,7/22/2024,7:00:00,Pune,Pepper Barbecue,Veg,M,2,557,35,Card,4,1114
4881,7/22/2024,8:00:00,Pune,Veg Extravaganza,Non-Veg,L,1,554,20,Cash,5,554
4882,7/22/2024,9:00:00,Pune,Margherita,Veg,L,2,360,28,Cash,1,720
4883,7/22/2024,10:00:00,Chennai,Chicken Dominator,Veg,M,4,257,40,UPI,1,1028
4884,7/22/2024,11:00:00,Hyderabad,Pepper Barbecue,Veg,S,1,583,26,UPI,1,583
4885,7/22/2024,12:00:00,Pune,Pepper Barbecue,Non-Veg,L,1,572,34,Card,4,572
4886,7/22/2024,13:00:00,Mumbai,Veg Extravaganza,Veg,M,4,490,43,Cash,4,1960
4887,7/22/2024,14:00:00,Pune,Chicken Dominator,Non-Veg,M,4,539,24,UPI,2,2156
4888,7/22/2024,15:00:00,Delhi,Veg Extravaganza,Veg,M,4,265,57,Card,1,1060
4889,7/22/2024,16:00:00,Pune,Peppy Paneer,Veg,M,4,225,48,Cash,4,900
4890,7/22/2024,17:00:00,Chennai,Margherita,Veg,S,4,497,30,Cash,4,1988
4891,7/22/2024,18:00:00,Hyderabad,Peppy Paneer,Veg,M,3,276,23,Card,1,828
4892,7/22/2024,19:00:00,Delhi,Margherita,Veg,L,3,485,29,UPI,1,1455
4893,7/22/2024,20:00:00,Chennai,Farmhouse,Veg,M,4,571,53,UPI,4,2284
4894,7/22/2024,21:00:00,Chennai,Pepper Barbecue,Non-Veg,M,4,235,23,UPI,5,940
4895,7/22/2024,22:00:00,Chennai,Veg Extravaganza,Veg,L,4,218,29,UPI,4,872
4896,7/22/2024,23:00:00,Mumbai,Farmhouse,Veg,M,4,477,52,Wallet,2,1908
4897,7/23/2024,0:00:00,Chennai,Farmhouse,Non-Veg,M,2,520,37,UPI,3,1040
4898,7/23/2024,1:00:00,Mumbai,Pepper Barbecue,Veg,M,2,512,31,UPI,1,1024
4899,7/23/2024,2:00:00,Chennai,Pepper Barbecue,Non-Veg,S,4,466,42,UPI,2,1864
4900,7/23/2024,3:00:00,Bangalore,Margherita,Non-Veg,S,4,481,44,Card,5,1924
4901,7/23/2024,4:00:00,Delhi,Peppy Paneer,Veg,M,1,218,56,Card,3,218
4902,7/23/2024,5:00:00,Bangalore,Chicken Dominator,Non-Veg,L,4,538,23,Card,4,2152
4903,7/23/2024,6:00:00,Chennai,Margherita,Veg,L,4,339,32,Cash,1,1356
4904,7/23/2024,7:00:00,Delhi,Chicken Dominator,Veg,S,3,266,37,Card,4,798
4905,7/23/2024,8:00:00,Delhi,Farmhouse,Veg,M,2,511,48,UPI,2,1022
4906,7/23/2024,9:00:00,Hyderabad,Chicken Dominator,Veg,S,4,217,49,Cash,1,868
4907,7/23/2024,10:00:00,Bangalore,Peppy Paneer,Veg,M,2,568,57,Cash,4,1136
4908,7/23/2024,11:00:00,Hyderabad,Margherita,Veg,S,2,460,47,UPI,1,920
4909,7/23/2024,12:00:00,Delhi,Pepper Barbecue,Veg,L,1,311,26,UPI,2,311
4910,7/23/2024,13:00:00,Mumbai,Peppy Paneer,Veg,S,2,314,43,Cash,4,628
4911,7/23/2024,14:00:00,Delhi,Peppy Paneer,Veg,S,2,365,29,UPI,3,730
4912,7/23/2024,15:00:00,Hyderabad,Margherita,Veg,M,4,266,56,Card,5,1064
4913,7/23/2024,16:00:00,Bangalore,Pepper Barbecue,Veg,S,3,454,46,Cash,4,1362
4914,7/23/2024,17:00:00,Chennai,Peppy Paneer,Veg,L,4,269,40,UPI,1,1076
4915,7/23/2024,18:00:00,Chennai,Pepper Barbecue,Veg,L,4,507,55,Card,4,2028
4916,7/23/2024,19:00:00,Bangalore,Veg Extravaganza,Veg,S,3,402,48,UPI,1,1206
4917,7/23/2024,20:00:00,Chennai,Veg Extravaganza,Non-Veg,M,3,326,26,UPI,2,978
4918,7/23/2024,21:00:00,Chennai,Veg Extravaganza,Non-Veg,L,1,520,32,Card,5,520
4919,7/23/2024,22:00:00,Hyderabad,Chicken Dominator,Veg,L,3,279,42,UPI,1,837
4920,7/23/2024,23:00:00,Bangalore,Peppy Paneer,Non-Veg,L,4,375,44,Card,4,1500
4921,7/24/2024,0:00:00,Pune,Margherita,Veg,S,3,312,32,UPI,2,936
4922,7/24/2024,1:00:00,Mumbai,Margherita,Veg,S,3,310,56,UPI,3,930
4923,7/24/2024,2:00:00,Mumbai,Chicken Dominator,Non-Veg,S,3,508,49,UPI,4,1524
4924,7/24/2024,3:00:00,Chennai,Margherita,Veg,M,2,336,45,Cash,5,672
4925,7/24/2024,4:00:00,Mumbai,Veg Extravaganza,Non-Veg,L,1,332,31,UPI,2,332
4926,7/24/2024,5:00:00,Bangalore,Peppy Paneer,Veg,S,2,571,20,UPI,4,1142
4927,7/24/2024,6:00:00,Bangalore,Margherita,Veg,M,2,527,37,Card,1,1054
4928,7/24/2024,7:00:00,Delhi,Margherita,Veg,S,1,388,40,Card,1,388
4929,7/24/2024,8:00:00,Delhi,Farmhouse,Veg,L,2,476,43,UPI,1,952
4930,7/24/2024,9:00:00,Mumbai,Farmhouse,Veg,S,3,424,36,Cash,4,1272
4931,7/24/2024,10:00:00,Pune,Farmhouse,Veg,S,1,302,28,Wallet,5,302
4932,7/24/2024,11:00:00,Delhi,Peppy Paneer,Non-Veg,M,2,306,59,UPI,1,612
4933,7/24/2024,12:00:00,Delhi,Veg Extravaganza,Veg,S,4,262,47,UPI,4,1048
4934,7/24/2024,13:00:00,Bangalore,Pepper Barbecue,Veg,M,2,444,34,Cash,4,888
4935,7/24/2024,14:00:00,Pune,Veg Extravaganza,Veg,M,4,372,32,UPI,5,1488
4936,7/24/2024,15:00:00,Chennai,Veg Extravaganza,Non-Veg,L,3,532,47,Cash,2,1596
4937,7/24/2024,16:00:00,Mumbai,Peppy Paneer,Veg,M,4,530,36,UPI,2,2120
4938,7/24/2024,17:00:00,Delhi,Peppy Paneer,Veg,M,2,409,28,Card,4,818
4939,7/24/2024,18:00:00,Pune,Farmhouse,Non-Veg,L,2,390,40,Wallet,2,780
4940,7/24/2024,19:00:00,Pune,Margherita,Veg,L,2,357,49,UPI,3,714
4941,7/24/2024,20:00:00,Mumbai,Chicken Dominator,Veg,M,1,518,30,UPI,5,518
4942,7/24/2024,21:00:00,Pune,Chicken Dominator,Non-Veg,M,1,424,49,Card,4,424
4943,7/24/2024,22:00:00,Pune,Pepper Barbecue,Non-Veg,M,2,371,55,Wallet,2,742
4944,7/24/2024,23:00:00,Pune,Margherita,Veg,M,2,522,44,UPI,2,1044
4945,7/25/2024,0:00:00,Delhi,Pepper Barbecue,Veg,L,3,235,26,Wallet,5,705
4946,7/25/2024,1:00:00,Mumbai,Farmhouse,Non-Veg,L,1,333,39,Card,1,333
4947,7/25/2024,2:00:00,Pune,Pepper Barbecue,Veg,S,1,236,54,Wallet,2,236
4948,7/25/2024,3:00:00,Pune,Margherita,Non-Veg,S,1,292,29,Card,5,292
4949,7/25/2024,4:00:00,Delhi,Margherita,Veg,S,4,274,54,Card,1,1096
4950,7/25/2024,5:00:00,Mumbai,Chicken Dominator,Veg,S,2,443,20,Cash,4,886
4951,7/25/2024,6:00:00,Bangalore,Farmhouse,Veg,S,3,382,33,UPI,1,1146
4952,7/25/2024,7:00:00,Delhi,Peppy Paneer,Non-Veg,M,3,404,24,Wallet,2,1212
4953,7/25/2024,8:00:00,Mumbai,Pepper Barbecue,Non-Veg,S,2,386,59,UPI,4,772
4954,7/25/2024,9:00:00,Pune,Chicken Dominator,Non-Veg,M,2,365,57,UPI,4,730
4955,7/25/2024,10:00:00,Mumbai,Pepper Barbecue,Non-Veg,S,3,314,53,Card,1,942
4956,7/25/2024,11:00:00,Mumbai,Pepper Barbecue,Veg,S,4,406,43,UPI,4,1624
4957,7/25/2024,12:00:00,Chennai,Peppy Paneer,Veg,M,3,444,23,Cash,1,1332
4958,7/25/2024,13:00:00,Mumbai,Farmhouse,Non-Veg,L,4,532,46,Cash,1,2128
4959,7/25/2024,14:00:00,Bangalore,Margherita,Non-Veg,M,4,360,24,UPI,1,1440
4960,7/25/2024,15:00:00,Mumbai,Veg Extravaganza,Non-Veg,M,1,212,32,UPI,5,212
4961,7/25/2024,16:00:00,Bangalore,Pepper Barbecue,Non-Veg,M,2,493,59,Card,2,986
4962,7/25/2024,17:00:00,Pune,Veg Extravaganza,Veg,S,1,435,40,Cash,4,435
4963,7/25/2024,18:00:00,Bangalore,Farmhouse,Veg,M,4,472,56,Cash,3,1888
4964,7/25/2024,19:00:00,Pune,Veg Extravaganza,Non-Veg,S,3,578,51,UPI,2,1734
4965,7/25/2024,20:00:00,Pune,Pepper Barbecue,Veg,M,1,313,57,Wallet,3,313
4966,7/25/2024,21:00:00,Bangalore,Peppy Paneer,Veg,M,3,351,50,UPI,1,1053
4967,7/25/2024,22:00:00,Delhi,Veg Extravaganza,Non-Veg,M,4,225,51,UPI,4,900
4968,7/25/2024,23:00:00,Hyderabad,Farmhouse,Veg,S,3,367,34,UPI,2,1101
4969,7/26/2024,0:00:00,Mumbai,Farmhouse,Non-Veg,L,1,231,49,UPI,3,231
4970,7/26/2024,1:00:00,Chennai,Peppy Paneer,Veg,S,4,420,26,Card,3,1680
4971,7/26/2024,2:00:00,Hyderabad,Veg Extravaganza,Non-Veg,S,2,405,57,Card,3,810
4972,7/26/2024,3:00:00,Mumbai,Veg Extravaganza,Non-Veg,M,1,541,50,Cash,2,541
4973,7/26/2024,4:00:00,Mumbai,Margherita,Veg,M,1,297,45,Card,5,297
4974,7/26/2024,5:00:00,Pune,Chicken Dominator,Veg,S,2,290,55,UPI,1,580
4975,7/26/2024,6:00:00,Mumbai,Farmhouse,Veg,M,4,576,45,Card,4,2304
4976,7/26/2024,7:00:00,Chennai,Margherita,Veg,L,2,413,21,UPI,3,826
4977,7/26/2024,8:00:00,Mumbai,Farmhouse,Veg,S,1,387,28,Card,2,387
4978,7/26/2024,9:00:00,Bangalore,Margherita,Veg,M,4,256,24,UPI,3,1024
4979,7/26/2024,10:00:00,Hyderabad,Chicken Dominator,Veg,S,3,306,46,UPI,2,918
4980,7/26/2024,11:00:00,Bangalore,Margherita,Veg,M,1,394,31,UPI,5,394
4981,7/26/2024,12:00:00,Chennai,Farmhouse,Veg,S,3,221,54,Cash,3,663
4982,7/26/2024,13:00:00,Mumbai,Veg Extravaganza,Non-Veg,L,2,385,48,Card,3,770
4983,7/26/2024,14:00:00,Chennai,Farmhouse,Veg,M,4,567,35,Wallet,4,2268
4984,7/26/2024,15:00:00,Pune,Pepper Barbecue,Non-Veg,L,2,284,38,UPI,2,568
4985,7/26/2024,16:00:00,Bangalore,Peppy Paneer,Non-Veg,S,3,279,46,Wallet,2,837
4986,7/26/2024,17:00:00,Bangalore,Peppy Paneer,Non-Veg,L,1,528,37,UPI,5,528
4987,7/26/2024,18:00:00,Delhi,Pepper Barbecue,Non-Veg,L,4,276,32,Cash,3,1104
4988,7/26/2024,19:00:00,Mumbai,Peppy Paneer,Veg,L,2,529,49,UPI,4,1058
4989,7/26/2024,20:00:00,Pune,Peppy Paneer,Non-Veg,L,3,582,45,UPI,1,1746
4990,7/26/2024,21:00:00,Bangalore,Chicken Dominator,Veg,S,3,576,25,Cash,4,1728
4991,7/26/2024,22:00:00,Bangalore,Veg Extravaganza,Non-Veg,M,1,540,22,Cash,4,540
4992,7/26/2024,23:00:00,Pune,Veg Extravaganza,Non-Veg,M,3,376,42,Cash,4,1128
4993,7/27/2024,0:00:00,Chennai,Farmhouse,Veg,M,4,373,31,UPI,4,1492
4994,7/27/2024,1:00:00,Chennai,Pepper Barbecue,Veg,L,3,281,34,Card,3,843
4995,7/27/2024,2:00:00,Mumbai,Margherita,Veg,S,1,220,20,UPI,4,220
4996,7/27/2024,3:00:00,Delhi,Farmhouse,Non-Veg,S,2,378,27,UPI,2,756
4997,7/27/2024,4:00:00,Bangalore,Farmhouse,Veg,S,4,597,50,Cash,2,2388
4998,7/27/2024,5:00:00,Delhi,Farmhouse,Veg,L,2,529,30,Card,4,1058
4999,7/27/2024,6:00:00,Chennai,Farmhouse,Veg,L,2,424,36,Wallet,2,848
5000,7/27/2024,7:00:00,Chennai,Veg Extravaganza,Veg,M,3,464,46,UPI,3,1392
